Datetime,Actual,Predicted,Positive_Deviation,Consecutive_Anomaly,Leakage_Risk,Risk_Score
2020-03-15 18:00:00,2516,2636.525,0.0,0,Normal,0.0
2020-03-15 19:00:00,2755,2640.565,4.333731606682659,0,Normal,12.71
2020-03-15 20:00:00,2474,2535.22,0.0,0,Normal,0.0
2020-03-15 21:00:00,1759,1821.91,0.0,0,Normal,0.0
2020-03-15 22:00:00,1515,1587.615,0.0,0,Normal,0.0
2020-03-15 23:00:00,1412,1473.11,0.0,0,Normal,0.0
2020-03-16 00:00:00,1509,1231.1,22.57330842336123,1,High,71.2
2020-03-16 01:00:00,1136,1028.39,10.463929054152597,0,Normal,30.68
2020-03-16 02:00:00,591,789.46,0.0,1,Normal,5.0
2020-03-16 03:00:00,735,590.05,24.56571476993476,2,High,82.04
2020-03-16 04:00:00,1210,829.475,45.87540311642906,3,Critical,95.0
2020-03-16 05:00:00,1261,1385.58,0.0,0,Normal,0.0
2020-03-16 06:00:00,1896,2203.965,0.0,0,Normal,0.0
2020-03-16 07:00:00,3157,3334.115,0.0,0,Normal,0.0
2020-03-16 08:00:00,3584,3365.045,6.5067480524034575,0,Normal,19.08
2020-03-16 09:00:00,3456,3481.145,0.0,0,Normal,0.0
2020-03-16 10:00:00,3261,3211.685,1.535486823894624,0,Normal,4.5
2020-03-16 11:00:00,3103,3003.575,3.3102219854673245,0,Normal,9.71
2020-03-16 12:00:00,3124,3016.005,3.5807301380468495,0,Normal,10.5
2020-03-16 13:00:00,3024,2972.72,1.7250195107511035,0,Normal,5.06
2020-03-16 14:00:00,2882,2857.905,0.843100103047505,0,Normal,2.47
2020-03-16 15:00:00,2563,2660.43,0.0,0,Normal,0.0
2020-03-16 16:00:00,2488,2475.74,0.49520547391891795,0,Normal,1.45
2020-03-16 17:00:00,2649,2423.435,9.307656281270182,0,Normal,27.29
2020-03-16 18:00:00,2755,2777.85,0.0,0,Normal,0.0
2020-03-16 19:00:00,2924,2928.86,0.0,0,Normal,0.0
2020-03-16 20:00:00,2734,2715.555,0.6792349998435002,0,Normal,1.99
2020-03-16 21:00:00,2185,2150.225,1.6172726110058293,0,Normal,4.74
2020-03-16 22:00:00,1859,1929.515,0.0,0,Normal,0.0
2020-03-16 23:00:00,1459,1542.625,0.0,0,Normal,0.0
2020-03-17 00:00:00,1377,1310.105,5.106079283721533,0,Normal,14.97
2020-03-17 01:00:00,1229,1154.78,6.427198254212926,0,Normal,18.85
2020-03-17 02:00:00,720,857.47,0.0,0,Normal,0.0
2020-03-17 03:00:00,662,657.645,0.6622113754381191,0,Normal,1.94
2020-03-17 04:00:00,1112,1033.585,7.586700658388033,0,Normal,22.25
2020-03-17 05:00:00,1099,1297.09,0.0,0,Normal,0.0
2020-03-17 06:00:00,1580,2026.475,0.0,0,Normal,0.0
2020-03-17 07:00:00,3075,3057.855,0.5606871483441818,0,Normal,1.64
2020-03-17 08:00:00,3496,3281.6,6.533398342272065,0,Normal,19.16
2020-03-17 09:00:00,3706,3405.295,8.830512481297506,0,Normal,25.9
2020-03-17 10:00:00,3721,3300.06,12.755525657109267,0,Warning,37.4
2020-03-17 11:00:00,3445,3365.73,2.355209716762782,0,Normal,6.91
2020-03-17 12:00:00,3471,3119.175,11.27942484791651,0,Warning,33.08
2020-03-17 13:00:00,3442,3188.4,7.953832643332076,0,Normal,23.32
2020-03-17 14:00:00,3024,2914.15,3.769538287322201,0,Normal,11.05
2020-03-17 15:00:00,2380,2713.94,0.0,0,Normal,0.0
2020-03-17 16:00:00,2405,2343.285,2.6336958585916843,0,Normal,7.72
2020-03-17 17:00:00,2667,2476.76,7.6810026001711815,0,Normal,22.52
2020-03-17 18:00:00,2892,2845.015,1.6514851415546186,0,Normal,4.84
2020-03-17 19:00:00,2922,3032.26,0.0,0,Normal,0.0
2020-03-17 20:00:00,2534,2725.2,0.0,0,Normal,0.0
2020-03-17 21:00:00,1988,2177.425,0.0,0,Normal,0.0
2020-03-17 22:00:00,1693,1887.68,0.0,0,Normal,0.0
2020-03-17 23:00:00,1617,1721.63,0.0,0,Normal,0.0
2020-03-18 00:00:00,1182,1413.015,0.0,0,Normal,0.0
2020-03-18 01:00:00,1247,1132.235,10.136146648001528,0,Normal,29.72
2020-03-18 02:00:00,969,739.54,31.027395407956305,1,High,85.0
2020-03-18 03:00:00,508,700.7,0.0,2,Normal,10.0
2020-03-18 04:00:00,976,956.695,2.017884487741647,0,Normal,5.92
2020-03-18 05:00:00,1396,1165.54,19.77280916999846,0,Warning,57.98
2020-03-18 06:00:00,1724,2033.155,0.0,0,Normal,0.0
2020-03-18 07:00:00,2761,3003.14,0.0,0,Normal,0.0
2020-03-18 08:00:00,3424,3439.005,0.0,0,Normal,0.0
2020-03-18 09:00:00,3697,3430.405,7.771531349796884,0,Normal,22.79
2020-03-18 10:00:00,3492,3298.09,5.879463568307712,0,Normal,17.24
2020-03-18 11:00:00,2801,3178.31,0.0,0,Normal,0.0
2020-03-18 12:00:00,3814,2831.34,34.70653471501126,1,High,85.0
2020-03-18 13:00:00,3127,3574.235,0.0,0,Normal,0.0
2020-03-18 14:00:00,2911,2962.29,0.0,0,Normal,0.0
2020-03-18 15:00:00,2691,2591.98,3.8202455265858526,0,Normal,11.2
2020-03-18 16:00:00,2674,2638.035,1.36332535390926,0,Normal,4.0
2020-03-18 17:00:00,2735,2751.51,0.0,0,Normal,0.0
2020-03-18 18:00:00,2865,2896.475,0.0,0,Normal,0.0
2020-03-18 19:00:00,3012,3002.315,0.32258440570026614,0,Normal,0.95
2020-03-18 20:00:00,2650,2763.295,0.0,0,Normal,0.0
2020-03-18 21:00:00,1945,2187.725,0.0,0,Normal,0.0
2020-03-18 22:00:00,1843,1779.395,3.5745295451543937,0,Normal,10.48
2020-03-18 23:00:00,1264,1626.7,0.0,0,Normal,0.0
2020-03-19 00:00:00,1261,1181.495,6.729186327491873,0,Normal,19.73
2020-03-19 01:00:00,1309,1130.375,15.802278005086807,0,Warning,46.34
2020-03-19 02:00:00,893,894.185,0.0,0,Normal,0.0
2020-03-19 03:00:00,425,691.93,0.0,1,Normal,5.0
2020-03-19 04:00:00,934,911.68,2.448227448227454,0,Normal,7.18
2020-03-19 05:00:00,1254,1362.96,0.0,0,Normal,0.0
2020-03-19 06:00:00,1585,2001.645,0.0,0,Normal,0.0
2020-03-19 07:00:00,2709,2632.065,2.922990123724146,0,Normal,8.57
2020-03-19 08:00:00,3334,3392.885,0.0,0,Normal,0.0
2020-03-19 09:00:00,3244,3390.88,0.0,0,Normal,0.0
2020-03-19 10:00:00,3349,3068.675,9.135050143791695,0,Normal,26.79
2020-03-19 11:00:00,3544,2970.1,19.322581731254843,0,Warning,56.66
2020-03-19 12:00:00,3052,3233.435,0.0,0,Normal,0.0
2020-03-19 13:00:00,3112,2911.625,6.881895848538187,0,Normal,20.18
2020-03-19 14:00:00,2942,2839.935,3.5939202833867694,0,Normal,10.54
2020-03-19 15:00:00,2728,2688.66,1.4631824031301894,0,Normal,4.29
2020-03-19 16:00:00,2546,2598.535,0.0,0,Normal,0.0
2020-03-19 17:00:00,2834,2626.2,7.912573299824849,0,Normal,23.2
2020-03-19 18:00:00,2987,2965.495,0.7251740434564924,0,Normal,2.13
2020-03-19 19:00:00,3120,3072.735,1.5382061909015867,0,Normal,4.51
2020-03-19 20:00:00,2692,2872.425,0.0,0,Normal,0.0
2020-03-19 21:00:00,1964,2168.655,0.0,0,Normal,0.0
2020-03-19 22:00:00,1760,1874.255,0.0,0,Normal,0.0
2020-03-19 23:00:00,1583,1529.17,3.5202103101682565,0,Normal,10.32
2020-03-20 00:00:00,1253,1223.235,2.4333018594137763,0,Normal,7.14
2020-03-20 01:00:00,1175,1140.495,3.025440707762867,0,Normal,8.87
2020-03-20 02:00:00,714,692.92,3.042198233562322,0,Normal,8.92
2020-03-20 03:00:00,389,560.82,0.0,1,Normal,5.0
2020-03-20 04:00:00,872,752.095,15.942799779283199,0,Warning,46.75
2020-03-20 05:00:00,638,1183.4,0.0,1,Normal,5.0
2020-03-20 06:00:00,2007,1649.19,21.696105360813487,0,High,63.62
2020-03-20 07:00:00,2687,3028.535,0.0,0,Normal,0.0
2020-03-20 08:00:00,3299,3382.805,0.0,0,Normal,0.0
2020-03-20 09:00:00,3497,3314.185,5.516137451590664,0,Normal,16.18
2020-03-20 10:00:00,3482,3265.225,6.63889931015474,0,Normal,19.47
2020-03-20 11:00:00,3278,3294.37,0.0,0,Normal,0.0
2020-03-20 12:00:00,3132,3090.63,1.33856204074897,0,Normal,3.93
2020-03-20 13:00:00,2995,2940.405,1.856717016873519,0,Normal,5.44
2020-03-20 14:00:00,2812,2834.645,0.0,0,Normal,0.0
2020-03-20 15:00:00,2872,2660.39,7.954096955709507,0,Normal,23.32
2020-03-20 16:00:00,2313,2625.6,0.0,0,Normal,0.0
2020-03-20 17:00:00,2701,2522.2,7.089049242724613,0,Normal,20.79
2020-03-20 18:00:00,2955,2695.32,9.634477538845102,0,Normal,28.25
2020-03-20 19:00:00,2708,2896.73,0.0,0,Normal,0.0
2020-03-20 20:00:00,2389,2534.49,0.0,0,Normal,0.0
2020-03-20 21:00:00,1818,1972.895,0.0,0,Normal,0.0
2020-03-20 22:00:00,1555,1626.16,0.0,0,Normal,0.0
2020-03-20 23:00:00,1523,1525.07,0.0,0,Normal,0.0
2020-03-21 00:00:00,1495,1405.13,6.395849494352827,0,Normal,18.76
2020-03-21 01:00:00,973,1296.96,0.0,1,Normal,5.0
2020-03-21 02:00:00,494,773.085,0.0,2,Normal,10.0
2020-03-21 03:00:00,893,524.145,70.37270221026624,3,Critical,95.0
2020-03-21 04:00:00,885,791.445,11.820783503591525,0,Warning,34.66
2020-03-21 05:00:00,662,711.415,0.0,0,Normal,0.0
2020-03-21 06:00:00,550,716.045,0.0,1,Normal,5.0
2020-03-21 07:00:00,1669,1459.29,14.37068711496687,0,Warning,42.14
2020-03-21 08:00:00,2827,2950.19,0.0,0,Normal,0.0
2020-03-21 09:00:00,3726,3744.45,0.0,0,Normal,0.0
2020-03-21 10:00:00,3881,3867.13,0.3586639187200816,0,Normal,1.05
2020-03-21 11:00:00,3864,3742.375,3.2499415478138878,0,Normal,9.53
2020-03-21 12:00:00,3711,3624.095,2.397977977950363,0,Normal,7.03
2020-03-21 13:00:00,3442,3439.49,0.07297593538577575,0,Normal,0.21
2020-03-21 14:00:00,3403,3035.36,12.111907648516151,0,Warning,35.52
2020-03-21 15:00:00,2915,2959.98,0.0,0,Normal,0.0
2020-03-21 16:00:00,2817,2651.665,6.235139054141456,0,Normal,18.28
2020-03-21 17:00:00,2744,2796.125,0.0,0,Normal,0.0
2020-03-21 18:00:00,2884,2809.445,2.6537269816636324,0,Normal,7.78
2020-03-21 19:00:00,2937,2687.58,9.280467930256963,0,Normal,27.21
2020-03-21 20:00:00,2260,2458.115,0.0,0,Normal,0.0
2020-03-21 21:00:00,1592,1729.895,0.0,0,Normal,0.0
2020-03-21 22:00:00,1363,1514.285,0.0,0,Normal,0.0
2020-03-21 23:00:00,1461,1521.76,0.0,0,Normal,0.0
2020-03-22 00:00:00,1559,1344.495,15.95431742029536,0,Warning,46.79
2020-03-22 01:00:00,1154,1035.415,11.452895698826078,0,Warning,33.59
2020-03-22 02:00:00,495,713.565,0.0,1,Normal,5.0
2020-03-22 03:00:00,602,684.42,0.0,0,Normal,0.0
2020-03-22 04:00:00,284,800.24,0.0,1,Normal,5.0
2020-03-22 05:00:00,512,481.74,6.281396603977248,0,Normal,18.42
2020-03-22 06:00:00,582,431.57,34.856454341126586,1,High,85.0
2020-03-22 07:00:00,1156,1391.855,0.0,0,Normal,0.0
2020-03-22 08:00:00,2817,2317.12,21.573332412650192,0,High,63.26
2020-03-22 09:00:00,3301,3738.915,0.0,0,Normal,0.0
2020-03-22 10:00:00,3888,3739.395,3.9740385811073717,0,Normal,11.65
2020-03-22 11:00:00,3827,3824.72,0.05961220690665461,0,Normal,0.17
2020-03-22 12:00:00,3571,3631.825,0.0,0,Normal,0.0
2020-03-22 13:00:00,3323,3483.47,0.0,0,Normal,0.0
2020-03-22 14:00:00,2997,3058.99,0.0,0,Normal,0.0
2020-03-22 15:00:00,2669,2692.745,0.0,0,Normal,0.0
2020-03-22 16:00:00,2435,2470.305,0.0,0,Normal,0.0
2020-03-22 17:00:00,2512,2524.1,0.0,0,Normal,0.0
2020-03-22 18:00:00,2609,2659.425,0.0,0,Normal,0.0
2020-03-22 19:00:00,2823,2729.165,3.4382311073167084,0,Normal,10.08
2020-03-22 20:00:00,2479,2542.01,0.0,0,Normal,0.0
2020-03-22 21:00:00,1553,1842.92,0.0,0,Normal,0.0
2020-03-22 22:00:00,1450,1491.23,0.0,0,Normal,0.0
2020-03-22 23:00:00,1176,1492.08,0.0,0,Normal,0.0
2020-03-23 00:00:00,1086,1249.055,0.0,0,Normal,0.0
2020-03-23 01:00:00,730,929.95,0.0,0,Normal,0.0
2020-03-23 02:00:00,183,593.175,0.0,1,Normal,5.0
2020-03-23 03:00:00,214,641.125,0.0,2,Normal,10.0
2020-03-23 04:00:00,501,792.77,0.0,3,Normal,15.0
2020-03-23 05:00:00,1122,1148.805,0.0,0,Normal,0.0
2020-03-23 06:00:00,1758,1929.09,0.0,0,Normal,0.0
2020-03-23 07:00:00,2872,2876.93,0.0,0,Normal,0.0
2020-03-23 08:00:00,3273,3359.345,0.0,0,Normal,0.0
2020-03-23 09:00:00,3541,3407.96,3.903801687813236,0,Normal,11.45
2020-03-23 10:00:00,3514,3348.87,4.930916995882197,0,Normal,14.46
2020-03-23 11:00:00,3323,3316.655,0.19130720560322975,0,Normal,0.56
2020-03-23 12:00:00,3305,3171.41,4.212321964047542,0,Normal,12.35
2020-03-23 13:00:00,3048,3112.87,0.0,0,Normal,0.0
2020-03-23 14:00:00,2985,2937.355,1.6220375133410834,0,Normal,4.76
2020-03-23 15:00:00,2936,2727.095,7.660349199422837,0,Normal,22.46
2020-03-23 16:00:00,2693,2570.465,4.767036314441155,0,Normal,13.98
2020-03-23 17:00:00,2847,2727.685,4.374222096759708,0,Normal,12.83
2020-03-23 18:00:00,2965,2863.665,3.538647153211009,0,Normal,10.38
2020-03-23 19:00:00,3164,2988.6,5.868968747908723,0,Normal,17.21
2020-03-23 20:00:00,2445,2770.645,0.0,0,Normal,0.0
2020-03-23 21:00:00,1752,1976.84,0.0,0,Normal,0.0
2020-03-23 22:00:00,1567,1694.77,0.0,0,Normal,0.0
2020-03-23 23:00:00,1328,1522.99,0.0,0,Normal,0.0
2020-03-24 00:00:00,1374,1095.115,25.466275231368396,1,High,79.68
2020-03-24 01:00:00,1256,869.55,44.442527744235534,2,High,90.0
2020-03-24 02:00:00,551,633.415,0.0,0,Normal,0.0
2020-03-24 03:00:00,632,645.03,0.0,0,Normal,0.0
2020-03-24 04:00:00,1282,752.835,70.28963849980407,1,High,85.0
2020-03-24 05:00:00,1046,1314.88,0.0,0,Normal,0.0
2020-03-24 06:00:00,1329,1639.64,0.0,0,Normal,0.0
2020-03-24 07:00:00,2597,2507.155,3.583543897365731,0,Normal,10.51
2020-03-24 08:00:00,3303,3348.835,0.0,0,Normal,0.0
2020-03-24 09:00:00,3612,3405.52,6.063097559256737,0,Normal,17.78
2020-03-24 10:00:00,3630,3483.935,4.192529424343452,0,Normal,12.29
2020-03-24 11:00:00,3504,3326.46,5.337205317364404,0,Normal,15.65
2020-03-24 12:00:00,3590,3310.965,8.427603432836042,0,Normal,24.71
2020-03-24 13:00:00,3334,3318.07,0.4800983704382317,0,Normal,1.41
2020-03-24 14:00:00,3032,3068.87,0.0,0,Normal,0.0
2020-03-24 15:00:00,2979,2803.875,6.245820516249833,0,Normal,18.32
2020-03-24 16:00:00,2777,2693.995,3.0811118803115862,0,Normal,9.04
2020-03-24 17:00:00,2761,2882.125,0.0,0,Normal,0.0
2020-03-24 18:00:00,3051,2954.78,3.2564184135536243,0,Normal,9.55
2020-03-24 19:00:00,2981,3108.995,0.0,0,Normal,0.0
2020-03-24 20:00:00,2640,2667.985,0.0,0,Normal,0.0
2020-03-24 21:00:00,1844,2068.34,0.0,0,Normal,0.0
2020-03-24 22:00:00,1497,1647.855,0.0,0,Normal,0.0
2020-03-24 23:00:00,1159,1495.08,0.0,1,Normal,5.0
2020-03-25 00:00:00,1495,1217.465,22.796137876653546,2,High,76.85
2020-03-25 01:00:00,1072,1239.925,0.0,0,Normal,0.0
2020-03-25 02:00:00,513,757.855,0.0,1,Normal,5.0
2020-03-25 03:00:00,682,687.245,0.0,0,Normal,0.0
2020-03-25 04:00:00,1183,1117.58,5.853719644231292,0,Normal,17.17
2020-03-25 05:00:00,1067,1343.85,0.0,0,Normal,0.0
2020-03-25 06:00:00,1421,1551.63,0.0,0,Normal,0.0
2020-03-25 07:00:00,2363,2521.035,0.0,0,Normal,0.0
2020-03-25 08:00:00,3360,3312.945,1.4203374942837819,0,Normal,4.17
2020-03-25 09:00:00,3650,3409.13,7.0654389829663256,0,Normal,20.72
2020-03-25 10:00:00,3634,3471.34,4.685798567700076,0,Normal,13.74
2020-03-25 11:00:00,3452,3197.43,7.96170674573017,0,Normal,23.35
2020-03-25 12:00:00,3443,3322.46,3.6280346490251185,0,Normal,10.64
2020-03-25 13:00:00,3362,3276.915,2.596497010145214,0,Normal,7.61
2020-03-25 14:00:00,3126,3084.21,1.3549661015300503,0,Normal,3.97
2020-03-25 15:00:00,2928,2826.77,3.581119086448491,0,Normal,10.5
2020-03-25 16:00:00,2809,2763.35,1.6519803861255393,0,Normal,4.84
2020-03-25 17:00:00,2839,2907.65,0.0,0,Normal,0.0
2020-03-25 18:00:00,3041,3000.325,1.355686467299382,0,Normal,3.98
2020-03-25 19:00:00,3077,3048.42,0.9375348541211489,0,Normal,2.75
2020-03-25 20:00:00,2805,2737.085,2.4812894009502795,0,Normal,7.28
2020-03-25 21:00:00,1802,2129.015,0.0,0,Normal,0.0
2020-03-25 22:00:00,1645,1666.39,0.0,0,Normal,0.0
2020-03-25 23:00:00,1343,1544.695,0.0,0,Normal,0.0
2020-03-26 00:00:00,1243,1355.465,0.0,0,Normal,0.0
2020-03-26 01:00:00,1132,1008.01,12.300473209591175,0,Warning,36.07
2020-03-26 02:00:00,600,721.225,0.0,0,Normal,0.0
2020-03-26 03:00:00,631,723.82,0.0,0,Normal,0.0
2020-03-26 04:00:00,853,975.11,0.0,0,Normal,0.0
2020-03-26 05:00:00,1039,1154.005,0.0,0,Normal,0.0
2020-03-26 06:00:00,1423,1520.46,0.0,0,Normal,0.0
2020-03-26 07:00:00,2302,2535.49,0.0,0,Normal,0.0
2020-03-26 08:00:00,3592,3339.65,7.556181036935006,0,Normal,22.16
2020-03-26 09:00:00,3775,3492.155,8.099440030582828,0,Normal,23.75
2020-03-26 10:00:00,3833,3564.79,7.523865360932904,0,Normal,22.06
2020-03-26 11:00:00,3546,3622.21,0.0,0,Normal,0.0
2020-03-26 12:00:00,3385,3276.895,3.29900713938042,0,Normal,9.67
2020-03-26 13:00:00,3234,3186.62,1.4868418575167452,0,Normal,4.36
2020-03-26 14:00:00,3100,3010.5,2.9729280850357083,0,Normal,8.72
2020-03-26 15:00:00,2904,2834.815,2.440547266752855,0,Normal,7.16
2020-03-26 16:00:00,2847,2718.815,4.7147378545432455,0,Normal,13.83
2020-03-26 17:00:00,2920,2958.415,0.0,0,Normal,0.0
2020-03-26 18:00:00,3083,2995.03,2.9371992934962186,0,Normal,8.61
2020-03-26 19:00:00,3082,3069.66,0.40199891844699887,0,Normal,1.18
2020-03-26 20:00:00,2580,2843.55,0.0,0,Normal,0.0
2020-03-26 21:00:00,2103,2044.755,2.848507522906162,0,Normal,8.35
2020-03-26 22:00:00,1388,1841.73,0.0,1,Normal,5.0
2020-03-26 23:00:00,1543,1484.875,3.9144709150601904,0,Normal,11.48
2020-03-27 00:00:00,1161,1208.49,0.0,0,Normal,0.0
2020-03-27 01:00:00,1148,1097.34,4.616618368053665,0,Normal,13.54
2020-03-27 02:00:00,829,825.83,0.38385624159935566,0,Normal,1.13
2020-03-27 03:00:00,234,743.08,0.0,1,Normal,5.0
2020-03-27 04:00:00,887,812.73,9.13833622482251,0,Normal,26.8
2020-03-27 05:00:00,1226,1034.495,18.51193094215053,0,Warning,54.29
2020-03-27 06:00:00,1385,1818.025,0.0,1,Normal,5.0
2020-03-27 07:00:00,2634,2418.83,8.895623090502436,0,Normal,26.09
2020-03-27 08:00:00,3529,3489.745,1.1248672897303418,0,Normal,3.3
2020-03-27 09:00:00,3724,3485.21,6.8515240114655915,0,Normal,20.09
2020-03-27 10:00:00,3634,3595.045,1.0835747535844453,0,Normal,3.18
2020-03-27 11:00:00,3579,3448.1,3.7962936109741623,0,Normal,11.13
2020-03-27 12:00:00,3660,3351.165,9.215750343537248,0,Normal,27.02
2020-03-27 13:00:00,3275,3342.965,0.0,0,Normal,0.0
2020-03-27 14:00:00,3110,3035.85,2.442479042113414,0,Normal,7.16
2020-03-27 15:00:00,2993,2881.27,3.877803885092338,0,Normal,11.37
2020-03-27 16:00:00,2920,2750.5,6.162515906198873,0,Normal,18.07
2020-03-27 17:00:00,3008,2938.6,2.3616688218879767,0,Normal,6.93
2020-03-27 18:00:00,3167,2965.125,6.808313308882425,0,Normal,19.97
2020-03-27 19:00:00,3098,2974.0,4.169468728984533,0,Normal,12.23
2020-03-27 20:00:00,2522,2703.415,0.0,0,Normal,0.0
2020-03-27 21:00:00,1944,2015.47,0.0,0,Normal,0.0
2020-03-27 22:00:00,1834,1588.235,15.474095458165833,0,Warning,45.38
2020-03-27 23:00:00,1570,1575.445,0.0,0,Normal,0.0
2020-03-28 00:00:00,1569,1358.83,15.466982624758069,0,Warning,45.36
2020-03-28 01:00:00,1288,1184.805,8.709872088655933,0,Normal,25.54
2020-03-28 02:00:00,638,745.88,0.0,0,Normal,0.0
2020-03-28 03:00:00,909,546.27,66.40123016090944,1,High,85.0
2020-03-28 04:00:00,978,837.245,16.811685946168684,0,Warning,49.3
2020-03-28 05:00:00,784,896.655,0.0,0,Normal,0.0
2020-03-28 06:00:00,720,838.245,0.0,0,Normal,0.0
2020-03-28 07:00:00,1380,1546.88,0.0,0,Normal,0.0
2020-03-28 08:00:00,2711,2853.37,0.0,0,Normal,0.0
2020-03-28 09:00:00,3766,3720.785,1.2152005557966974,0,Normal,3.56
2020-03-28 10:00:00,4161,3906.375,6.518191417874627,0,Normal,19.11
2020-03-28 11:00:00,4064,3887.55,4.53884837494051,0,Normal,13.31
2020-03-28 12:00:00,3902,3783.385,3.1351554229876095,0,Normal,9.19
2020-03-28 13:00:00,3712,3614.83,2.688093216001861,0,Normal,7.88
2020-03-28 14:00:00,3379,3367.605,0.33837103817104386,0,Normal,0.99
2020-03-28 15:00:00,3110,3020.99,2.9463851254059175,0,Normal,8.64
2020-03-28 16:00:00,2981,2816.6,5.836824540225807,0,Normal,17.12
2020-03-28 17:00:00,3163,2955.575,7.01809292608038,0,Normal,20.58
2020-03-28 18:00:00,3356,3098.28,8.318163626270053,0,Normal,24.39
2020-03-28 19:00:00,3248,3152.84,3.018231182045389,0,Normal,8.85
2020-03-28 20:00:00,2689,2718.44,0.0,0,Normal,0.0
2020-03-28 21:00:00,2153,2014.115,6.895584413005215,0,Normal,20.22
2020-03-28 22:00:00,1685,1659.735,1.5222309585566431,0,Normal,4.46
2020-03-28 23:00:00,1554,1582.465,0.0,0,Normal,0.0
2020-03-29 00:00:00,1771,1373.305,28.95897124091152,1,High,85.0
2020-03-29 01:00:00,1347,1228.31,9.662870122363252,0,Normal,28.34
2020-03-29 03:00:00,661,769.535,0.0,0,Normal,0.0
2020-03-29 04:00:00,970,771.51,25.727469507848248,1,High,80.44
2020-03-29 05:00:00,692,758.165,0.0,0,Normal,0.0
2020-03-29 06:00:00,636,646.255,0.0,0,Normal,0.0
2020-03-29 07:00:00,393,622.485,0.0,1,Normal,5.0
2020-03-29 08:00:00,1267,1298.135,0.0,0,Normal,0.0
2020-03-29 09:00:00,2066,2288.71,0.0,0,Normal,0.0
2020-03-29 10:00:00,3137,3025.87,3.672662738319892,0,Normal,10.77
2020-03-29 11:00:00,3471,3218.845,7.833710539028757,0,Normal,22.97
2020-03-29 12:00:00,3584,3502.065,2.3396196244215894,0,Normal,6.86
2020-03-29 13:00:00,3460,3543.635,0.0,0,Normal,0.0
2020-03-29 14:00:00,3047,3308.175,0.0,0,Normal,0.0
2020-03-29 15:00:00,2783,2841.1,0.0,0,Normal,0.0
2020-03-29 16:00:00,2672,2558.33,4.443132824928766,0,Normal,13.03
2020-03-29 17:00:00,2723,2686.185,1.3705310691557007,0,Normal,4.02
2020-03-29 18:00:00,2616,2665.76,0.0,0,Normal,0.0
2020-03-29 19:00:00,2637,2642.53,0.0,0,Normal,0.0
2020-03-29 20:00:00,2737,2435.01,12.40200245584206,0,Warning,36.37
2020-03-29 21:00:00,2096,2366.625,0.0,0,Normal,0.0
2020-03-29 22:00:00,1884,1760.92,6.989528201167568,0,Normal,20.5
2020-03-29 23:00:00,1396,1567.315,0.0,0,Normal,0.0
2020-03-30 00:00:00,1206,1114.485,8.211416035209098,0,Normal,24.08
2020-03-30 01:00:00,1010,1062.935,0.0,0,Normal,0.0
2020-03-30 02:00:00,633,843.855,0.0,1,Normal,5.0
2020-03-30 03:00:00,521,577.92,0.0,0,Normal,0.0
2020-03-30 04:00:00,945,582.845,62.13573076890081,1,High,85.0
2020-03-30 05:00:00,1334,878.13,51.91372575814515,2,High,90.0
2020-03-30 06:00:00,1195,1775.565,0.0,3,Normal,15.0
2020-03-30 07:00:00,2134,1876.445,13.725688735880883,0,Warning,40.25
2020-03-30 08:00:00,2964,3196.265,0.0,0,Normal,0.0
2020-03-30 09:00:00,3522,3339.48,5.46552157820978,0,Normal,16.03
2020-03-30 10:00:00,3535,3384.695,4.440725087489414,0,Normal,13.02
2020-03-30 11:00:00,3610,3415.42,5.697103138120639,0,Normal,16.71
2020-03-30 12:00:00,3596,3368.705,6.747251540280318,0,Normal,19.79
2020-03-30 13:00:00,3350,3308.855,1.2434815064425604,0,Normal,3.65
2020-03-30 14:00:00,3100,3070.705,0.9540154459643657,0,Normal,2.8
2020-03-30 15:00:00,2726,2793.395,0.0,0,Normal,0.0
2020-03-30 16:00:00,2694,2531.08,6.4367779761998865,0,Normal,18.88
2020-03-30 17:00:00,2762,2756.855,0.18662570211345833,0,Normal,0.55
2020-03-30 18:00:00,2880,2774.3,3.8099700825433374,0,Normal,11.17
2020-03-30 19:00:00,2776,2938.09,0.0,0,Normal,0.0
2020-03-30 20:00:00,2700,2645.865,2.046022756263083,0,Normal,6.0
2020-03-30 21:00:00,2229,2309.435,0.0,0,Normal,0.0
2020-03-30 22:00:00,1679,1980.055,0.0,0,Normal,0.0
2020-03-30 23:00:00,1838,1533.145,19.884290135636228,0,Warning,58.31
2020-03-31 00:00:00,1326,1282.365,3.402697359956018,0,Normal,9.98
2020-03-31 01:00:00,1332,956.725,39.22496015051347,1,High,85.0
2020-03-31 02:00:00,890,915.215,0.0,0,Normal,0.0
2020-03-31 03:00:00,472,792.13,0.0,1,Normal,5.0
2020-03-31 04:00:00,579,1005.38,0.0,2,Normal,10.0
2020-03-31 05:00:00,1093,1167.19,0.0,0,Normal,0.0
2020-03-31 06:00:00,1226,1210.935,1.244079987778044,0,Normal,3.65
2020-03-31 07:00:00,1917,2099.12,0.0,0,Normal,0.0
2020-03-31 08:00:00,2723,2817.405,0.0,0,Normal,0.0
2020-03-31 09:00:00,3553,3363.095,5.646733143131557,0,Normal,16.56
2020-03-31 10:00:00,3578,3447.2,3.7943838477605065,0,Normal,11.13
2020-03-31 11:00:00,3616,3496.0,3.4324942791762014,0,Normal,10.07
2020-03-31 12:00:00,3491,3411.5,2.3303532170599444,0,Normal,6.83
2020-03-31 13:00:00,3375,3294.74,2.436004054948197,0,Normal,7.14
2020-03-31 14:00:00,2982,3152.315,0.0,0,Normal,0.0
2020-03-31 15:00:00,2672,2886.945,0.0,0,Normal,0.0
2020-03-31 16:00:00,2670,2549.525,4.725390023631849,0,Normal,13.86
2020-03-31 17:00:00,2741,2739.275,0.06297286690821144,0,Normal,0.18
2020-03-31 18:00:00,2826,2774.58,1.8532534653893589,0,Normal,5.43
2020-03-31 19:00:00,2925,2905.76,0.6621331424480955,0,Normal,1.94
2020-03-31 20:00:00,2883,2747.37,4.936721300734889,0,Normal,14.48
2020-03-31 21:00:00,2235,2318.73,0.0,0,Normal,0.0
2020-03-31 22:00:00,1795,1959.75,0.0,0,Normal,0.0
2020-03-31 23:00:00,1748,1691.305,3.352145236961987,0,Normal,9.83
2020-04-01 00:00:00,1500,1418.7,5.73059843518714,0,Normal,16.8
2020-04-01 01:00:00,1482,1288.95,14.977307110438726,0,Warning,43.92
2020-04-01 02:00:00,1031,966.915,6.627780104766193,0,Normal,19.44
2020-04-01 03:00:00,455,696.585,0.0,1,Normal,5.0
2020-04-01 04:00:00,982,734.555,33.68638155073481,2,High,90.0
2020-04-01 05:00:00,1365,1190.265,14.680344293077582,0,Warning,43.05
2020-04-01 06:00:00,1468,1448.27,1.3623150379418214,0,Normal,3.99
2020-04-01 07:00:00,2158,1829.395,17.962495797791075,0,Warning,52.67
2020-04-01 08:00:00,2899,2533.89,14.409070638425508,0,Warning,42.25
2020-04-01 09:00:00,3465,3403.655,1.8023272041378986,0,Normal,5.29
2020-04-01 10:00:00,3484,3239.525,7.546631064739426,0,Normal,22.13
2020-04-01 11:00:00,3379,3457.215,0.0,0,Normal,0.0
2020-04-01 12:00:00,3425,3218.425,6.418512160451146,0,Normal,18.82
2020-04-01 13:00:00,3298,3303.575,0.0,0,Normal,0.0
2020-04-01 14:00:00,3307,3077.175,7.46870100010561,0,Normal,21.9
2020-04-01 15:00:00,3012,2972.55,1.3271433617600987,0,Normal,3.89
2020-04-01 16:00:00,2797,2896.71,0.0,0,Normal,0.0
2020-04-01 17:00:00,2908,2890.695,0.598644962543604,0,Normal,1.76
2020-04-01 18:00:00,3109,2997.48,3.720458518488863,0,Normal,10.91
2020-04-01 19:00:00,3000,3070.415,0.0,0,Normal,0.0
2020-04-01 20:00:00,2864,2914.61,0.0,0,Normal,0.0
2020-04-01 21:00:00,2169,2376.05,0.0,0,Normal,0.0
2020-04-01 22:00:00,1777,1915.17,0.0,0,Normal,0.0
2020-04-01 23:00:00,1520,1639.905,0.0,0,Normal,0.0
2020-04-02 00:00:00,1165,1321.55,0.0,0,Normal,0.0
2020-04-02 01:00:00,1418,1222.71,15.971898487785326,0,Warning,46.84
2020-04-02 02:00:00,1180,1022.925,15.35547571913875,0,Warning,45.03
2020-04-02 03:00:00,386,838.1,0.0,1,Normal,5.0
2020-04-02 04:00:00,785,882.8,0.0,0,Normal,0.0
2020-04-02 05:00:00,1386,1209.33,14.60891568058347,0,Warning,42.84
2020-04-02 06:00:00,1319,1700.42,0.0,1,Normal,5.0
2020-04-02 07:00:00,1763,2172.835,0.0,0,Normal,0.0
2020-04-02 08:00:00,3330,2587.45,28.698139094475266,1,High,85.0
2020-04-02 09:00:00,3170,3426.175,0.0,0,Normal,0.0
2020-04-02 10:00:00,2218,3094.515,0.0,1,Normal,5.0
2020-04-02 11:00:00,3300,2716.76,21.468219496753477,0,High,62.95
2020-04-02 12:00:00,3371,3165.445,6.493715733490863,0,Normal,19.04
2020-04-02 13:00:00,3314,3220.14,2.914780102728457,0,Normal,8.55
2020-04-02 14:00:00,3023,3104.4,0.0,0,Normal,0.0
2020-04-02 15:00:00,3380,2872.215,17.679212733030077,0,Warning,51.84
2020-04-02 16:00:00,2781,2936.785,0.0,0,Normal,0.0
2020-04-02 17:00:00,2927,2939.965,0.0,0,Normal,0.0
2020-04-02 18:00:00,2932,3096.835,0.0,0,Normal,0.0
2020-04-02 19:00:00,2961,3003.44,0.0,0,Normal,0.0
2020-04-02 20:00:00,2803,2846.235,0.0,0,Normal,0.0
2020-04-02 21:00:00,2040,2299.255,0.0,0,Normal,0.0
2020-04-02 22:00:00,1675,1921.865,0.0,0,Normal,0.0
2020-04-02 23:00:00,1598,1568.705,1.8674639272521012,0,Normal,5.48
2020-04-03 00:00:00,1226,1290.485,0.0,0,Normal,0.0
2020-04-03 01:00:00,1210,1090.835,10.924200268601572,0,Warning,32.03
2020-04-03 02:00:00,860,1073.055,0.0,0,Normal,0.0
2020-04-03 03:00:00,339,641.07,0.0,1,Normal,5.0
2020-04-03 04:00:00,843,634.64,32.83121139543679,2,High,90.0
2020-04-03 05:00:00,1120,1175.335,0.0,0,Normal,0.0
2020-04-03 06:00:00,1305,1341.725,0.0,0,Normal,0.0
2020-04-03 07:00:00,2060,1554.03,32.55857351531181,1,High,85.0
2020-04-03 08:00:00,2983,3147.435,0.0,0,Normal,0.0
2020-04-03 09:00:00,3380,3477.445,0.0,0,Normal,0.0
2020-04-03 10:00:00,3417,3174.74,7.630861109886171,0,Normal,22.38
2020-04-03 11:00:00,3433,3275.395,4.81178605939131,0,Normal,14.11
2020-04-03 12:00:00,3299,3345.575,0.0,0,Normal,0.0
2020-04-03 13:00:00,3302,3109.645,6.1857543224387355,0,Normal,18.14
2020-04-03 14:00:00,2949,3058.725,0.0,0,Normal,0.0
2020-04-03 15:00:00,2902,2885.265,0.5800160470528748,0,Normal,1.7
2020-04-03 16:00:00,2791,2796.27,0.0,0,Normal,0.0
2020-04-03 17:00:00,2812,2864.525,0.0,0,Normal,0.0
2020-04-03 18:00:00,2825,2859.02,0.0,0,Normal,0.0
2020-04-03 19:00:00,2829,2844.805,0.0,0,Normal,0.0
2020-04-03 20:00:00,2713,2694.085,0.7020936607419574,0,Normal,2.06
2020-04-03 21:00:00,2204,2277.255,0.0,0,Normal,0.0
2020-04-03 22:00:00,1683,1874.55,0.0,0,Normal,0.0
2020-04-03 23:00:00,1708,1696.345,0.6870654259599299,0,Normal,2.01
2020-04-04 00:00:00,1377,1401.82,0.0,0,Normal,0.0
2020-04-04 01:00:00,1361,1320.285,3.083803875678351,0,Normal,9.04
2020-04-04 02:00:00,1056,1166.2,0.0,0,Normal,0.0
2020-04-04 03:00:00,398,629.385,0.0,1,Normal,5.0
2020-04-04 04:00:00,768,737.11,4.190690670320574,0,Normal,12.29
2020-04-04 05:00:00,942,762.495,23.54179371668011,1,High,74.04
2020-04-04 06:00:00,713,826.05,0.0,0,Normal,0.0
2020-04-04 07:00:00,1206,1180.115,2.193430301284196,0,Normal,6.43
2020-04-04 08:00:00,2254,1989.975,13.267754620032921,0,Warning,38.91
2020-04-04 09:00:00,3437,3255.095,5.588316162815532,0,Normal,16.39
2020-04-04 10:00:00,4056,3702.255,9.554852380508633,0,Normal,28.02
2020-04-04 11:00:00,4177,3871.415,7.893367153870097,0,Normal,23.15
2020-04-04 12:00:00,3946,3875.19,1.8272652437686911,0,Normal,5.36
2020-04-04 13:00:00,3978,3765.615,5.640114562959841,0,Normal,16.54
2020-04-04 14:00:00,3462,3730.53,0.0,0,Normal,0.0
2020-04-04 15:00:00,3281,3137.12,4.5863722140052054,0,Normal,13.45
2020-04-04 16:00:00,3117,3006.845,3.6634745056695706,0,Normal,10.74
2020-04-04 17:00:00,3099,2935.245,5.578921010000873,0,Normal,16.36
2020-04-04 18:00:00,3161,3024.93,4.498285910748353,0,Normal,13.19
2020-04-04 19:00:00,3204,3119.12,2.721280361127501,0,Normal,7.98
2020-04-04 20:00:00,3032,3040.49,0.0,0,Normal,0.0
2020-04-04 21:00:00,2413,2552.045,0.0,0,Normal,0.0
2020-04-04 22:00:00,1769,1980.025,0.0,0,Normal,0.0
2020-04-04 23:00:00,1576,1723.95,0.0,0,Normal,0.0
2020-04-05 00:00:00,1590,1337.85,18.847404417535607,0,Warning,55.27
2020-04-05 01:00:00,1422,1455.565,0.0,0,Normal,0.0
2020-04-05 02:00:00,936,1255.415,0.0,1,Normal,5.0
2020-04-05 03:00:00,255,690.905,0.0,2,Normal,10.0
2020-04-05 04:00:00,700,838.805,0.0,0,Normal,0.0
2020-04-05 05:00:00,703,782.46,0.0,0,Normal,0.0
2020-04-05 06:00:00,702,717.87,0.0,0,Normal,0.0
2020-04-05 07:00:00,777,739.35,5.092310813552441,0,Normal,14.93
2020-04-05 08:00:00,1909,1490.045,28.116936065689284,1,High,85.0
2020-04-05 09:00:00,3397,2690.58,26.255305547502772,2,High,86.99
2020-04-05 10:00:00,4179,3277.975,27.487244411565072,3,Critical,95.0
2020-04-05 11:00:00,4401,4037.55,9.001746108407321,0,Normal,26.4
2020-04-05 12:00:00,4373,4120.87,6.118368208654972,0,Normal,17.94
2020-04-05 13:00:00,3970,4093.045,0.0,0,Normal,0.0
2020-04-05 14:00:00,3435,3718.16,0.0,0,Normal,0.0
2020-04-05 15:00:00,2892,3068.43,0.0,0,Normal,0.0
2020-04-05 16:00:00,2383,2654.98,0.0,0,Normal,0.0
2020-04-05 17:00:00,2777,2649.915,4.795814205361306,0,Normal,14.06
2020-04-05 18:00:00,3054,2858.955,6.822247989212844,0,Normal,20.01
2020-04-05 19:00:00,3337,2990.76,11.576990463962328,0,Warning,33.95
2020-04-05 20:00:00,3110,3068.825,1.3417187359983116,0,Normal,3.93
2020-04-05 21:00:00,2350,2459.295,0.0,0,Normal,0.0
2020-04-05 22:00:00,1850,1892.735,0.0,0,Normal,0.0
2020-04-05 23:00:00,1612,1548.09,4.128312953381269,0,Normal,12.11
2020-04-06 00:00:00,1328,1492.32,0.0,0,Normal,0.0
2020-04-06 01:00:00,1218,1124.105,8.352867392280968,0,Normal,24.49
2020-04-06 02:00:00,1000,928.24,7.730759286391449,0,Normal,22.67
2020-04-06 03:00:00,444,726.515,0.0,1,Normal,5.0
2020-04-06 04:00:00,1055,831.88,26.821176131172763,2,High,88.65
2020-04-06 05:00:00,1300,1359.89,0.0,0,Normal,0.0
2020-04-06 06:00:00,1399,1798.135,0.0,0,Normal,0.0
2020-04-06 07:00:00,2365,2163.815,9.297698740419118,0,Normal,27.27
2020-04-06 08:00:00,3198,3139.215,1.8726019084388885,0,Normal,5.49
2020-04-06 09:00:00,3749,3294.855,13.78345936315862,0,Warning,40.42
2020-04-06 10:00:00,4036,3561.89,13.31063003068596,0,Warning,39.03
2020-04-06 11:00:00,3991,4002.045,0.0,0,Normal,0.0
2020-04-06 12:00:00,3902,4045.465,0.0,0,Normal,0.0
2020-04-06 13:00:00,3677,3729.12,0.0,0,Normal,0.0
2020-04-06 14:00:00,3474,3387.375,2.5572899368980404,0,Normal,7.5
2020-04-06 15:00:00,3230,3118.32,3.5814156340593604,0,Normal,10.5
2020-04-06 16:00:00,3324,2865.025,16.019930018062666,0,Warning,46.98
2020-04-06 17:00:00,3235,3178.845,1.76652211730991,0,Normal,5.18
2020-04-06 18:00:00,3503,3337.905,4.946066469836613,0,Normal,14.5
2020-04-06 19:00:00,3543,3409.705,3.9092824745835806,0,Normal,11.46
2020-04-06 20:00:00,3396,3379.725,0.4815480549453015,0,Normal,1.41
2020-04-06 21:00:00,2714,2594.285,4.614566248503929,0,Normal,13.53
2020-04-06 22:00:00,2275,2040.74,11.479169320932602,0,Warning,33.66
2020-04-06 23:00:00,1726,1777.05,0.0,0,Normal,0.0
2020-04-07 00:00:00,1240,1402.43,0.0,0,Normal,0.0
2020-04-07 01:00:00,1245,1217.155,2.287711918367014,0,Normal,6.71
2020-04-07 02:00:00,1076,859.85,25.13810548351456,1,High,78.72
2020-04-07 03:00:00,395,808.365,0.0,2,Normal,10.0
2020-04-07 04:00:00,706,910.665,0.0,3,Normal,15.0
2020-04-07 05:00:00,1408,1248.475,12.777588658162967,0,Warning,37.47
2020-04-07 06:00:00,1565,1589.885,0.0,0,Normal,0.0
2020-04-07 07:00:00,2246,2397.115,0.0,0,Normal,0.0
2020-04-07 08:00:00,3167,3185.345,0.0,0,Normal,0.0
2020-04-07 09:00:00,3923,3192.1,22.897152344851353,1,High,72.14
2020-04-07 10:00:00,4069,3845.43,5.813914178648425,0,Normal,17.05
2020-04-07 11:00:00,4000,3930.14,1.7775448202863036,0,Normal,5.21
2020-04-07 12:00:00,3867,3819.595,1.24110016899698,0,Normal,3.64
2020-04-07 13:00:00,3734,3652.565,2.2295291117338074,0,Normal,6.54
2020-04-07 14:00:00,3385,3447.765,0.0,0,Normal,0.0
2020-04-07 15:00:00,3138,3161.57,0.0,0,Normal,0.0
2020-04-07 16:00:00,3104,2925.675,6.095174617823231,0,Normal,17.87
2020-04-07 17:00:00,3143,3084.925,1.8825417149525454,0,Normal,5.52
2020-04-07 18:00:00,3407,3152.365,8.07758619322319,0,Normal,23.69
2020-04-07 19:00:00,3682,3390.515,8.59707153633003,0,Normal,25.21
2020-04-07 20:00:00,3477,3475.095,0.054818645245675306,0,Normal,0.16
2020-04-07 21:00:00,2875,2939.44,0.0,0,Normal,0.0
2020-04-07 22:00:00,2138,2195.67,0.0,0,Normal,0.0
2020-04-07 23:00:00,1757,1738.35,1.072856444329398,0,Normal,3.15
2020-04-08 00:00:00,1258,1396.97,0.0,0,Normal,0.0
2020-04-08 01:00:00,1371,1230.595,11.409521410374653,0,Warning,33.46
2020-04-08 02:00:00,1149,1038.555,10.634487340583785,0,Normal,31.19
2020-04-08 03:00:00,561,756.68,0.0,1,Normal,5.0
2020-04-08 04:00:00,816,749.635,8.852975114555752,0,Normal,25.96
2020-04-08 05:00:00,1343,1404.35,0.0,0,Normal,0.0
2020-04-08 06:00:00,1567,1616.27,0.0,0,Normal,0.0
2020-04-08 07:00:00,2362,2389.62,0.0,0,Normal,0.0
2020-04-08 08:00:00,3418,3248.02,5.233342159223158,0,Normal,15.35
2020-04-08 09:00:00,3769,3367.825,11.91199067647518,0,Warning,34.93
2020-04-08 10:00:00,3894,3602.405,8.09445356643686,0,Normal,23.74
2020-04-08 11:00:00,6034,3696.185,63.24940445351085,1,High,85.0
2020-04-08 12:00:00,1751,4404.165,0.0,2,Normal,10.0
2020-04-08 13:00:00,3674,2459.895,49.35596844580765,3,Critical,95.0
2020-04-08 14:00:00,3497,3417.795,2.3174298048888224,0,Normal,6.8
2020-04-08 15:00:00,3365,3282.22,2.5220734746604494,0,Normal,7.4
2020-04-08 16:00:00,3155,3266.4,0.0,0,Normal,0.0
2020-04-08 17:00:00,3355,3255.8,3.0468702008722834,0,Normal,8.93
2020-04-08 18:00:00,3813,3393.885,12.349122023875287,0,Warning,36.21
2020-04-08 19:00:00,3840,3653.01,5.118792447871749,0,Normal,15.01
2020-04-08 20:00:00,3547,3506.11,1.1662497753920975,0,Normal,3.42
2020-04-08 21:00:00,2784,3035.53,0.0,0,Normal,0.0
2020-04-08 22:00:00,2266,2142.66,5.756396255122145,0,Normal,16.88
2020-04-08 23:00:00,1745,1742.24,0.1584167508494806,0,Normal,0.46
2020-04-09 00:00:00,1132,1292.32,0.0,0,Normal,0.0
2020-04-09 01:00:00,1274,1234.1,3.233125354509367,0,Normal,9.48
2020-04-09 02:00:00,1213,1153.2,5.185570586194932,0,Normal,15.21
2020-04-09 03:00:00,583,769.825,0.0,1,Normal,5.0
2020-04-09 04:00:00,721,835.41,0.0,0,Normal,0.0
2020-04-09 05:00:00,1256,1384.91,0.0,0,Normal,0.0
2020-04-09 06:00:00,1503,1614.18,0.0,0,Normal,0.0
2020-04-09 07:00:00,2287,2364.73,0.0,0,Normal,0.0
2020-04-09 08:00:00,3474,3352.43,3.626324785304993,0,Normal,10.63
2020-04-09 09:00:00,3790,3422.25,10.745854335597924,0,Normal,31.51
2020-04-09 10:00:00,3964,3517.1,12.706491143271448,0,Warning,37.26
2020-04-09 11:00:00,3953,4046.785,0.0,0,Normal,0.0
2020-04-09 12:00:00,3859,3813.39,1.196048660116068,0,Normal,3.51
2020-04-09 13:00:00,3700,3639.455,1.6635732547867765,0,Normal,4.88
2020-04-09 14:00:00,3539,3440.28,2.869533875149691,0,Normal,8.41
2020-04-09 15:00:00,3321,3358.285,0.0,0,Normal,0.0
2020-04-09 16:00:00,3297,3162.91,4.2394503795555405,0,Normal,12.43
2020-04-09 17:00:00,3490,3318.36,5.172434576115909,0,Normal,15.17
2020-04-09 18:00:00,3674,3508.865,4.706222667443752,0,Normal,13.8
2020-04-09 19:00:00,3805,3562.88,6.795626010418535,0,Normal,19.93
2020-04-09 20:00:00,3461,3586.41,0.0,0,Normal,0.0
2020-04-09 21:00:00,2691,2882.745,0.0,0,Normal,0.0
2020-04-09 22:00:00,2226,2126.615,4.673389400526199,0,Normal,13.7
2020-04-09 23:00:00,1813,1775.04,2.1385433567694268,0,Normal,6.27
2020-04-10 00:00:00,1244,1247.185,0.0,0,Normal,0.0
2020-04-10 01:00:00,1346,1175.985,14.457242226729091,0,Warning,42.4
2020-04-10 02:00:00,1184,1089.25,8.698645857241221,0,Normal,25.51
2020-04-10 03:00:00,403,769.34,0.0,1,Normal,5.0
2020-04-10 04:00:00,553,794.98,0.0,2,Normal,10.0
2020-04-10 05:00:00,1248,1192.745,4.63259120767642,0,Normal,13.58
2020-04-10 06:00:00,927,1587.305,0.0,1,Normal,5.0
2020-04-10 07:00:00,960,2014.255,0.0,2,Normal,10.0
2020-04-10 08:00:00,2341,2039.71,14.771217476994277,0,Warning,43.32
2020-04-10 09:00:00,3691,3492.965,5.669538629788728,0,Normal,16.63
2020-04-10 10:00:00,4113,3594.835,14.414152527167449,0,Warning,42.27
2020-04-10 11:00:00,4264,3903.435,9.237120638617014,0,Normal,27.09
2020-04-10 12:00:00,4120,4096.975,0.5620000122041173,0,Normal,1.65
2020-04-10 13:00:00,3877,3822.025,1.4383736370117912,0,Normal,4.22
2020-04-10 14:00:00,3533,3561.135,0.0,0,Normal,0.0
2020-04-10 15:00:00,3267,3294.15,0.0,0,Normal,0.0
2020-04-10 16:00:00,3044,3024.265,0.6525552489613221,0,Normal,1.91
2020-04-10 17:00:00,2990,3044.39,0.0,0,Normal,0.0
2020-04-10 18:00:00,3292,3049.745,7.943451009838531,0,Normal,23.29
2020-04-10 19:00:00,3383,3335.055,1.4376074757387858,0,Normal,4.22
2020-04-10 20:00:00,3095,3202.735,0.0,0,Normal,0.0
2020-04-10 21:00:00,2372,2714.025,0.0,0,Normal,0.0
2020-04-10 22:00:00,1820,2021.895,0.0,0,Normal,0.0
2020-04-10 23:00:00,1523,1745.82,0.0,0,Normal,0.0
2020-04-11 00:00:00,1320,1247.635,5.800173929073808,0,Normal,17.01
2020-04-11 01:00:00,1521,1184.88,28.367429613125367,1,High,85.0
2020-04-11 02:00:00,1083,1157.585,0.0,0,Normal,0.0
2020-04-11 03:00:00,619,753.465,0.0,0,Normal,0.0
2020-04-11 04:00:00,924,715.825,29.081828659239328,1,High,85.0
2020-04-11 05:00:00,964,902.935,6.762945283990549,0,Normal,19.83
2020-04-11 06:00:00,992,799.615,24.059703732421227,1,High,75.55
2020-04-11 07:00:00,1363,1327.05,2.7090162390264156,0,Normal,7.94
2020-04-11 08:00:00,2819,2169.6,29.93178466076697,1,High,85.0
2020-04-11 09:00:00,3877,3627.37,6.8818455244433325,0,Normal,20.18
2020-04-11 10:00:00,4391,4007.29,9.575299017540534,0,Normal,28.08
2020-04-11 11:00:00,4376,4241.775,3.164359259979616,0,Normal,9.28
2020-04-11 12:00:00,4198,4209.69,0.0,0,Normal,0.0
2020-04-11 13:00:00,4008,4100.845,0.0,0,Normal,0.0
2020-04-11 14:00:00,3636,3738.27,0.0,0,Normal,0.0
2020-04-11 15:00:00,3531,3428.235,2.9976066401515613,0,Normal,8.79
2020-04-11 16:00:00,3430,3327.02,3.0952624270368085,0,Normal,9.08
2020-04-11 17:00:00,3624,3270.25,10.8172158091889,0,Normal,31.72
2020-04-11 18:00:00,3771,3479.155,8.388387410161368,0,Normal,24.6
2020-04-11 19:00:00,3742,3523.965,6.187206740135042,0,Normal,18.14
2020-04-11 20:00:00,4005,3548.1,12.877314619091912,0,Warning,37.76
2020-04-11 21:00:00,2703,3124.61,0.0,0,Normal,0.0
2020-04-11 22:00:00,1800,1938.66,0.0,0,Normal,0.0
2020-04-11 23:00:00,1793,1652.895,8.476339997398505,0,Normal,24.86
2020-04-12 00:00:00,1230,1549.735,0.0,0,Normal,0.0
2020-04-12 01:00:00,1301,1380.66,0.0,0,Normal,0.0
2020-04-12 02:00:00,1198,1043.965,14.754804998251867,0,Warning,43.27
2020-04-12 03:00:00,729,776.95,0.0,0,Normal,0.0
2020-04-12 04:00:00,810,806.78,0.39911747936240705,0,Normal,1.17
2020-04-12 05:00:00,1013,843.975,20.027251992061373,0,High,58.73
2020-04-12 06:00:00,802,902.625,0.0,0,Normal,0.0
2020-04-12 07:00:00,1250,1156.135,8.118861551635407,0,Normal,23.81
2020-04-12 08:00:00,2443,2089.665,16.908691105990677,0,Warning,49.58
2020-04-12 09:00:00,3565,3557.655,0.20645621905439956,0,Normal,0.61
2020-04-12 10:00:00,4095,4016.02,1.966623672192868,0,Normal,5.77
2020-04-12 11:00:00,3983,4092.62,0.0,0,Normal,0.0
2020-04-12 12:00:00,3883,4023.835,0.0,0,Normal,0.0
2020-04-12 13:00:00,3621,3880.685,0.0,0,Normal,0.0
2020-04-12 14:00:00,3331,3387.495,0.0,0,Normal,0.0
2020-04-12 15:00:00,2906,3157.1,0.0,0,Normal,0.0
2020-04-12 16:00:00,2700,2720.22,0.0,0,Normal,0.0
2020-04-12 17:00:00,2815,2829.93,0.0,0,Normal,0.0
2020-04-12 18:00:00,3148,3001.565,4.878621652371344,0,Normal,14.31
2020-04-12 19:00:00,3257,3262.455,0.0,0,Normal,0.0
2020-04-12 20:00:00,3162,3171.945,0.0,0,Normal,0.0
2020-04-12 21:00:00,2365,2766.215,0.0,0,Normal,0.0
2020-04-12 22:00:00,2048,1844.24,11.048453563527524,0,Warning,32.4
2020-04-12 23:00:00,1764,1714.965,2.859242025347461,0,Normal,8.38
2020-04-13 00:00:00,1319,1379.485,0.0,0,Normal,0.0
2020-04-13 01:00:00,1464,1146.775,27.66235748076126,1,High,85.0
2020-04-13 02:00:00,837,1127.61,0.0,2,Normal,10.0
2020-04-13 03:00:00,563,730.685,0.0,3,Normal,15.0
2020-04-13 04:00:00,940,782.655,20.104004957484463,0,High,58.95
2020-04-13 05:00:00,611,1203.24,0.0,1,Normal,5.0
2020-04-13 06:00:00,760,1910.225,0.0,2,Normal,10.0
2020-04-13 07:00:00,775,1902.58,0.0,3,Normal,15.0
2020-04-13 08:00:00,1684,1679.94,0.24167529792730366,0,Normal,0.71
2020-04-13 09:00:00,3112,2715.615,14.596509446294863,0,Warning,42.8
2020-04-13 10:00:00,3634,3236.99,12.264789202314503,0,Warning,35.97
2020-04-13 11:00:00,3881,3555.67,9.149611746871896,0,Normal,26.83
2020-04-13 12:00:00,4096,3770.195,8.641595461242717,0,Normal,25.34
2020-04-13 13:00:00,3626,3804.03,0.0,0,Normal,0.0
2020-04-13 14:00:00,3117,3298.545,0.0,0,Normal,0.0
2020-04-13 15:00:00,2850,2931.205,0.0,0,Normal,0.0
2020-04-13 16:00:00,2663,2692.57,0.0,0,Normal,0.0
2020-04-13 17:00:00,2713,2737.52,0.0,0,Normal,0.0
2020-04-13 18:00:00,2910,2798.795,3.9733170882469033,0,Normal,11.65
2020-04-13 19:00:00,3078,3144.1,0.0,0,Normal,0.0
2020-04-13 20:00:00,2822,3096.52,0.0,0,Normal,0.0
2020-04-13 21:00:00,2143,2394.97,0.0,0,Normal,0.0
2020-04-13 22:00:00,1835,2076.365,0.0,0,Normal,0.0
2020-04-13 23:00:00,1464,1724.04,0.0,0,Normal,0.0
2020-04-14 00:00:00,1444,1176.195,22.76875858169777,1,High,71.77
2020-04-14 01:00:00,1363,1232.04,10.62952501542158,0,Normal,31.17
2020-04-14 02:00:00,748,943.175,0.0,0,Normal,0.0
2020-04-14 03:00:00,496,526.61,0.0,0,Normal,0.0
2020-04-14 04:00:00,590,759.87,0.0,0,Normal,0.0
2020-04-14 05:00:00,1071,1124.59,0.0,0,Normal,0.0
2020-04-14 06:00:00,1199,1895.91,0.0,1,Normal,5.0
2020-04-14 07:00:00,2150,1915.74,12.228172925344776,0,Warning,35.86
2020-04-14 08:00:00,3472,3204.52,8.346959919114253,0,Normal,24.48
2020-04-14 09:00:00,3772,3518.735,7.197615052000218,0,Normal,21.11
2020-04-14 10:00:00,4061,3664.115,10.831674224198757,0,Normal,31.76
2020-04-14 11:00:00,4037,3937.84,2.5181317676695816,0,Normal,7.38
2020-04-14 12:00:00,3880,3924.12,0.0,0,Normal,0.0
2020-04-14 13:00:00,3900,3710.585,5.10472068420478,0,Normal,14.97
2020-04-14 14:00:00,3121,3640.415,0.0,0,Normal,0.0
2020-04-14 15:00:00,2987,2863.755,4.30361535815738,0,Normal,12.62
2020-04-14 16:00:00,2922,2899.835,0.7643538339250324,0,Normal,2.24
2020-04-14 17:00:00,2954,2987.29,0.0,0,Normal,0.0
2020-04-14 18:00:00,3190,3026.885,5.388873379728657,0,Normal,15.8
2020-04-14 19:00:00,3278,3302.775,0.0,0,Normal,0.0
2020-04-14 20:00:00,3182,3060.14,3.982170750357831,0,Normal,11.68
2020-04-14 21:00:00,2628,2522.11,4.198468742441839,0,Normal,12.31
2020-04-14 22:00:00,2253,2081.735,8.227031778780674,0,Normal,24.13
2020-04-14 23:00:00,1827,1772.465,3.076788540253268,0,Normal,9.02
2020-04-15 00:00:00,1241,1399.305,0.0,0,Normal,0.0
2020-04-15 01:00:00,1435,1276.53,12.414122660650358,0,Warning,36.4
2020-04-15 02:00:00,1233,972.83,26.74362427145544,1,High,83.42
2020-04-15 03:00:00,909,866.845,4.863037797991564,0,Normal,14.26
2020-04-15 04:00:00,953,824.035,15.650427469706996,0,Warning,45.89
2020-04-15 05:00:00,1380,1369.765,0.7472084627655035,0,Normal,2.19
2020-04-15 06:00:00,1579,1575.365,0.23074017767311011,0,Normal,0.68
2020-04-15 07:00:00,2230,2292.905,0.0,0,Normal,0.0
2020-04-15 08:00:00,3111,3412.115,0.0,0,Normal,0.0
2020-04-15 09:00:00,3620,3493.985,3.606626817230179,0,Normal,10.58
2020-04-15 10:00:00,3851,3660.73,5.1975972005583575,0,Normal,15.24
2020-04-15 11:00:00,3886,3828.205,1.509715388804938,0,Normal,4.43
2020-04-15 12:00:00,3799,3305.195,14.94026827464037,0,Warning,43.81
2020-04-15 13:00:00,3492,3643.32,0.0,0,Normal,0.0
2020-04-15 14:00:00,3597,3237.83,11.09292334680944,0,Warning,32.53
2020-04-15 15:00:00,3382,3311.25,2.1366553416383542,0,Normal,6.27
2020-04-15 16:00:00,3328,3138.6,6.034537691964573,0,Normal,17.7
2020-04-15 17:00:00,3672,3220.86,14.006818054805233,0,Warning,41.07
2020-04-15 18:00:00,3825,3586.96,6.636260231505229,0,Normal,19.46
2020-04-15 19:00:00,4033,3626.875,11.19765638462864,0,Warning,32.84
2020-04-15 20:00:00,3830,3748.25,2.181017808310545,0,Normal,6.4
2020-04-15 21:00:00,2764,3219.825,0.0,0,Normal,0.0
2020-04-15 22:00:00,2294,2258.725,1.5617217678114907,0,Normal,4.58
2020-04-15 23:00:00,1898,1842.225,3.027588921005854,0,Normal,8.88
2020-04-16 00:00:00,1321,1198.845,10.189390621806819,0,Normal,29.88
2020-04-16 01:00:00,1384,1362.855,1.5515223556431155,0,Normal,4.55
2020-04-16 02:00:00,1328,1147.59,15.720771355623533,0,Warning,46.1
2020-04-16 03:00:00,902,956.585,0.0,0,Normal,0.0
2020-04-16 04:00:00,679,928.755,0.0,1,Normal,5.0
2020-04-16 05:00:00,1643,1381.045,18.967883016121846,0,Warning,55.62
2020-04-16 06:00:00,1767,1628.805,8.484441047270847,0,Normal,24.88
2020-04-16 07:00:00,2385,2415.915,0.0,0,Normal,0.0
2020-04-16 08:00:00,3333,3325.785,0.21694126349118015,0,Normal,0.64
2020-04-16 09:00:00,3720,3512.37,5.911393161882151,0,Normal,17.33
2020-04-16 10:00:00,4034,3681.41,9.577580329276016,0,Normal,28.09
2020-04-16 11:00:00,4018,3980.67,0.9377818306968407,0,Normal,2.75
2020-04-16 12:00:00,3911,3893.485,0.4498540510622199,0,Normal,1.32
2020-04-16 13:00:00,3759,3691.245,1.8355595469821189,0,Normal,5.38
2020-04-16 14:00:00,3563,3553.44,0.2690350758701412,0,Normal,0.79
2020-04-16 15:00:00,3537,3364.115,5.139093045273429,0,Normal,15.07
2020-04-16 16:00:00,3500,3395.985,3.0628816087232384,0,Normal,8.98
2020-04-16 17:00:00,3755,3470.625,8.193769133801549,0,Normal,24.03
2020-04-16 18:00:00,4082,3699.025,10.353403937524075,0,Normal,30.36
2020-04-16 19:00:00,4372,3999.85,9.304098903708892,0,Normal,27.28
2020-04-16 20:00:00,3984,4116.255,0.0,0,Normal,0.0
2020-04-16 21:00:00,2951,3269.04,0.0,0,Normal,0.0
2020-04-16 22:00:00,2443,2261.865,8.008214460191047,0,Normal,23.48
2020-04-16 23:00:00,1970,1914.235,2.9131741923013688,0,Normal,8.54
2020-04-17 00:00:00,1458,1381.11,5.5672611160588295,0,Normal,16.33
2020-04-17 01:00:00,1478,1329.87,11.138682728386994,0,Warning,32.66
2020-04-17 02:00:00,1289,1223.53,5.350910888985152,0,Normal,15.69
2020-04-17 03:00:00,755,874.635,0.0,0,Normal,0.0
2020-04-17 04:00:00,903,666.135,35.558107590803665,1,High,85.0
2020-04-17 05:00:00,1636,1487.45,9.986890315640858,0,Normal,29.29
2020-04-17 06:00:00,1762,2031.18,0.0,0,Normal,0.0
2020-04-17 07:00:00,2503,2547.82,0.0,0,Normal,0.0
2020-04-17 08:00:00,3492,2998.225,16.468910772206893,0,Warning,48.29
2020-04-17 09:00:00,3970,3619.9,9.671537887786954,0,Normal,28.36
2020-04-17 10:00:00,4148,3997.83,3.7562877861239743,0,Normal,11.02
2020-04-17 11:00:00,4073,3991.72,2.0362149649775083,0,Normal,5.97
2020-04-17 12:00:00,3968,3976.39,0.0,0,Normal,0.0
2020-04-17 13:00:00,3815,3852.585,0.0,0,Normal,0.0
2020-04-17 14:00:00,3671,3584.175,2.4224542607434016,0,Normal,7.1
2020-04-17 15:00:00,3564,3436.395,3.713339124285771,0,Normal,10.89
2020-04-17 16:00:00,3559,3404.09,4.550702243477694,0,Normal,13.34
2020-04-17 17:00:00,3694,3549.085,4.083165097482872,0,Normal,11.97
2020-04-17 18:00:00,3819,3633.275,5.111779317557849,0,Normal,14.99
2020-04-17 19:00:00,4192,3724.72,12.545372538069982,0,Warning,36.79
2020-04-17 20:00:00,3866,4030.35,0.0,0,Normal,0.0
2020-04-17 21:00:00,3105,3246.02,0.0,0,Normal,0.0
2020-04-17 22:00:00,2366,2235.35,5.844722302995061,0,Normal,17.14
2020-04-17 23:00:00,1944,1832.5,6.0845839017735335,0,Normal,17.84
2020-04-18 00:00:00,1585,1460.81,8.501447826890566,0,Normal,24.93
2020-04-18 01:00:00,1238,1411.1,0.0,0,Normal,0.0
2020-04-18 02:00:00,1149,1189.78,0.0,0,Normal,0.0
2020-04-18 03:00:00,819,866.86,0.0,0,Normal,0.0
2020-04-18 04:00:00,660,957.58,0.0,1,Normal,5.0
2020-04-18 05:00:00,1028,1076.92,0.0,0,Normal,0.0
2020-04-18 06:00:00,1099,1179.92,0.0,0,Normal,0.0
2020-04-18 07:00:00,990,1441.16,0.0,1,Normal,5.0
2020-04-18 08:00:00,3416,2157.56,58.32699901740855,2,High,90.0
2020-04-18 09:00:00,4008,4046.03,0.0,0,Normal,0.0
2020-04-18 10:00:00,4348,4036.56,7.71548050815546,0,Normal,22.63
2020-04-18 11:00:00,4415,4229.305,4.390674117851508,0,Normal,12.88
2020-04-18 12:00:00,4323,4208.755,2.714460689681388,0,Normal,7.96
2020-04-18 13:00:00,4065,4146.035,0.0,0,Normal,0.0
2020-04-18 14:00:00,3715,3794.29,0.0,0,Normal,0.0
2020-04-18 15:00:00,3506,3542.705,0.0,0,Normal,0.0
2020-04-18 16:00:00,3452,3367.565,2.507301269611721,0,Normal,7.35
2020-04-18 17:00:00,3150,3372.08,0.0,0,Normal,0.0
2020-04-18 18:00:00,3449,3282.75,5.064351534536593,0,Normal,14.85
2020-04-18 19:00:00,3182,3499.65,0.0,0,Normal,0.0
2020-04-18 20:00:00,2943,3114.185,0.0,0,Normal,0.0
2020-04-18 21:00:00,2542,2723.015,0.0,0,Normal,0.0
2020-04-18 22:00:00,1724,2077.08,0.0,0,Normal,0.0
2020-04-18 23:00:00,1847,1958.38,0.0,0,Normal,0.0
2020-04-19 00:00:00,1575,1536.66,2.495021670376005,0,Normal,7.32
2020-04-19 01:00:00,1555,1279.955,21.48864608521394,0,High,63.01
2020-04-19 02:00:00,1048,1158.53,0.0,0,Normal,0.0
2020-04-19 03:00:00,691,821.78,0.0,0,Normal,0.0
2020-04-19 04:00:00,940,728.66,29.003925013037634,1,High,85.0
2020-04-19 05:00:00,918,967.955,0.0,0,Normal,0.0
2020-04-19 06:00:00,646,949.71,0.0,1,Normal,5.0
2020-04-19 07:00:00,962,1311.5,0.0,2,Normal,10.0
2020-04-19 08:00:00,2228,2201.895,1.1855697024608358,0,Normal,3.48
2020-04-19 09:00:00,3586,3445.94,4.064493287753122,0,Normal,11.92
2020-04-19 10:00:00,4028,4010.63,0.43309903930304944,0,Normal,1.27
2020-04-19 11:00:00,4313,4056.365,6.326723556681912,0,Normal,18.55
2020-04-19 12:00:00,4303,4194.695,2.5819517271220027,0,Normal,7.57
2020-04-19 13:00:00,3940,4180.0,0.0,0,Normal,0.0
2020-04-19 14:00:00,3492,3718.375,0.0,0,Normal,0.0
2020-04-19 15:00:00,3133,3261.95,0.0,0,Normal,0.0
2020-04-19 16:00:00,2996,2842.44,5.402400754281531,0,Normal,15.84
2020-04-19 17:00:00,3008,2908.63,3.4163850335037416,0,Normal,10.02
2020-04-19 18:00:00,3437,2961.13,16.07055414655891,0,Warning,47.13
2020-04-19 19:00:00,3513,3190.45,10.109859110783752,0,Normal,29.65
2020-04-19 20:00:00,3271,3243.435,0.8498705847350126,0,Normal,2.49
2020-04-19 21:00:00,2705,2777.37,0.0,0,Normal,0.0
2020-04-19 22:00:00,2264,1996.63,13.391063942743516,0,Warning,39.27
2020-04-19 23:00:00,1824,1786.77,2.0836481472153676,0,Normal,6.11
2020-04-20 00:00:00,1315,1519.68,0.0,0,Normal,0.0
2020-04-20 01:00:00,1434,1408.29,1.8256183030483806,0,Normal,5.35
2020-04-20 02:00:00,1171,961.155,21.832586835630053,0,High,64.02
2020-04-20 03:00:00,447,888.15,0.0,1,Normal,5.0
2020-04-20 04:00:00,639,914.545,0.0,2,Normal,10.0
2020-04-20 05:00:00,614,901.79,0.0,3,Normal,15.0
2020-04-20 06:00:00,1912,1300.91,46.97404124804943,4,Critical,100.0
2020-04-20 07:00:00,2856,2936.875,0.0,0,Normal,0.0
2020-04-20 08:00:00,3607,2858.385,26.19013883714054,1,High,81.8
2020-04-20 09:00:00,3860,3420.21,12.858567164004548,0,Warning,37.71
2020-04-20 10:00:00,3891,3699.95,5.163583291666109,0,Normal,15.14
2020-04-20 11:00:00,3861,3796.765,1.6918350227101264,0,Normal,4.96
2020-04-20 12:00:00,3845,3762.035,2.205322385357929,0,Normal,6.47
2020-04-20 13:00:00,3441,3621.5,0.0,0,Normal,0.0
2020-04-20 14:00:00,3291,3273.755,0.5267651366702728,0,Normal,1.54
2020-04-20 15:00:00,2969,3180.17,0.0,0,Normal,0.0
2020-04-20 16:00:00,3095,2853.83,8.450748643051622,0,Normal,24.78
2020-04-20 17:00:00,2541,3009.825,0.0,0,Normal,0.0
2020-04-20 18:00:00,3567,2905.67,22.75998306758854,1,High,71.74
2020-04-20 19:00:00,3826,3549.94,7.776469461455685,0,Normal,22.8
2020-04-20 20:00:00,3634,3549.21,2.388982336914411,0,Normal,7.01
2020-04-20 21:00:00,3016,3002.51,0.44929076006407237,0,Normal,1.32
2020-04-20 22:00:00,2123,2175.895,0.0,0,Normal,0.0
2020-04-20 23:00:00,1588,1677.1,0.0,0,Normal,0.0
2020-04-21 00:00:00,1116,1378.66,0.0,0,Normal,0.0
2020-04-21 01:00:00,1284,1359.23,0.0,0,Normal,0.0
2020-04-21 02:00:00,1072,1061.79,0.9615837406643534,0,Normal,2.82
2020-04-21 03:00:00,649,799.405,0.0,0,Normal,0.0
2020-04-21 04:00:00,697,655.645,6.307529226944462,0,Normal,18.5
2020-04-21 05:00:00,1380,1080.63,27.70328419533049,1,High,85.0
2020-04-21 06:00:00,1805,1864.17,0.0,0,Normal,0.0
2020-04-21 07:00:00,2827,2767.59,2.1466329911583673,0,Normal,6.29
2020-04-21 08:00:00,3611,3575.205,1.0012013297139626,0,Normal,2.94
2020-04-21 09:00:00,4180,3615.54,15.612052418172667,0,Warning,45.78
2020-04-21 10:00:00,4126,4162.875,0.0,0,Normal,0.0
2020-04-21 11:00:00,4008,3976.52,0.7916469677004018,0,Normal,2.32
2020-04-21 12:00:00,3934,3904.34,0.7596674469948789,0,Normal,2.23
2020-04-21 13:00:00,3701,3806.66,0.0,0,Normal,0.0
2020-04-21 14:00:00,3300,3496.43,0.0,0,Normal,0.0
2020-04-21 15:00:00,3021,3116.48,0.0,0,Normal,0.0
2020-04-21 16:00:00,2964,2960.65,0.11315082836538966,0,Normal,0.33
2020-04-21 17:00:00,3268,3082.115,6.031085796603962,0,Normal,17.69
2020-04-21 18:00:00,3714,3309.51,12.222050998486173,0,Warning,35.84
2020-04-21 19:00:00,4002,3707.515,7.9429213367983715,0,Normal,23.29
2020-04-21 20:00:00,3665,3824.82,0.0,0,Normal,0.0
2020-04-21 21:00:00,2832,3084.965,0.0,0,Normal,0.0
2020-04-21 22:00:00,2141,2318.94,0.0,0,Normal,0.0
2020-04-21 23:00:00,1690,1761.475,0.0,0,Normal,0.0
2020-04-22 00:00:00,1007,1249.9,0.0,0,Normal,0.0
2020-04-22 01:00:00,1239,1250.85,0.0,0,Normal,0.0
2020-04-22 02:00:00,1133,1071.98,5.692270378178695,0,Normal,16.69
2020-04-22 03:00:00,578,814.96,0.0,1,Normal,5.0
2020-04-22 04:00:00,248,753.35,0.0,2,Normal,10.0
2020-04-22 05:00:00,1954,1332.355,46.65761002135317,3,Critical,95.0
2020-04-22 06:00:00,2200,1706.445,28.922994881171093,4,Critical,100.0
2020-04-22 07:00:00,2664,2941.585,0.0,0,Normal,0.0
2020-04-22 08:00:00,3638,3603.45,0.9588033689936085,0,Normal,2.81
2020-04-22 09:00:00,3813,3750.81,1.6580418629576026,0,Normal,4.86
2020-04-22 10:00:00,4077,3756.53,8.53101133226674,0,Normal,25.02
2020-04-22 11:00:00,3888,3973.365,0.0,0,Normal,0.0
2020-04-22 12:00:00,3737,3786.48,0.0,0,Normal,0.0
2020-04-22 13:00:00,3824,3559.815,7.421312624391996,0,Normal,21.76
2020-04-22 14:00:00,3552,3489.045,1.8043619385820453,0,Normal,5.29
2020-04-22 15:00:00,3257,3336.095,0.0,0,Normal,0.0
2020-04-22 16:00:00,3211,3185.31,0.8065149074972312,0,Normal,2.37
2020-04-22 17:00:00,3621,3307.04,9.493686196719727,0,Normal,27.84
2020-04-22 18:00:00,4082,3576.115,14.146217333614839,0,Warning,41.48
2020-04-22 19:00:00,4280,4065.42,5.278175440667876,0,Normal,15.48
2020-04-22 20:00:00,4076,4133.66,0.0,0,Normal,0.0
2020-04-22 21:00:00,3157,3241.175,0.0,0,Normal,0.0
2020-04-22 22:00:00,2507,2504.565,0.09722247176655209,0,Normal,0.29
2020-04-22 23:00:00,1946,1851.31,5.11475657777466,0,Normal,15.0
2020-04-23 00:00:00,1189,1444.505,0.0,0,Normal,0.0
2020-04-23 01:00:00,1089,1254.71,0.0,0,Normal,0.0
2020-04-23 02:00:00,1220,1146.54,6.407103110227295,0,Normal,18.79
2020-04-23 03:00:00,862,788.725,9.290310310944875,0,Normal,27.24
2020-04-23 04:00:00,575,669.44,0.0,0,Normal,0.0
2020-04-23 05:00:00,1501,1450.41,3.4879792610365286,0,Normal,10.23
2020-04-23 06:00:00,1835,2376.185,0.0,1,Normal,5.0
2020-04-23 07:00:00,2868,2705.955,5.988458788117322,0,Normal,17.56
2020-04-23 08:00:00,3768,3610.9,4.350715888005758,0,Normal,12.76
2020-04-23 09:00:00,3911,3654.555,7.017133412959995,0,Normal,20.58
2020-04-23 10:00:00,3853,3908.425,0.0,0,Normal,0.0
2020-04-23 11:00:00,3893,3797.54,2.5137325742454335,0,Normal,7.37
2020-04-23 12:00:00,3952,3806.035,3.835093476544492,0,Normal,11.25
2020-04-23 13:00:00,3978,3864.605,2.9341937921210572,0,Normal,8.6
2020-04-23 14:00:00,3295,3720.285,0.0,0,Normal,0.0
2020-04-23 15:00:00,3896,3147.995,23.761314741605375,1,High,74.68
2020-04-23 16:00:00,3576,3644.725,0.0,0,Normal,0.0
2020-04-23 17:00:00,3955,3585.305,10.3113961015869,0,Normal,30.24
2020-04-23 18:00:00,4508,4071.71,10.715154075314794,0,Normal,31.42
2020-04-23 19:00:00,5064,4262.28,18.80965117261185,0,Warning,55.16
2020-04-23 20:00:00,4716,4532.7,4.043947316169175,0,Normal,11.86
2020-04-23 21:00:00,3586,3712.355,0.0,0,Normal,0.0
2020-04-23 22:00:00,2713,2943.38,0.0,0,Normal,0.0
2020-04-23 23:00:00,2325,2099.63,10.733795954525316,0,Normal,31.48
2020-04-24 00:00:00,1785,1481.53,20.483554163601145,0,High,60.07
2020-04-24 01:00:00,1593,1311.435,21.469992794152976,0,High,62.96
2020-04-24 02:00:00,1539,1307.32,17.721751369213358,0,Warning,51.97
2020-04-24 03:00:00,1538,981.4,56.7148970857958,1,High,85.0
2020-04-24 04:00:00,1490,984.505,51.345092203696275,2,High,90.0
2020-04-24 05:00:00,1181,1510.37,0.0,0,Normal,0.0
2020-04-24 06:00:00,1890,1814.475,4.162361013516311,0,Normal,12.21
2020-04-24 07:00:00,3284,2862.725,14.71587386144321,0,Warning,43.15
2020-04-24 08:00:00,3977,3757.19,5.850382865918411,0,Normal,17.16
2020-04-24 09:00:00,4282,4058.935,5.495653416475013,0,Normal,16.12
2020-04-24 10:00:00,4210,4181.14,0.6902423740893553,0,Normal,2.02
2020-04-24 11:00:00,4233,4125.4,2.6082319290250733,0,Normal,7.65
2020-04-24 12:00:00,4223,4123.9,2.4030650597735246,0,Normal,7.05
2020-04-24 13:00:00,4130,4071.165,1.4451637307748528,0,Normal,4.24
2020-04-24 14:00:00,3820,3771.445,1.28743757366208,0,Normal,3.78
2020-04-24 15:00:00,3647,3682.89,0.0,0,Normal,0.0
2020-04-24 16:00:00,3609,3488.83,3.444421195644387,0,Normal,10.1
2020-04-24 17:00:00,3828,3792.49,0.9363241564249404,0,Normal,2.75
2020-04-24 18:00:00,4364,3948.385,10.52620248531994,0,Normal,30.87
2020-04-24 19:00:00,4512,4298.73,4.961232736180231,0,Normal,14.55
2020-04-24 20:00:00,4169,4251.16,0.0,0,Normal,0.0
2020-04-24 21:00:00,3220,3724.825,0.0,0,Normal,0.0
2020-04-24 22:00:00,2603,2674.92,0.0,0,Normal,0.0
2020-04-24 23:00:00,2098,2133.42,0.0,0,Normal,0.0
2020-04-25 00:00:00,1735,1682.65,3.1111639378361455,0,Normal,9.12
2020-04-25 01:00:00,1701,1575.725,7.950308588110241,0,Normal,23.31
2020-04-25 02:00:00,1687,1501.7,12.33934873809682,0,Warning,36.18
2020-04-25 03:00:00,1379,1490.865,0.0,0,Normal,0.0
2020-04-25 04:00:00,1117,1109.875,0.641964185155986,0,Normal,1.88
2020-04-25 05:00:00,1347,1058.865,27.21168420903515,1,High,84.8
2020-04-25 06:00:00,1205,1358.655,0.0,0,Normal,0.0
2020-04-25 07:00:00,1536,1383.455,11.02637960757669,0,Warning,32.33
2020-04-25 08:00:00,2915,2279.4,27.88453101693428,1,High,85.0
2020-04-25 09:00:00,4059,3798.16,6.8675358594688,0,Normal,20.14
2020-04-25 10:00:00,4444,4046.105,9.834025562856128,0,Normal,28.84
2020-04-25 11:00:00,4637,4279.725,8.34808311281682,0,Normal,24.48
2020-04-25 12:00:00,4589,4251.2,7.94599171998495,0,Normal,23.3
2020-04-25 13:00:00,4222,4231.555,0.0,0,Normal,0.0
2020-04-25 14:00:00,3964,4034.235,0.0,0,Normal,0.0
2020-04-25 15:00:00,3853,3698.675,4.172440130587299,0,Normal,12.24
2020-04-25 16:00:00,3716,3652.8,1.730179588261055,0,Normal,5.07
2020-04-25 17:00:00,3755,3666.07,2.4257583734080317,0,Normal,7.11
2020-04-25 18:00:00,4194,3813.18,9.986940034302084,0,Normal,29.29
2020-04-25 19:00:00,4348,4126.69,5.36289374777365,0,Normal,15.73
2020-04-25 20:00:00,4036,3968.935,1.6897480054473064,0,Normal,4.96
2020-04-25 21:00:00,3309,3279.73,0.8924515127769659,0,Normal,2.62
2020-04-25 22:00:00,2493,2562.87,0.0,0,Normal,0.0
2020-04-25 23:00:00,1701,1967.61,0.0,0,Normal,0.0
2020-04-26 00:00:00,1629,1511.18,7.796556333461265,0,Normal,22.86
2020-04-26 01:00:00,1809,1519.77,19.031169190074813,0,Warning,55.81
2020-04-26 02:00:00,1673,1502.875,11.319970057390002,0,Warning,33.2
2020-04-26 03:00:00,857,1240.705,0.0,1,Normal,5.0
2020-04-26 04:00:00,646,973.95,0.0,2,Normal,10.0
2020-04-26 05:00:00,1211,1037.82,16.686901389450973,0,Warning,48.93
2020-04-26 06:00:00,1008,1099.56,0.0,0,Normal,0.0
2020-04-26 07:00:00,1044,1276.09,0.0,0,Normal,0.0
2020-04-26 08:00:00,2547,2229.58,14.236762080750639,0,Warning,41.75
2020-04-26 09:00:00,3921,3565.735,9.963303498437206,0,Normal,29.22
2020-04-26 10:00:00,4575,4079.17,12.155168821108214,0,Warning,35.64
2020-04-26 11:00:00,4793,4237.235,13.116218477379714,0,Warning,38.46
2020-04-26 12:00:00,4463,4547.23,0.0,0,Normal,0.0
2020-04-26 13:00:00,4184,4262.86,0.0,0,Normal,0.0
2020-04-26 14:00:00,4005,3940.27,1.6427808246643,0,Normal,4.82
2020-04-26 15:00:00,3427,3770.92,0.0,0,Normal,0.0
2020-04-26 16:00:00,3154,3336.305,0.0,0,Normal,0.0
2020-04-26 17:00:00,3348,3142.37,6.543787014259942,0,Normal,19.19
2020-04-26 18:00:00,4030,3412.615,18.091258463084767,0,Warning,53.05
2020-04-26 19:00:00,4656,4064.685,14.547621771428783,0,Warning,42.66
2020-04-26 20:00:00,4371,4331.41,0.9140210693515541,0,Normal,2.68
2020-04-26 21:00:00,3263,3458.485,0.0,0,Normal,0.0
2020-04-26 22:00:00,2414,2597.44,0.0,0,Normal,0.0
2020-04-26 23:00:00,1906,1791.39,6.397825152535177,0,Normal,18.76
2020-04-27 00:00:00,1252,1475.77,0.0,0,Normal,0.0
2020-04-27 01:00:00,1323,1400.41,0.0,0,Normal,0.0
2020-04-27 02:00:00,1328,1352.01,0.0,0,Normal,0.0
2020-04-27 03:00:00,994,881.96,12.703523969341008,0,Warning,37.25
2020-04-27 04:00:00,655,822.79,0.0,0,Normal,0.0
2020-04-27 05:00:00,1539,1102.08,39.645034843205586,1,High,85.0
2020-04-27 06:00:00,2217,1989.535,11.433073557389035,0,Warning,33.53
2020-04-27 07:00:00,2943,3366.865,0.0,0,Normal,0.0
2020-04-27 08:00:00,3791,3716.98,1.9914016217466863,0,Normal,5.84
2020-04-27 09:00:00,4138,3732.96,10.850370751360849,0,Normal,31.82
2020-04-27 10:00:00,4077,4027.34,1.233071953199875,0,Normal,3.62
2020-04-27 11:00:00,4106,4056.62,1.2172695495264558,0,Normal,3.57
2020-04-27 12:00:00,4135,4040.975,2.3267899454958294,0,Normal,6.82
2020-04-27 13:00:00,3903,3908.885,0.0,0,Normal,0.0
2020-04-27 14:00:00,3674,3716.43,0.0,0,Normal,0.0
2020-04-27 15:00:00,3498,3429.355,2.0016883641384453,0,Normal,5.87
2020-04-27 16:00:00,3398,3366.15,0.9461848105402287,0,Normal,2.77
2020-04-27 17:00:00,3628,3357.975,8.041304655335436,0,Normal,23.58
2020-04-27 18:00:00,4154,3701.4,12.227805695142376,0,Warning,35.86
2020-04-27 19:00:00,4245,4105.545,3.3967475694457114,0,Normal,9.96
2020-04-27 20:00:00,3948,4162.61,0.0,0,Normal,0.0
2020-04-27 21:00:00,3208,3468.715,0.0,0,Normal,0.0
2020-04-27 22:00:00,2633,2461.11,6.984246945483943,0,Normal,20.48
2020-04-27 23:00:00,2039,1949.155,4.609433318540599,0,Normal,13.52
2020-04-28 00:00:00,1483,1390.94,6.618545731663475,0,Normal,19.41
2020-04-28 01:00:00,1426,1299.955,9.696104865168415,0,Normal,28.43
2020-04-28 02:00:00,1493,1195.595,24.875062207520102,1,High,77.94
2020-04-28 03:00:00,1227,984.3,24.65711673270345,2,High,82.31
2020-04-28 04:00:00,845,858.305,0.0,0,Normal,0.0
2020-04-28 05:00:00,1590,1554.84,2.2613259242108565,0,Normal,6.63
2020-04-28 06:00:00,2215,2437.585,0.0,0,Normal,0.0
2020-04-28 07:00:00,2949,3030.86,0.0,0,Normal,0.0
2020-04-28 08:00:00,3704,3624.27,2.1998912884525716,0,Normal,6.45
2020-04-28 09:00:00,4106,3812.29,7.704293220085566,0,Normal,22.59
2020-04-28 10:00:00,3929,4027.77,0.0,0,Normal,0.0
2020-04-28 11:00:00,3731,3877.545,0.0,0,Normal,0.0
2020-04-28 12:00:00,3666,3706.61,0.0,0,Normal,0.0
2020-04-28 13:00:00,3655,3622.58,0.8949422787074425,0,Normal,2.62
2020-04-28 14:00:00,3289,3402.2,0.0,0,Normal,0.0
2020-04-28 15:00:00,3158,3125.04,1.0547064997568043,0,Normal,3.09
2020-04-28 16:00:00,3143,3021.745,4.0127476011377565,0,Normal,11.77
2020-04-28 17:00:00,2931,3280.05,0.0,0,Normal,0.0
2020-04-28 18:00:00,3242,3173.335,2.163811888754259,0,Normal,6.35
2020-04-28 19:00:00,3217,3440.755,0.0,0,Normal,0.0
2020-04-28 20:00:00,2948,3219.07,0.0,0,Normal,0.0
2020-04-28 21:00:00,2325,2686.145,0.0,0,Normal,0.0
2020-04-28 22:00:00,2131,2263.285,0.0,0,Normal,0.0
2020-04-28 23:00:00,1909,1917.43,0.0,0,Normal,0.0
2020-04-29 00:00:00,1688,1467.635,15.014973068917001,0,Warning,44.03
2020-04-29 01:00:00,1622,1493.86,8.577778372806026,0,Normal,25.15
2020-04-29 02:00:00,1106,1393.755,0.0,0,Normal,0.0
2020-04-29 03:00:00,404,1070.51,0.0,1,Normal,5.0
2020-04-29 04:00:00,1037,623.39,66.34851377147533,2,High,90.0
2020-04-29 05:00:00,1464,1541.935,0.0,0,Normal,0.0
2020-04-29 06:00:00,2021,2333.365,0.0,0,Normal,0.0
2020-04-29 07:00:00,2652,3024.245,0.0,0,Normal,0.0
2020-04-29 08:00:00,3440,3575.77,0.0,0,Normal,0.0
2020-04-29 09:00:00,3608,3647.77,0.0,0,Normal,0.0
2020-04-29 10:00:00,3571,3652.505,0.0,0,Normal,0.0
2020-04-29 11:00:00,3336,3521.045,0.0,0,Normal,0.0
2020-04-29 12:00:00,3367,3215.705,4.7048780904964875,0,Normal,13.8
2020-04-29 13:00:00,3201,3236.165,0.0,0,Normal,0.0
2020-04-29 14:00:00,2989,3030.415,0.0,0,Normal,0.0
2020-04-29 15:00:00,2799,2897.52,0.0,0,Normal,0.0
2020-04-29 16:00:00,2682,2743.28,0.0,0,Normal,0.0
2020-04-29 17:00:00,2794,2753.28,1.47896327289632,0,Normal,4.34
2020-04-29 18:00:00,3133,2942.225,6.484038440296038,0,Normal,19.01
2020-04-29 19:00:00,3115,3254.465,0.0,0,Normal,0.0
2020-04-29 20:00:00,3195,3053.905,4.620150266625838,0,Normal,13.55
2020-04-29 21:00:00,2606,2774.52,0.0,0,Normal,0.0
2020-04-29 22:00:00,2316,2253.275,2.7837259100642355,0,Normal,8.16
2020-04-29 23:00:00,2184,1932.825,12.99522719335687,0,Warning,38.11
2020-04-30 00:00:00,1265,1505.785,0.0,0,Normal,0.0
2020-04-30 01:00:00,1381,1238.775,11.481100280519053,0,Warning,33.67
2020-04-30 02:00:00,1139,1083.64,5.108707688900363,0,Normal,14.98
2020-04-30 03:00:00,415,804.585,0.0,1,Normal,5.0
2020-04-30 04:00:00,757,957.07,0.0,0,Normal,0.0
2020-04-30 05:00:00,1400,1356.655,3.1949906203124616,0,Normal,9.37
2020-04-30 06:00:00,1808,2292.145,0.0,0,Normal,0.0
2020-04-30 07:00:00,2604,2825.08,0.0,0,Normal,0.0
2020-04-30 08:00:00,3392,3502.25,0.0,0,Normal,0.0
2020-04-30 09:00:00,3611,3582.16,0.8051008330169548,0,Normal,2.36
2020-04-30 10:00:00,3434,3570.1,0.0,0,Normal,0.0
2020-04-30 11:00:00,3449,3298.775,4.553963213617173,0,Normal,13.35
2020-04-30 12:00:00,3275,3333.405,0.0,0,Normal,0.0
2020-04-30 13:00:00,3206,3143.885,1.9757402067823657,0,Normal,5.79
2020-04-30 14:00:00,3145,3072.895,2.3464843413133223,0,Normal,6.88
2020-04-30 15:00:00,3001,3019.975,0.0,0,Normal,0.0
2020-04-30 16:00:00,3074,2922.14,5.196876261917641,0,Normal,15.24
2020-04-30 17:00:00,3016,3178.655,0.0,0,Normal,0.0
2020-04-30 18:00:00,3147,3068.09,2.5719584497195274,0,Normal,7.54
2020-04-30 19:00:00,3186,3228.39,0.0,0,Normal,0.0
2020-04-30 20:00:00,2807,3139.62,0.0,0,Normal,0.0
2020-04-30 21:00:00,2332,2466.6,0.0,0,Normal,0.0
2020-04-30 22:00:00,2095,2253.65,0.0,0,Normal,0.0
2020-04-30 23:00:00,1822,2089.01,0.0,0,Normal,0.0
2020-05-01 00:00:00,1541,1450.88,6.211402734891919,0,Normal,18.21
2020-05-01 01:00:00,1467,1268.635,15.636097064955642,0,Warning,45.85
2020-05-01 02:00:00,917,1306.23,0.0,1,Normal,5.0
2020-05-01 03:00:00,311,952.83,0.0,2,Normal,10.0
2020-05-01 04:00:00,906,995.915,0.0,0,Normal,0.0
2020-05-01 05:00:00,778,1161.89,0.0,1,Normal,5.0
2020-05-01 06:00:00,606,1551.115,0.0,2,Normal,10.0
2020-05-01 07:00:00,896,1203.765,0.0,3,Normal,15.0
2020-05-01 08:00:00,2510,1955.445,28.359529416577818,4,Critical,100.0
2020-05-01 09:00:00,3412,3417.605,0.0,0,Normal,0.0
2020-05-01 10:00:00,3999,3333.31,19.97083979587857,0,Warning,58.56
2020-05-01 11:00:00,4086,3885.33,5.1648122553296645,0,Normal,15.15
2020-05-01 12:00:00,3847,3831.67,0.40008664629260676,0,Normal,1.17
2020-05-01 13:00:00,3583,3592.12,0.0,0,Normal,0.0
2020-05-01 14:00:00,3297,3427.765,0.0,0,Normal,0.0
2020-05-01 15:00:00,3043,3070.935,0.0,0,Normal,0.0
2020-05-01 16:00:00,2805,3014.675,0.0,0,Normal,0.0
2020-05-01 17:00:00,2645,2950.055,0.0,0,Normal,0.0
2020-05-01 18:00:00,2724,2718.1,0.2170633898679258,0,Normal,0.64
2020-05-01 19:00:00,2798,2830.97,0.0,0,Normal,0.0
2020-05-01 20:00:00,2427,2695.73,0.0,0,Normal,0.0
2020-05-01 21:00:00,2049,2223.56,0.0,0,Normal,0.0
2020-05-01 22:00:00,1917,2083.625,0.0,0,Normal,0.0
2020-05-01 23:00:00,1749,2004.44,0.0,0,Normal,0.0
2020-05-02 00:00:00,1949,1548.515,25.862519898095908,1,High,80.84
2020-05-02 01:00:00,1584,1501.44,5.49872122762148,0,Normal,16.12
2020-05-02 02:00:00,790,1339.35,0.0,1,Normal,5.0
2020-05-02 03:00:00,835,794.475,5.100852764404163,0,Normal,14.96
2020-05-02 04:00:00,1151,919.355,25.19646926377732,1,High,78.89
2020-05-02 05:00:00,827,1245.825,0.0,2,Normal,10.0
2020-05-02 06:00:00,599,1368.605,0.0,3,Normal,15.0
2020-05-02 07:00:00,1679,1203.55,39.50396742968718,4,Critical,100.0
2020-05-02 08:00:00,2509,2671.485,0.0,0,Normal,0.0
2020-05-02 09:00:00,3512,3401.935,3.235364579276208,0,Normal,9.49
2020-05-02 10:00:00,3896,3848.885,1.2241207518541026,0,Normal,3.59
2020-05-02 11:00:00,3860,3898.62,0.0,0,Normal,0.0
2020-05-02 12:00:00,3421,3856.39,0.0,0,Normal,0.0
2020-05-02 13:00:00,3268,3437.175,0.0,0,Normal,0.0
2020-05-02 14:00:00,3211,3076.0,4.388816644993498,0,Normal,12.87
2020-05-02 15:00:00,2970,3027.115,0.0,0,Normal,0.0
2020-05-02 16:00:00,2755,2781.24,0.0,0,Normal,0.0
2020-05-02 17:00:00,2758,2871.095,0.0,0,Normal,0.0
2020-05-02 18:00:00,2892,2884.05,0.27565402818951884,0,Normal,0.81
2020-05-02 19:00:00,2960,2909.835,1.7239809130070936,0,Normal,5.06
2020-05-02 20:00:00,2866,2832.03,1.1994929432244645,0,Normal,3.52
2020-05-02 21:00:00,2191,2390.865,0.0,0,Normal,0.0
2020-05-02 22:00:00,1929,2065.86,0.0,0,Normal,0.0
2020-05-02 23:00:00,1907,1735.645,9.87269862212607,0,Normal,28.95
2020-05-03 00:00:00,1964,1703.74,15.2758049937197,0,Warning,44.8
2020-05-03 01:00:00,1968,1656.62,18.79610290833143,0,Warning,55.12
2020-05-03 02:00:00,996,1469.48,0.0,1,Normal,5.0
2020-05-03 03:00:00,427,907.125,0.0,2,Normal,10.0
2020-05-03 04:00:00,507,865.705,0.0,3,Normal,15.0
2020-05-03 05:00:00,1076,801.7,34.214793563677176,4,Critical,100.0
2020-05-03 06:00:00,751,1286.67,0.0,5,Normal,20.0
2020-05-03 07:00:00,871,1267.17,0.0,6,Normal,20.0
2020-05-03 08:00:00,2104,2032.145,3.5359189427919766,0,Normal,10.37
2020-05-03 09:00:00,3219,3207.845,0.34774124061481154,0,Normal,1.02
2020-05-03 10:00:00,3950,3658.69,7.962139454285548,0,Normal,23.35
2020-05-03 11:00:00,4031,3907.56,3.1590045962186135,0,Normal,9.26
2020-05-03 12:00:00,3910,3906.82,0.08139612267777466,0,Normal,0.24
2020-05-03 13:00:00,3529,3763.86,0.0,0,Normal,0.0
2020-05-03 14:00:00,3197,3368.535,0.0,0,Normal,0.0
2020-05-03 15:00:00,2962,2962.665,0.0,0,Normal,0.0
2020-05-03 16:00:00,2953,2721.495,8.506537766925904,0,Normal,24.94
2020-05-03 17:00:00,3034,3015.9,0.6001525249510895,0,Normal,1.76
2020-05-03 18:00:00,3285,3098.67,6.013225028802678,0,Normal,17.63
2020-05-03 19:00:00,3137,3176.0,0.0,0,Normal,0.0
2020-05-03 20:00:00,3180,3014.675,5.48400739714894,0,Normal,16.08
2020-05-03 21:00:00,2363,2758.075,0.0,0,Normal,0.0
2020-05-03 22:00:00,1846,2133.285,0.0,0,Normal,0.0
2020-05-03 23:00:00,1907,1896.685,0.5438436008087825,0,Normal,1.59
2020-05-04 00:00:00,1305,1642.905,0.0,0,Normal,0.0
2020-05-04 01:00:00,1572,1446.105,8.705799371414939,0,Normal,25.53
2020-05-04 02:00:00,1283,1213.725,5.707635584667045,0,Normal,16.74
2020-05-04 03:00:00,427,810.565,0.0,1,Normal,5.0
2020-05-04 04:00:00,503,692.4,0.0,2,Normal,10.0
2020-05-04 05:00:00,1261,1166.28,8.12154885619234,0,Normal,23.82
2020-05-04 06:00:00,1901,2222.775,0.0,0,Normal,0.0
2020-05-04 07:00:00,2680,3052.325,0.0,0,Normal,0.0
2020-05-04 08:00:00,3605,3549.095,1.5751902949907006,0,Normal,4.62
2020-05-04 09:00:00,3403,3614.105,0.0,0,Normal,0.0
2020-05-04 10:00:00,3448,3287.2,4.8917011438306215,0,Normal,14.34
2020-05-04 11:00:00,3192,3347.4,0.0,0,Normal,0.0
2020-05-04 12:00:00,3223,3130.97,2.939344675931108,0,Normal,8.62
2020-05-04 13:00:00,3372,3121.5,8.02498798654493,0,Normal,23.53
2020-05-04 14:00:00,2837,3175.09,0.0,0,Normal,0.0
2020-05-04 15:00:00,2945,2715.92,8.434710889864206,0,Normal,24.73
2020-05-04 16:00:00,2992,2831.6,5.664641898573248,0,Normal,16.61
2020-05-04 17:00:00,3064,3085.34,0.0,0,Normal,0.0
2020-05-04 18:00:00,3193,3252.95,0.0,0,Normal,0.0
2020-05-04 19:00:00,3360,3302.705,1.734790119008512,0,Normal,5.09
2020-05-04 20:00:00,3463,3181.78,8.838448918529874,0,Normal,25.92
2020-05-04 21:00:00,2776,2937.26,0.0,0,Normal,0.0
2020-05-04 22:00:00,2624,2436.32,7.703421553818868,0,Normal,22.59
2020-05-04 23:00:00,2309,2133.085,8.246975624506288,0,Normal,24.18
2020-05-05 00:00:00,1504,1459.39,3.0567565900821507,0,Normal,8.96
2020-05-05 01:00:00,1498,1448.845,3.3927024629963847,0,Normal,9.95
2020-05-05 02:00:00,1251,1301.41,0.0,0,Normal,0.0
2020-05-05 03:00:00,555,812.8,0.0,1,Normal,5.0
2020-05-05 04:00:00,706,733.255,0.0,0,Normal,0.0
2020-05-05 05:00:00,1493,1356.63,10.052114430611137,0,Normal,29.48
2020-05-05 06:00:00,2022,2135.985,0.0,0,Normal,0.0
2020-05-05 07:00:00,2830,3042.94,0.0,0,Normal,0.0
2020-05-05 08:00:00,3761,3430.55,9.632566206584944,0,Normal,28.25
2020-05-05 09:00:00,4096,3646.26,12.334282250854294,0,Warning,36.17
2020-05-05 10:00:00,3930,4056.585,0.0,0,Normal,0.0
2020-05-05 11:00:00,3752,3778.295,0.0,0,Normal,0.0
2020-05-05 12:00:00,3811,3530.46,7.946273290166153,0,Normal,23.3
2020-05-05 13:00:00,3979,3561.965,11.708003868651147,0,Warning,34.33
2020-05-05 14:00:00,3534,3624.565,0.0,0,Normal,0.0
2020-05-05 15:00:00,3358,3305.445,1.589952336220988,0,Normal,4.66
2020-05-05 16:00:00,3215,3199.21,0.493559347463904,0,Normal,1.45
2020-05-05 17:00:00,3184,3193.045,0.0,0,Normal,0.0
2020-05-05 18:00:00,3429,3285.025,4.382767254434895,0,Normal,12.85
2020-05-05 19:00:00,3552,3295.375,7.787429351742974,0,Normal,22.84
2020-05-05 20:00:00,3594,3467.055,3.661464845524521,0,Normal,10.74
2020-05-05 21:00:00,3044,3073.975,0.0,0,Normal,0.0
2020-05-05 22:00:00,2469,2620.1,0.0,0,Normal,0.0
2020-05-05 23:00:00,1903,2014.21,0.0,0,Normal,0.0
2020-05-06 00:00:00,1233,1519.24,0.0,0,Normal,0.0
2020-05-06 01:00:00,1185,1385.885,0.0,0,Normal,0.0
2020-05-06 02:00:00,1137,1105.72,2.828925948703105,0,Normal,8.3
2020-05-06 03:00:00,498,800.565,0.0,1,Normal,5.0
2020-05-06 04:00:00,162,766.84,0.0,2,Normal,10.0
2020-05-06 05:00:00,1319,1313.76,0.3988551942516144,0,Normal,1.17
2020-05-06 06:00:00,2172,2226.02,0.0,0,Normal,0.0
2020-05-06 07:00:00,2892,2908.64,0.0,0,Normal,0.0
2020-05-06 08:00:00,3759,3536.285,6.297993515794122,0,Normal,18.47
2020-05-06 09:00:00,4108,3693.065,11.235518465014831,0,Warning,32.95
2020-05-06 10:00:00,3925,3898.445,0.6811690302158896,0,Normal,2.0
2020-05-06 11:00:00,3679,3732.155,0.0,0,Normal,0.0
2020-05-06 12:00:00,3482,3480.855,0.032894217081722216,0,Normal,0.1
2020-05-06 13:00:00,3422,3338.65,2.4965180537043388,0,Normal,7.32
2020-05-06 14:00:00,3547,3283.31,8.031224587382857,0,Normal,23.55
2020-05-06 15:00:00,3333,3340.74,0.0,0,Normal,0.0
2020-05-06 16:00:00,3215,3168.715,1.460686745257931,0,Normal,4.28
2020-05-06 17:00:00,3297,3109.09,6.043890656108374,0,Normal,17.72
2020-05-06 18:00:00,3571,3327.19,7.327805144882015,0,Normal,21.49
2020-05-06 19:00:00,3857,3548.325,8.699174962834583,0,Normal,25.51
2020-05-06 20:00:00,3733,3638.48,2.5977880873331713,0,Normal,7.62
2020-05-06 21:00:00,3183,3108.325,2.402419309435152,0,Normal,7.04
2020-05-06 22:00:00,2778,2576.815,7.8075065536330674,0,Normal,22.9
2020-05-06 23:00:00,2013,2200.835,0.0,0,Normal,0.0
2020-05-07 00:00:00,1298,1300.815,0.0,0,Normal,0.0
2020-05-07 01:00:00,1209,1236.215,0.0,0,Normal,0.0
2020-05-07 02:00:00,1185,1166.41,1.5937792028531919,0,Normal,4.67
2020-05-07 03:00:00,999,782.67,27.640001533213237,1,High,85.0
2020-05-07 04:00:00,427,698.33,0.0,2,Normal,10.0
2020-05-07 05:00:00,991,1324.85,0.0,3,Normal,15.0
2020-05-07 06:00:00,2221,2143.06,3.636855710992695,0,Normal,10.66
2020-05-07 07:00:00,2935,2911.045,0.8229003673938371,0,Normal,2.41
2020-05-07 08:00:00,3672,3618.09,1.4900126862515817,0,Normal,4.37
2020-05-07 09:00:00,3726,3728.405,0.0,0,Normal,0.0
2020-05-07 10:00:00,3722,3590.195,3.671249054717079,0,Normal,10.77
2020-05-07 11:00:00,3647,3571.215,2.122106901992735,0,Normal,6.22
2020-05-07 12:00:00,3613,3450.63,4.705517543173272,0,Normal,13.8
2020-05-07 13:00:00,3736,3398.195,9.940718528512926,0,Normal,29.15
2020-05-07 14:00:00,3551,3532.525,0.5229970063906104,0,Normal,1.53
2020-05-07 15:00:00,3325,3373.105,0.0,0,Normal,0.0
2020-05-07 16:00:00,3265,3181.42,2.627128766399907,0,Normal,7.7
2020-05-07 17:00:00,3465,3280.16,5.635090971172143,0,Normal,16.52
2020-05-07 18:00:00,3854,3467.11,11.15886141483829,0,Warning,32.72
2020-05-07 19:00:00,4020,3677.715,9.307001766042227,0,Normal,27.29
2020-05-07 20:00:00,3795,3613.76,5.015274949083497,0,Normal,14.71
2020-05-07 21:00:00,3144,3221.31,0.0,0,Normal,0.0
2020-05-07 22:00:00,2738,2714.52,0.8649779703225623,0,Normal,2.54
2020-05-07 23:00:00,2058,2119.665,0.0,0,Normal,0.0
2020-05-08 00:00:00,1355,1500.36,0.0,0,Normal,0.0
2020-05-08 01:00:00,1437,1215.905,18.183575197075434,0,Warning,53.32
2020-05-08 02:00:00,1510,1145.455,31.825344513752185,1,High,85.0
2020-05-08 03:00:00,1228,1036.755,18.446498931763035,0,Warning,54.09
2020-05-08 04:00:00,649,789.34,0.0,0,Normal,0.0
2020-05-08 05:00:00,1246,905.825,37.554163331769374,1,High,85.0
2020-05-08 06:00:00,2297,1447.23,58.71699729828707,2,High,90.0
2020-05-08 07:00:00,3233,3164.22,2.1736794533882033,0,Normal,6.37
2020-05-08 08:00:00,3912,3333.57,17.35166803156975,0,Warning,50.88
2020-05-08 09:00:00,4051,3685.89,9.90561302697585,0,Normal,29.05
2020-05-08 10:00:00,4032,4048.76,0.0,0,Normal,0.0
2020-05-08 11:00:00,3812,3917.89,0.0,0,Normal,0.0
2020-05-08 12:00:00,3665,3624.225,1.1250681180114395,0,Normal,3.3
2020-05-08 13:00:00,3679,3491.57,5.36807224257282,0,Normal,15.74
2020-05-08 14:00:00,3588,3458.995,3.7295515026763586,0,Normal,10.94
2020-05-08 15:00:00,3480,3402.58,2.275332247882491,0,Normal,6.67
2020-05-08 16:00:00,3457,3299.685,4.76757629894975,0,Normal,13.98
2020-05-08 17:00:00,3561,3389.805,5.0502905034360435,0,Normal,14.81
2020-05-08 18:00:00,3836,3604.19,6.431680904724776,0,Normal,18.86
2020-05-08 19:00:00,3922,3719.15,5.454203245365202,0,Normal,15.99
2020-05-08 20:00:00,3822,3667.445,4.21424179503714,0,Normal,12.36
2020-05-08 21:00:00,3368,3076.755,9.465979579134506,0,Normal,27.76
2020-05-08 22:00:00,2952,2737.71,7.82734475163549,0,Normal,22.95
2020-05-08 23:00:00,2618,2177.82,20.211955074340388,0,High,59.27
2020-05-09 00:00:00,1920,2199.375,0.0,0,Normal,0.0
2020-05-09 01:00:00,1734,1533.905,13.04481046740183,0,Warning,38.25
2020-05-09 02:00:00,1915,1458.11,31.334398639334488,1,High,85.0
2020-05-09 03:00:00,1291,1287.355,0.2831386835798969,0,Normal,0.83
2020-05-09 04:00:00,683,905.29,0.0,1,Normal,5.0
2020-05-09 05:00:00,951,919.015,3.48035668623472,0,Normal,10.21
2020-05-09 06:00:00,1485,1264.305,17.455835419459696,0,Warning,51.19
2020-05-09 07:00:00,1924,2057.39,0.0,0,Normal,0.0
2020-05-09 08:00:00,3148,3222.325,0.0,0,Normal,0.0
2020-05-09 09:00:00,4230,3935.3,7.48862856707239,0,Normal,21.96
2020-05-09 10:00:00,4375,4180.31,4.65731010379612,0,Normal,13.66
2020-05-09 11:00:00,4379,4168.065,5.060741615113978,0,Normal,14.84
2020-05-09 12:00:00,4194,4044.165,3.704967527289318,0,Normal,10.86
2020-05-09 13:00:00,3751,3888.06,0.0,0,Normal,0.0
2020-05-09 14:00:00,3639,3502.245,3.9047810761383093,0,Normal,11.45
2020-05-09 15:00:00,3460,3397.6,1.8365905344949405,0,Normal,5.39
2020-05-09 16:00:00,3400,3314.41,2.582360058049552,0,Normal,7.57
2020-05-09 17:00:00,3554,3453.37,2.9139651992112086,0,Normal,8.55
2020-05-09 18:00:00,3732,3664.205,1.8501967002392081,0,Normal,5.43
2020-05-09 19:00:00,3803,3790.51,0.329507111180284,0,Normal,0.97
2020-05-09 20:00:00,3571,3727.885,0.0,0,Normal,0.0
2020-05-09 21:00:00,3088,3036.185,1.7065824381584143,0,Normal,5.0
2020-05-09 22:00:00,2866,2638.635,8.61676586568433,0,Normal,25.27
2020-05-09 23:00:00,2385,2277.05,4.740783030675646,0,Normal,13.9
2020-05-10 00:00:00,1762,1779.585,0.0,0,Normal,0.0
2020-05-10 01:00:00,1495,1698.695,0.0,0,Normal,0.0
2020-05-10 02:00:00,1597,1433.52,11.404096210726046,0,Warning,33.44
2020-05-10 03:00:00,1078,1150.095,0.0,0,Normal,0.0
2020-05-10 04:00:00,576,742.11,0.0,0,Normal,0.0
2020-05-10 05:00:00,1134,1005.11,12.823472057784718,0,Warning,37.6
2020-05-10 06:00:00,1191,1127.55,5.627244911533861,0,Normal,16.5
2020-05-10 07:00:00,1385,1316.255,5.222772183201575,0,Normal,15.32
2020-05-10 08:00:00,2590,2216.465,16.852736226378482,0,Warning,49.42
2020-05-10 09:00:00,3738,3603.48,3.733058043890905,0,Normal,10.95
2020-05-10 10:00:00,4130,4033.04,2.404141788824312,0,Normal,7.05
2020-05-10 11:00:00,4020,4096.55,0.0,0,Normal,0.0
2020-05-10 12:00:00,3913,4005.685,0.0,0,Normal,0.0
2020-05-10 13:00:00,3619,3676.56,0.0,0,Normal,0.0
2020-05-10 14:00:00,3468,3400.73,1.9781047010494799,0,Normal,5.8
2020-05-10 15:00:00,3106,3277.42,0.0,0,Normal,0.0
2020-05-10 16:00:00,2741,2928.82,0.0,0,Normal,0.0
2020-05-10 17:00:00,2816,2900.87,0.0,0,Normal,0.0
2020-05-10 18:00:00,3121,2960.44,5.423518125684018,0,Normal,15.9
2020-05-10 19:00:00,3229,3107.755,3.901369316435816,0,Normal,11.44
2020-05-10 20:00:00,2947,3119.215,0.0,0,Normal,0.0
2020-05-10 21:00:00,2212,2603.455,0.0,0,Normal,0.0
2020-05-10 22:00:00,2083,1972.48,5.6030986372485385,0,Normal,16.43
2020-05-10 23:00:00,1823,2002.01,0.0,0,Normal,0.0
2020-05-11 00:00:00,1561,1597.995,0.0,0,Normal,0.0
2020-05-11 01:00:00,1473,1371.235,7.42141208472655,0,Normal,21.76
2020-05-11 02:00:00,1091,1349.915,0.0,0,Normal,0.0
2020-05-11 03:00:00,539,977.325,0.0,1,Normal,5.0
2020-05-11 04:00:00,1130,489.18,130.99881434236883,2,High,90.0
2020-05-11 05:00:00,1530,1273.34,20.156438971523716,0,High,59.11
2020-05-11 06:00:00,1912,1882.015,1.593239161218157,0,Normal,4.67
2020-05-11 07:00:00,2810,2915.87,0.0,0,Normal,0.0
2020-05-11 08:00:00,3436,3594.565,0.0,0,Normal,0.0
2020-05-11 09:00:00,3644,3362.795,8.362240338765815,0,Normal,24.52
2020-05-11 10:00:00,3674,3446.86,6.589765757820157,0,Normal,19.32
2020-05-11 11:00:00,3431,3405.105,0.760475814989552,0,Normal,2.23
2020-05-11 12:00:00,3376,3272.35,3.167448469754155,0,Normal,9.29
2020-05-11 13:00:00,3292,3209.805,2.560747459736656,0,Normal,7.51
2020-05-11 14:00:00,3100,3074.285,0.8364546553101013,0,Normal,2.45
2020-05-11 15:00:00,2884,2914.015,0.0,0,Normal,0.0
2020-05-11 16:00:00,2835,2770.49,2.3284689711928297,0,Normal,6.83
2020-05-11 17:00:00,3017,2976.405,1.363893690542779,0,Normal,4.0
2020-05-11 18:00:00,3253,3099.305,4.959015004976928,0,Normal,14.54
2020-05-11 19:00:00,3347,3219.54,3.9589506575473528,0,Normal,11.61
2020-05-11 20:00:00,3237,3097.865,4.491319021325985,0,Normal,13.17
2020-05-11 21:00:00,2762,2602.26,6.138510371753774,0,Normal,18.0
2020-05-11 22:00:00,2781,2455.605,13.251113269438692,0,Warning,38.86
2020-05-11 23:00:00,2218,2149.035,3.209114788730763,0,Normal,9.41
2020-05-12 00:00:00,1668,1514.805,10.113182884925779,0,Normal,29.66
2020-05-12 01:00:00,1377,1505.54,0.0,0,Normal,0.0
2020-05-12 02:00:00,915,1164.28,0.0,0,Normal,0.0
2020-05-12 03:00:00,619,742.795,0.0,0,Normal,0.0
2020-05-12 04:00:00,634,927.31,0.0,1,Normal,5.0
2020-05-12 05:00:00,1187,1425.375,0.0,0,Normal,0.0
2020-05-12 06:00:00,2024,2059.285,0.0,0,Normal,0.0
2020-05-12 07:00:00,3017,2919.97,3.322979345678216,0,Normal,9.74
2020-05-12 08:00:00,3571,3492.215,2.2560180286723424,0,Normal,6.62
2020-05-12 09:00:00,4103,3555.155,15.40987664391566,0,Warning,45.19
2020-05-12 10:00:00,4149,4020.755,3.1895750922401365,0,Normal,9.35
2020-05-12 11:00:00,3798,3836.795,0.0,0,Normal,0.0
2020-05-12 12:00:00,3769,3570.095,5.571420368365554,0,Normal,16.34
2020-05-12 13:00:00,3899,3546.545,9.937981895055609,0,Normal,29.14
2020-05-12 14:00:00,3491,3654.235,0.0,0,Normal,0.0
2020-05-12 15:00:00,3092,3221.26,0.0,0,Normal,0.0
2020-05-12 16:00:00,3283,3052.7,7.544141252006427,0,Normal,22.12
2020-05-12 17:00:00,3328,3150.56,5.632014625971258,0,Normal,16.52
2020-05-12 18:00:00,3502,3223.555,8.637823769099649,0,Normal,25.33
2020-05-12 19:00:00,3605,3448.485,4.538659730287354,0,Normal,13.31
2020-05-12 20:00:00,3424,3451.16,0.0,0,Normal,0.0
2020-05-12 21:00:00,2949,2784.59,5.904280342887098,0,Normal,17.31
2020-05-12 22:00:00,2745,2623.15,4.64517850675714,0,Normal,13.62
2020-05-12 23:00:00,2400,2110.69,13.706892058994924,0,Warning,40.19
2020-05-13 00:00:00,1817,1580.365,14.973439680073906,0,Warning,43.91
2020-05-13 01:00:00,1485,1337.035,11.066651209579398,0,Warning,32.45
2020-05-13 02:00:00,1209,1110.71,8.849294595348917,0,Normal,25.95
2020-05-13 03:00:00,881,800.695,10.029411948369846,0,Normal,29.41
2020-05-13 04:00:00,918,680.26,34.948402081557056,1,High,85.0
2020-05-13 05:00:00,1144,1344.35,0.0,0,Normal,0.0
2020-05-13 06:00:00,1978,2214.855,0.0,0,Normal,0.0
2020-05-13 07:00:00,2935,2990.09,0.0,0,Normal,0.0
2020-05-13 08:00:00,3526,3515.615,0.2953963957941987,0,Normal,0.87
2020-05-13 09:00:00,3722,3691.665,0.8217159465986226,0,Normal,2.41
2020-05-13 10:00:00,3852,3732.69,3.196354371780136,0,Normal,9.37
2020-05-13 11:00:00,3919,3727.5,5.137491616364856,0,Normal,15.07
2020-05-13 12:00:00,3805,3683.75,3.2914828639294194,0,Normal,9.65
2020-05-13 13:00:00,4013,3581.98,12.033009676212597,0,Warning,35.29
2020-05-13 14:00:00,3736,3731.755,0.1137534484444957,0,Normal,0.33
2020-05-13 15:00:00,3324,3522.705,0.0,0,Normal,0.0
2020-05-13 16:00:00,3294,3213.8,2.495488207106846,0,Normal,7.32
2020-05-13 17:00:00,3375,3198.515,5.5177168154596785,0,Normal,16.18
2020-05-13 18:00:00,3484,3321.87,4.880684674595939,0,Normal,14.31
2020-05-13 19:00:00,3516,3488.91,0.7764602698263969,0,Normal,2.28
2020-05-13 20:00:00,3294,3460.675,0.0,0,Normal,0.0
2020-05-13 21:00:00,2771,2908.735,0.0,0,Normal,0.0
2020-05-13 22:00:00,2411,2490.76,0.0,0,Normal,0.0
2020-05-13 23:00:00,1895,2272.77,0.0,0,Normal,0.0
2020-05-14 00:00:00,1684,1601.27,5.166524071518234,0,Normal,15.15
2020-05-14 01:00:00,1555,1500.575,3.626943005181344,0,Normal,10.64
2020-05-14 02:00:00,1340,1239.505,8.107672014231477,0,Normal,23.78
2020-05-14 03:00:00,1115,880.295,26.662084869276782,1,High,83.19
2020-05-14 04:00:00,1132,857.625,31.9924209298936,2,High,90.0
2020-05-14 05:00:00,1304,1193.475,9.260772115042217,0,Normal,27.16
2020-05-14 06:00:00,2225,2314.11,0.0,0,Normal,0.0
2020-05-14 07:00:00,3289,3054.385,7.681251708609091,0,Normal,22.52
2020-05-14 08:00:00,3850,3616.175,6.466086403451154,0,Normal,18.96
2020-05-14 09:00:00,3961,3697.16,7.136288394335115,0,Normal,20.93
2020-05-14 10:00:00,3857,3830.185,0.7000967316200145,0,Normal,2.05
2020-05-14 11:00:00,3788,3787.26,0.01953919192238668,0,Normal,0.06
2020-05-14 12:00:00,3686,3587.71,2.739630572147692,0,Normal,8.03
2020-05-14 13:00:00,3676,3682.47,0.0,0,Normal,0.0
2020-05-14 14:00:00,3527,3463.695,1.8276724711615726,0,Normal,5.36
2020-05-14 15:00:00,3587,3313.4,8.257379127180537,0,Normal,24.21
2020-05-14 16:00:00,3737,3391.52,10.186583007029297,0,Normal,29.87
2020-05-14 17:00:00,3467,3604.395,0.0,0,Normal,0.0
2020-05-14 18:00:00,3706,3451.955,7.3594528318011125,0,Normal,21.58
2020-05-14 19:00:00,3846,3664.315,4.9582254800692604,0,Normal,14.54
2020-05-14 20:00:00,3789,3572.51,6.059885066801765,0,Normal,17.77
2020-05-14 21:00:00,3323,3126.805,6.274615781924366,0,Normal,18.4
2020-05-14 22:00:00,3034,2530.005,19.920711619146992,0,Warning,58.42
2020-05-14 23:00:00,2580,2173.975,18.67661771639509,0,Warning,54.77
2020-05-15 00:00:00,2000,1768.51,13.089549960135935,0,Warning,38.38
2020-05-15 01:00:00,1506,1521.105,0.0,0,Normal,0.0
2020-05-15 02:00:00,1316,1303.425,0.9647659052112739,0,Normal,2.83
2020-05-15 03:00:00,1147,1094.61,4.786179552534702,0,Normal,14.04
2020-05-15 04:00:00,1039,1067.0,0.0,0,Normal,0.0
2020-05-15 05:00:00,1331,1303.095,2.141440186632592,0,Normal,6.28
2020-05-15 06:00:00,2116,2423.495,0.0,0,Normal,0.0
2020-05-15 07:00:00,3154,3197.18,0.0,0,Normal,0.0
2020-05-15 08:00:00,3879,3775.765,2.734147914396159,0,Normal,8.02
2020-05-15 09:00:00,4073,3903.095,4.353083898803391,0,Normal,12.77
2020-05-15 10:00:00,3832,4061.495,0.0,0,Normal,0.0
2020-05-15 11:00:00,3789,3676.365,3.063759991186953,0,Normal,8.98
2020-05-15 12:00:00,3783,3608.925,4.823458509112819,0,Normal,14.14
2020-05-15 13:00:00,3713,3587.83,3.4887383181477403,0,Normal,10.23
2020-05-15 14:00:00,3700,3526.83,4.9100750532347766,0,Normal,14.4
2020-05-15 15:00:00,3562,3539.77,0.628006904403394,0,Normal,1.84
2020-05-15 16:00:00,3611,3433.455,5.171030346982851,0,Normal,15.16
2020-05-15 17:00:00,3652,3570.73,2.2760051866145012,0,Normal,6.67
2020-05-15 18:00:00,3827,3623.985,5.60198234816093,0,Normal,16.43
2020-05-15 19:00:00,3724,3761.13,0.0,0,Normal,0.0
2020-05-15 20:00:00,3557,3613.33,0.0,0,Normal,0.0
2020-05-15 21:00:00,3078,3059.69,0.5984266379927361,0,Normal,1.75
2020-05-15 22:00:00,2714,2767.11,0.0,0,Normal,0.0
2020-05-15 23:00:00,2343,2420.195,0.0,0,Normal,0.0
2020-05-16 00:00:00,1919,1774.98,8.11389424106187,0,Normal,23.79
2020-05-16 01:00:00,1419,1579.35,0.0,0,Normal,0.0
2020-05-16 02:00:00,1228,1391.655,0.0,0,Normal,0.0
2020-05-16 03:00:00,1202,1265.65,0.0,0,Normal,0.0
2020-05-16 04:00:00,985,948.575,3.839970482038843,0,Normal,11.26
2020-05-16 05:00:00,670,1052.99,0.0,1,Normal,5.0
2020-05-16 06:00:00,1307,1257.01,3.9768975584919777,0,Normal,11.66
2020-05-16 07:00:00,2191,1983.695,10.450447271379929,0,Normal,30.65
2020-05-16 08:00:00,3484,3393.92,2.6541580237601337,0,Normal,7.78
2020-05-16 09:00:00,4238,4078.085,3.9213258183681794,0,Normal,11.5
2020-05-16 10:00:00,4349,4161.815,4.497677095209672,0,Normal,13.19
2020-05-16 11:00:00,4436,4164.775,6.5123566099009045,0,Normal,19.1
2020-05-16 12:00:00,4183,4139.78,1.0440168318123249,0,Normal,3.06
2020-05-16 13:00:00,3975,3916.58,1.4916074738675087,0,Normal,4.37
2020-05-16 14:00:00,3895,3761.115,3.5597156694225043,0,Normal,10.44
2020-05-16 15:00:00,3776,3636.91,3.8244003838423315,0,Normal,11.21
2020-05-16 16:00:00,3432,3552.53,0.0,0,Normal,0.0
2020-05-16 17:00:00,3452,3337.165,3.4410944619160286,0,Normal,10.09
2020-05-16 18:00:00,3773,3390.16,11.292682351275461,0,Warning,33.12
2020-05-16 19:00:00,3609,3689.005,0.0,0,Normal,0.0
2020-05-16 20:00:00,3482,3583.49,0.0,0,Normal,0.0
2020-05-16 21:00:00,3163,3028.655,4.435797408420562,0,Normal,13.01
2020-05-16 22:00:00,2825,2696.645,4.759803385317682,0,Normal,13.96
2020-05-16 23:00:00,2437,2242.56,8.670448059360734,0,Normal,25.43
2020-05-17 00:00:00,2109,1700.64,24.012136607394854,1,High,75.41
2020-05-17 01:00:00,1746,1436.8,21.520044543429847,0,High,63.11
2020-05-17 02:00:00,1484,1447.41,2.527963742132493,0,Normal,7.41
2020-05-17 03:00:00,1149,1202.605,0.0,0,Normal,0.0
2020-05-17 04:00:00,824,981.09,0.0,0,Normal,0.0
2020-05-17 05:00:00,797,966.125,0.0,0,Normal,0.0
2020-05-17 06:00:00,804,1163.05,0.0,1,Normal,5.0
2020-05-17 07:00:00,1716,1352.945,26.834424163583893,2,High,88.69
2020-05-17 08:00:00,2776,2425.75,14.438833350510153,0,Warning,42.34
2020-05-17 09:00:00,3816,3773.255,1.1328415386715154,0,Normal,3.32
2020-05-17 10:00:00,4241,4122.605,2.87184923125064,0,Normal,8.42
2020-05-17 11:00:00,4612,4156.61,10.955802925942063,0,Warning,32.13
2020-05-17 12:00:00,4264,4236.39,0.6517341415686391,0,Normal,1.91
2020-05-17 13:00:00,4017,4113.675,0.0,0,Normal,0.0
2020-05-17 14:00:00,3776,3791.995,0.0,0,Normal,0.0
2020-05-17 15:00:00,3500,3577.355,0.0,0,Normal,0.0
2020-05-17 16:00:00,3401,3315.305,2.5848300533435133,0,Normal,7.58
2020-05-17 17:00:00,3467,3387.01,2.3616700275464133,0,Normal,6.93
2020-05-17 18:00:00,3864,3486.065,10.841306745571295,0,Normal,31.79
2020-05-17 19:00:00,4085,3834.445,6.534322437797383,0,Normal,19.16
2020-05-17 20:00:00,3862,3689.34,4.679969859107587,0,Normal,13.72
2020-05-17 21:00:00,3042,3287.345,0.0,0,Normal,0.0
2020-05-17 22:00:00,2654,2629.155,0.9449804214662048,0,Normal,2.77
2020-05-17 23:00:00,2434,2129.5,14.29913125146748,0,Warning,41.93
2020-05-18 00:00:00,1837,1699.005,8.12210676248745,0,Normal,23.82
2020-05-18 01:00:00,1557,1552.45,0.29308512351444194,0,Normal,0.86
2020-05-18 02:00:00,1189,1319.74,0.0,0,Normal,0.0
2020-05-18 03:00:00,863,1066.28,0.0,0,Normal,0.0
2020-05-18 04:00:00,781,870.31,0.0,0,Normal,0.0
2020-05-18 05:00:00,1221,1207.005,1.1594815265885303,0,Normal,3.4
2020-05-18 06:00:00,2377,1985.505,19.717653695155633,0,Warning,57.82
2020-05-18 07:00:00,3166,3228.445,0.0,0,Normal,0.0
2020-05-18 08:00:00,3681,3717.165,0.0,0,Normal,0.0
2020-05-18 09:00:00,3900,3598.37,8.382406478488875,0,Normal,24.58
2020-05-18 10:00:00,3914,3889.015,0.6424505948164285,0,Normal,1.88
2020-05-18 11:00:00,3899,3877.62,0.551369138801639,0,Normal,1.62
2020-05-18 12:00:00,3831,3810.575,0.5360083451972519,0,Normal,1.57
2020-05-18 13:00:00,3844,3608.225,6.534376320767139,0,Normal,19.16
2020-05-18 14:00:00,3663,3572.88,2.522334923087254,0,Normal,7.4
2020-05-18 15:00:00,3497,3420.73,2.22964104153207,0,Normal,6.54
2020-05-18 16:00:00,3407,3354.09,1.5774770504071105,0,Normal,4.63
2020-05-18 17:00:00,3671,3494.84,5.040574103535493,0,Normal,14.78
2020-05-18 18:00:00,4216,3761.865,12.072070635176974,0,Warning,35.4
2020-05-18 19:00:00,4576,4120.67,11.049902079030835,0,Warning,32.4
2020-05-18 20:00:00,4367,4164.765,4.855856212775503,0,Normal,14.24
2020-05-18 21:00:00,3756,3621.88,3.7030492451434025,0,Normal,10.86
2020-05-18 22:00:00,3187,3001.19,6.19121081970818,0,Normal,18.16
2020-05-18 23:00:00,2329,2410.095,0.0,0,Normal,0.0
2020-05-19 00:00:00,1587,1664.05,0.0,0,Normal,0.0
2020-05-19 01:00:00,1615,1515.44,6.569709127382143,0,Normal,19.27
2020-05-19 02:00:00,1716,1250.655,37.20810295405208,1,High,85.0
2020-05-19 03:00:00,1136,1110.8,2.2686352178610054,0,Normal,6.65
2020-05-19 04:00:00,947,888.685,6.56194264559434,0,Normal,19.24
2020-05-19 05:00:00,1525,1308.95,16.505596088467854,0,Warning,48.4
2020-05-19 06:00:00,2167,2557.16,0.0,0,Normal,0.0
2020-05-19 07:00:00,3362,3229.17,4.113440915157763,0,Normal,12.06
2020-05-19 08:00:00,4216,3814.42,10.527943960025375,0,Normal,30.87
2020-05-19 09:00:00,4767,4165.72,14.433999404664732,0,Warning,42.33
2020-05-19 10:00:00,4725,4045.175,16.805824222685047,0,Warning,49.28
2020-05-19 11:00:00,4479,4115.72,8.826645155647121,0,Normal,25.88
2020-05-19 12:00:00,4392,4155.105,5.701299967148856,0,Normal,16.72
2020-05-19 13:00:00,4137,4108.665,0.689640065568744,0,Normal,2.02
2020-05-19 14:00:00,3714,3716.33,0.0,0,Normal,0.0
2020-05-19 15:00:00,3604,3466.02,3.9809349051650025,0,Normal,11.67
2020-05-19 16:00:00,3583,3525.09,1.6427949357321332,0,Normal,4.82
2020-05-19 17:00:00,3706,3679.44,0.7218489770182404,0,Normal,2.12
2020-05-19 18:00:00,4052,3860.33,4.965119562317214,0,Normal,14.56
2020-05-19 19:00:00,4225,4066.985,3.885310617078742,0,Normal,11.39
2020-05-19 20:00:00,4019,4200.23,0.0,0,Normal,0.0
2020-05-19 21:00:00,3396,3524.655,0.0,0,Normal,0.0
2020-05-19 22:00:00,3010,2871.335,4.829286725512696,0,Normal,14.16
2020-05-19 23:00:00,2530,2320.08,9.047963863315061,0,Normal,26.53
2020-05-20 00:00:00,1563,1725.67,0.0,0,Normal,0.0
2020-05-20 01:00:00,1559,1503.005,3.725536508527908,0,Normal,10.92
2020-05-20 02:00:00,1678,1504.22,11.552831367752056,0,Warning,33.88
2020-05-20 03:00:00,1451,1317.425,10.139097102301843,0,Normal,29.73
2020-05-20 04:00:00,1198,994.895,20.41471713095352,0,High,59.87
2020-05-20 05:00:00,1616,1483.45,8.935252283528259,0,Normal,26.2
2020-05-20 06:00:00,2401,2282.18,5.206425435329385,0,Normal,15.27
2020-05-20 07:00:00,3495,3481.525,0.3870430343024941,0,Normal,1.13
2020-05-20 08:00:00,3946,3820.54,3.2838289875253244,0,Normal,9.63
2020-05-20 09:00:00,4087,4011.79,1.8747242502723231,0,Normal,5.5
2020-05-20 10:00:00,4000,4070.86,0.0,0,Normal,0.0
2020-05-20 11:00:00,3804,3978.46,0.0,0,Normal,0.0
2020-05-20 12:00:00,3782,3847.35,0.0,0,Normal,0.0
2020-05-20 13:00:00,3732,3801.66,0.0,0,Normal,0.0
2020-05-20 14:00:00,3662,3575.015,2.433136644181916,0,Normal,7.14
2020-05-20 15:00:00,3544,3432.895,3.236481162400831,0,Normal,9.49
2020-05-20 16:00:00,3565,3470.84,2.712887946433712,0,Normal,7.96
2020-05-20 17:00:00,3679,3644.715,0.9406771174152123,0,Normal,2.76
2020-05-20 18:00:00,3991,3766.735,5.953830041136418,0,Normal,17.46
2020-05-20 19:00:00,4110,3957.21,3.861053621111843,0,Normal,11.32
2020-05-20 20:00:00,3934,3870.805,1.6326061374830343,0,Normal,4.79
2020-05-20 21:00:00,3519,3374.505,4.2819613543319655,0,Normal,12.56
2020-05-20 22:00:00,3205,2969.665,7.9246312294484405,0,Normal,23.24
2020-05-20 23:00:00,2729,2430.37,12.28742948604534,0,Warning,36.03
2020-05-21 00:00:00,2010,1684.845,19.298807902210587,0,Warning,56.59
2020-05-21 01:00:00,1428,1551.675,0.0,0,Normal,0.0
2020-05-21 02:00:00,1533,1470.345,4.261244809891554,0,Normal,12.5
2020-05-21 03:00:00,1478,1326.47,11.423552737717397,0,Warning,33.5
2020-05-21 04:00:00,1010,1228.74,0.0,0,Normal,0.0
2020-05-21 05:00:00,989,1584.74,0.0,1,Normal,5.0
2020-05-21 06:00:00,1468,2500.285,0.0,2,Normal,10.0
2020-05-21 07:00:00,1578,1986.83,0.0,0,Normal,0.0
2020-05-21 08:00:00,2935,2336.935,25.591854287774375,1,High,80.05
2020-05-21 09:00:00,4185,3558.215,17.615152541372566,0,Warning,51.66
2020-05-21 10:00:00,4681,4057.76,15.35921296478845,0,Warning,45.04
2020-05-21 11:00:00,4656,4205.27,10.718217855214993,0,Normal,31.43
2020-05-21 12:00:00,4508,4171.65,8.062756942696545,0,Normal,23.64
2020-05-21 13:00:00,4328,4167.76,3.844751137301566,0,Normal,11.27
2020-05-21 14:00:00,4082,4034.585,1.1752138076159002,0,Normal,3.45
2020-05-21 15:00:00,3786,3753.765,0.8587378272214732,0,Normal,2.52
2020-05-21 16:00:00,3407,3614.69,0.0,0,Normal,0.0
2020-05-21 17:00:00,3626,3543.605,2.3251745044947163,0,Normal,6.82
2020-05-21 18:00:00,3949,3888.7,1.5506467456990816,0,Normal,4.55
2020-05-21 19:00:00,4480,4054.245,10.501462047804218,0,Normal,30.8
2020-05-21 20:00:00,4568,4215.57,8.360198027787472,0,Normal,24.52
2020-05-21 21:00:00,4028,4007.26,0.5175606274611525,0,Normal,1.52
2020-05-21 22:00:00,3348,3494.56,0.0,0,Normal,0.0
2020-05-21 23:00:00,2596,2644.625,0.0,0,Normal,0.0
2020-05-22 00:00:00,1730,2505.555,0.0,1,Normal,5.0
2020-05-22 01:00:00,1269,1473.325,0.0,0,Normal,0.0
2020-05-22 02:00:00,1409,1468.51,0.0,0,Normal,0.0
2020-05-22 03:00:00,1203,1367.11,0.0,0,Normal,0.0
2020-05-22 04:00:00,764,1044.105,0.0,1,Normal,5.0
2020-05-22 05:00:00,1354,1184.37,14.322382363619488,0,Warning,42.0
2020-05-22 06:00:00,2022,1812.04,11.586940685636081,0,Warning,33.98
2020-05-22 07:00:00,2544,3353.69,0.0,1,Normal,5.0
2020-05-22 08:00:00,4242,3614.89,17.347969094495273,0,Warning,50.87
2020-05-22 09:00:00,4404,4274.63,3.026460769704042,0,Normal,8.87
2020-05-22 10:00:00,4132,4363.415,0.0,0,Normal,0.0
2020-05-22 11:00:00,4078,4240.025,0.0,0,Normal,0.0
2020-05-22 12:00:00,3904,4236.81,0.0,0,Normal,0.0
2020-05-22 13:00:00,3855,4079.89,0.0,0,Normal,0.0
2020-05-22 14:00:00,3714,3976.58,0.0,0,Normal,0.0
2020-05-22 15:00:00,3562,3616.695,0.0,0,Normal,0.0
2020-05-22 16:00:00,3559,3470.225,2.5581914717345446,0,Normal,7.5
2020-05-22 17:00:00,2914,3639.415,0.0,0,Normal,0.0
2020-05-22 18:00:00,3263,3206.965,1.7472906626670341,0,Normal,5.12
2020-05-22 19:00:00,3561,3462.735,2.837785738729642,0,Normal,8.32
2020-05-22 20:00:00,3218,3767.94,0.0,0,Normal,0.0
2020-05-22 21:00:00,2834,2784.355,1.7829982168222076,0,Normal,5.23
2020-05-22 22:00:00,2635,2631.465,0.13433581674085934,0,Normal,0.39
2020-05-22 23:00:00,2274,2235.415,1.7260777081660468,0,Normal,5.06
2020-05-23 00:00:00,1768,1727.57,2.340281435773952,0,Normal,6.86
2020-05-23 01:00:00,1854,1440.595,28.69682318764121,1,High,85.0
2020-05-23 02:00:00,1614,1471.845,9.65828602875982,0,Normal,28.32
2020-05-23 03:00:00,719,1238.43,0.0,1,Normal,5.0
2020-05-23 04:00:00,663,807.63,0.0,0,Normal,0.0
2020-05-23 05:00:00,1219,1063.035,14.671671205557663,0,Warning,43.02
2020-05-23 06:00:00,1142,1388.48,0.0,0,Normal,0.0
2020-05-23 07:00:00,1583,2008.735,0.0,0,Normal,0.0
2020-05-23 08:00:00,3161,2371.035,33.317306577085546,1,High,85.0
2020-05-23 09:00:00,4145,3962.505,4.60554623905837,0,Normal,13.51
2020-05-23 10:00:00,4375,4043.21,8.206103566225845,0,Normal,24.06
2020-05-23 11:00:00,4219,4199.965,0.45321806253146996,0,Normal,1.33
2020-05-23 12:00:00,3981,4104.905,0.0,0,Normal,0.0
2020-05-23 13:00:00,3938,3910.305,0.7082567728092863,0,Normal,2.08
2020-05-23 14:00:00,3967,3827.99,3.631409695427632,0,Normal,10.65
2020-05-23 15:00:00,3587,3775.195,0.0,0,Normal,0.0
2020-05-23 16:00:00,3321,3402.345,0.0,0,Normal,0.0
2020-05-23 17:00:00,3404,3188.63,6.7543114127383825,0,Normal,19.81
2020-05-23 18:00:00,3652,3347.915,9.082817216088223,0,Normal,26.63
2020-05-23 19:00:00,3556,3671.065,0.0,0,Normal,0.0
2020-05-23 20:00:00,3373,3516.34,0.0,0,Normal,0.0
2020-05-23 21:00:00,2693,2840.91,0.0,0,Normal,0.0
2020-05-23 22:00:00,2407,2444.985,0.0,0,Normal,0.0
2020-05-23 23:00:00,2349,2282.635,2.9073855434618228,0,Normal,8.53
2020-05-24 00:00:00,1970,1804.79,9.153973592495527,0,Normal,26.84
2020-05-24 01:00:00,1737,1636.47,6.143100698454599,0,Normal,18.01
2020-05-24 02:00:00,1534,1500.8,2.2121535181236704,0,Normal,6.49
2020-05-24 03:00:00,865,992.055,0.0,0,Normal,0.0
2020-05-24 04:00:00,518,733.72,0.0,1,Normal,5.0
2020-05-24 05:00:00,995,943.115,5.501449982239705,0,Normal,16.13
2020-05-24 06:00:00,1283,959.175,33.760784007089434,1,High,85.0
2020-05-24 07:00:00,1276,1764.44,0.0,2,Normal,10.0
2020-05-24 08:00:00,2431,2304.79,5.475986966274586,0,Normal,16.06
2020-05-24 09:00:00,3803,3520.86,8.01338309390319,0,Normal,23.5
2020-05-24 10:00:00,4040,4103.495,0.0,0,Normal,0.0
2020-05-24 11:00:00,3955,4026.105,0.0,0,Normal,0.0
2020-05-24 12:00:00,3706,3915.125,0.0,0,Normal,0.0
2020-05-24 13:00:00,3616,3658.595,0.0,0,Normal,0.0
2020-05-24 14:00:00,3121,3641.605,0.0,0,Normal,0.0
2020-05-24 15:00:00,2927,3088.915,0.0,0,Normal,0.0
2020-05-24 16:00:00,2682,2735.305,0.0,0,Normal,0.0
2020-05-24 17:00:00,3018,2791.94,8.096878872755143,0,Normal,23.74
2020-05-24 18:00:00,3206,3073.485,4.311555123906571,0,Normal,12.64
2020-05-24 19:00:00,3236,3216.685,0.6004628989161219,0,Normal,1.76
2020-05-24 20:00:00,3020,3115.61,0.0,0,Normal,0.0
2020-05-24 21:00:00,2235,2698.13,0.0,0,Normal,0.0
2020-05-24 22:00:00,1820,2115.2,0.0,0,Normal,0.0
2020-05-24 23:00:00,1918,2065.86,0.0,0,Normal,0.0
2020-05-25 00:00:00,1421,1757.96,0.0,0,Normal,0.0
2020-05-25 01:00:00,1487,1370.865,8.471658405459326,0,Normal,24.84
2020-05-25 02:00:00,1166,1295.945,0.0,0,Normal,0.0
2020-05-25 03:00:00,255,875.44,0.0,1,Normal,5.0
2020-05-25 04:00:00,660,759.04,0.0,0,Normal,0.0
2020-05-25 05:00:00,1409,1114.055,26.47490473989165,1,High,82.64
2020-05-25 06:00:00,1873,2064.965,0.0,0,Normal,0.0
2020-05-25 07:00:00,3026,3141.31,0.0,0,Normal,0.0
2020-05-25 08:00:00,3678,3757.7,0.0,0,Normal,0.0
2020-05-25 09:00:00,3808,3633.47,4.803397303404189,0,Normal,14.09
2020-05-25 10:00:00,3854,3609.185,6.7831103143784555,0,Normal,19.89
2020-05-25 11:00:00,3699,3721.15,0.0,0,Normal,0.0
2020-05-25 12:00:00,3874,3577.77,8.279738496325924,0,Normal,24.28
2020-05-25 13:00:00,3602,3754.675,0.0,0,Normal,0.0
2020-05-25 14:00:00,3630,3433.555,5.721329642309506,0,Normal,16.78
2020-05-25 15:00:00,3379,3379.36,0.0,0,Normal,0.0
2020-05-25 16:00:00,3298,3216.03,2.5487946318908654,0,Normal,7.47
2020-05-25 17:00:00,3456,3224.645,7.174588210485186,0,Normal,21.04
2020-05-25 18:00:00,3725,3393.99,9.752827792657028,0,Normal,28.6
2020-05-25 19:00:00,3977,3665.895,8.486467833912318,0,Normal,24.89
2020-05-25 20:00:00,3780,3890.34,0.0,0,Normal,0.0
2020-05-25 21:00:00,3179,3306.405,0.0,0,Normal,0.0
2020-05-25 22:00:00,2981,2758.22,8.076948176722677,0,Normal,23.69
2020-05-25 23:00:00,2410,2316.49,4.036710713191088,0,Normal,11.84
2020-05-26 00:00:00,1691,1475.275,14.622697463184823,0,Warning,42.88
2020-05-26 01:00:00,1313,1529.035,0.0,0,Normal,0.0
2020-05-26 02:00:00,1429,1358.485,5.190708767487319,0,Normal,15.22
2020-05-26 03:00:00,1117,875.625,27.566024268379728,1,High,85.0
2020-05-26 04:00:00,406,760.995,0.0,2,Normal,10.0
2020-05-26 05:00:00,1338,1356.385,0.0,0,Normal,0.0
2020-05-26 06:00:00,2420,2143.925,12.877082920344684,0,Warning,37.76
2020-05-26 07:00:00,3238,3238.89,0.0,0,Normal,0.0
2020-05-26 08:00:00,3880,3779.3,2.6645145926494274,0,Normal,7.81
2020-05-26 09:00:00,4300,3784.895,13.609492469408002,0,Warning,39.91
2020-05-26 10:00:00,4187,4221.49,0.0,0,Normal,0.0
2020-05-26 11:00:00,4177,4026.125,3.747399795088329,0,Normal,10.99
2020-05-26 12:00:00,4155,4039.34,2.863339060341537,0,Normal,8.4
2020-05-26 13:00:00,4073,3916.105,4.006404322662441,0,Normal,11.75
2020-05-26 14:00:00,3862,3800.48,1.6187428956342353,0,Normal,4.75
2020-05-26 15:00:00,3813,3674.15,3.7791053713103686,0,Normal,11.08
2020-05-26 16:00:00,3877,3495.205,10.923393620688918,0,Warning,32.03
2020-05-26 17:00:00,4066,3792.975,7.19817557458196,0,Normal,21.11
2020-05-26 18:00:00,4413,3942.465,11.93504571378566,0,Warning,35.0
2020-05-26 19:00:00,4688,4238.2,10.61299608324289,0,Normal,31.12
2020-05-26 20:00:00,4378,4214.59,3.8772454734624207,0,Normal,11.37
2020-05-26 21:00:00,4025,3744.315,7.4962977206778785,0,Normal,21.98
2020-05-26 22:00:00,3557,3505.07,1.4815681284539206,0,Normal,4.34
2020-05-26 23:00:00,2600,2791.73,0.0,0,Normal,0.0
2020-05-27 00:00:00,1746,1799.15,0.0,0,Normal,0.0
2020-05-27 01:00:00,1359,1485.345,0.0,0,Normal,0.0
2020-05-27 02:00:00,1443,1445.47,0.0,0,Normal,0.0
2020-05-27 03:00:00,965,1240.685,0.0,0,Normal,0.0
2020-05-27 04:00:00,708,792.09,0.0,0,Normal,0.0
2020-05-27 05:00:00,1519,1369.8,10.89210103664769,0,Warning,31.94
2020-05-27 06:00:00,2440,2559.39,0.0,0,Normal,0.0
2020-05-27 07:00:00,3619,3464.855,4.448815318389947,0,Normal,13.05
2020-05-27 08:00:00,4123,4019.245,2.581454974752724,0,Normal,7.57
2020-05-27 09:00:00,4248,4098.025,3.65968972858878,0,Normal,10.73
2020-05-27 10:00:00,4143,4242.71,0.0,0,Normal,0.0
2020-05-27 11:00:00,4202,3957.37,6.181630729499645,0,Normal,18.13
2020-05-27 12:00:00,4223,4111.95,2.700665134546874,0,Normal,7.92
2020-05-27 13:00:00,4214,4137.915,1.8387279584041731,0,Normal,5.39
2020-05-27 14:00:00,4211,4004.695,5.151578334929372,0,Normal,15.11
2020-05-27 15:00:00,3968,3961.575,0.16218297015707595,0,Normal,0.48
2020-05-27 16:00:00,3934,3807.12,3.3327029355523363,0,Normal,9.77
2020-05-27 17:00:00,4263,3971.26,7.346283043668754,0,Normal,21.54
2020-05-27 18:00:00,4865,4379.63,11.082443037425534,0,Warning,32.5
2020-05-27 19:00:00,5171,4721.295,9.525034974514405,0,Normal,27.93
2020-05-27 20:00:00,4918,4699.0,4.660566077888912,0,Normal,13.67
2020-05-27 21:00:00,3924,4207.14,0.0,0,Normal,0.0
2020-05-27 22:00:00,3428,3414.355,0.39963624169132916,0,Normal,1.17
2020-05-27 23:00:00,2732,2606.18,4.8277555656171165,0,Normal,14.16
2020-05-28 00:00:00,1942,2649.43,0.0,1,Normal,5.0
2020-05-28 01:00:00,1586,1433.255,10.657210335913698,0,Normal,31.25
2020-05-28 02:00:00,1821,1471.985,23.710499767321007,1,High,74.53
2020-05-28 03:00:00,1750,1363.155,28.378650997135324,2,High,90.0
2020-05-28 04:00:00,1138,1048.51,8.534968669826707,0,Normal,25.03
2020-05-28 05:00:00,1522,1466.86,3.7590499434165565,0,Normal,11.02
2020-05-28 06:00:00,2659,2367.615,12.307110742244843,0,Warning,36.09
2020-05-28 07:00:00,3895,3609.11,7.921343489115042,0,Normal,23.23
2020-05-28 08:00:00,4344,3951.29,9.938779487205446,0,Normal,29.14
2020-05-28 09:00:00,4257,4261.82,0.0,0,Normal,0.0
2020-05-28 10:00:00,4151,4272.4,0.0,0,Normal,0.0
2020-05-28 11:00:00,4023,4012.645,0.258059210321372,0,Normal,0.76
2020-05-28 12:00:00,4280,4012.94,6.654971168270643,0,Normal,19.52
2020-05-28 13:00:00,4246,4240.35,0.13324371808930008,0,Normal,0.39
2020-05-28 14:00:00,4120,4239.695,0.0,0,Normal,0.0
2020-05-28 15:00:00,3810,3700.08,2.97074657845236,0,Normal,8.71
2020-05-28 16:00:00,3783,3607.665,4.860068770243358,0,Normal,14.25
2020-05-28 17:00:00,4052,3892.98,4.084788516766076,0,Normal,11.98
2020-05-28 18:00:00,4480,4172.935,7.358489887812763,0,Normal,21.58
2020-05-28 19:00:00,5066,4404.17,15.027349080530495,0,Warning,44.07
2020-05-28 20:00:00,4966,4853.155,2.325188459878167,0,Normal,6.82
2020-05-28 21:00:00,4063,4197.91,0.0,0,Normal,0.0
2020-05-28 22:00:00,3545,3527.605,0.49311076495242473,0,Normal,1.45
2020-05-28 23:00:00,2656,2811.985,0.0,0,Normal,0.0
2020-05-29 00:00:00,1909,1963.54,0.0,0,Normal,0.0
2020-05-29 01:00:00,1569,1568.155,0.05388497948225955,0,Normal,0.16
2020-05-29 02:00:00,1735,1547.005,12.152190846183423,0,Warning,35.64
2020-05-29 03:00:00,1574,1583.65,0.0,0,Normal,0.0
2020-05-29 04:00:00,1026,1276.565,0.0,0,Normal,0.0
2020-05-29 05:00:00,1462,1567.305,0.0,0,Normal,0.0
2020-05-29 06:00:00,3125,2497.15,25.142662635404356,1,High,78.73
2020-05-29 07:00:00,3744,3385.415,10.592054445319112,0,Normal,31.06
2020-05-29 08:00:00,4502,4206.7,7.019754201630736,0,Normal,20.59
2020-05-29 09:00:00,4668,4248.305,9.879116494696111,0,Normal,28.97
2020-05-29 10:00:00,4384,4243.575,3.3091202582728054,0,Normal,9.7
2020-05-29 11:00:00,4101,4194.04,0.0,0,Normal,0.0
2020-05-29 12:00:00,4317,4044.445,6.738996327060939,0,Normal,19.76
2020-05-29 13:00:00,4180,4232.765,0.0,0,Normal,0.0
2020-05-29 14:00:00,3963,4013.84,0.0,0,Normal,0.0
2020-05-29 15:00:00,3881,3695.06,5.032123970923343,0,Normal,14.76
2020-05-29 16:00:00,3878,3670.085,5.66512764690736,0,Normal,16.61
2020-05-29 17:00:00,4175,3800.195,9.862783357169825,0,Normal,28.92
2020-05-29 18:00:00,4759,4273.07,11.37191761426797,0,Warning,33.35
2020-05-29 19:00:00,5266,4626.98,13.810736160519399,0,Warning,40.5
2020-05-29 20:00:00,5258,4905.8,7.179257205756448,0,Normal,21.05
2020-05-29 21:00:00,4441,4338.71,2.3576132076124,0,Normal,6.91
2020-05-29 22:00:00,3794,3456.0,9.780092592592593,0,Normal,28.68
2020-05-29 23:00:00,2997,2849.96,5.159370657833793,0,Normal,15.13
2020-05-30 00:00:00,2129,2035.205,4.608626649403872,0,Normal,13.51
2020-05-30 01:00:00,1454,1629.86,0.0,0,Normal,0.0
2020-05-30 02:00:00,1758,1470.45,19.55523819239008,0,Warning,57.34
2020-05-30 03:00:00,1647,1521.985,8.213944289858317,0,Normal,24.09
2020-05-30 04:00:00,1165,1184.54,0.0,0,Normal,0.0
2020-05-30 05:00:00,1260,1197.995,5.17573111740868,0,Normal,15.18
2020-05-30 06:00:00,1921,1389.975,38.20392453101675,1,High,85.0
2020-05-30 07:00:00,2619,2344.045,11.729936925272336,0,Warning,34.4
2020-05-30 08:00:00,3827,3699.82,3.437464525301227,0,Normal,10.08
2020-05-30 09:00:00,4830,4128.595,16.98895144716301,0,Warning,49.82
2020-05-30 10:00:00,4967,4495.39,10.490969637784477,0,Normal,30.76
2020-05-30 11:00:00,4899,4438.27,10.380846591126712,0,Normal,30.44
2020-05-30 12:00:00,4745,4528.375,4.783724846109255,0,Normal,14.03
2020-05-30 13:00:00,4610,4228.96,9.010253111876205,0,Normal,26.42
2020-05-30 14:00:00,4327,4204.27,2.9191750291964964,0,Normal,8.56
2020-05-30 15:00:00,4342,4062.64,6.876316877695294,0,Normal,20.16
2020-05-30 16:00:00,4222,3950.32,6.877417525668802,0,Normal,20.17
2020-05-30 17:00:00,4454,4076.095,9.271251038064623,0,Normal,27.19
2020-05-30 18:00:00,4820,4345.25,10.925723491168517,0,Warning,32.04
2020-05-30 19:00:00,5010,4768.56,5.06316372238159,0,Normal,14.85
2020-05-30 20:00:00,4818,4928.92,0.0,0,Normal,0.0
2020-05-30 21:00:00,3657,4375.6,0.0,0,Normal,0.0
2020-05-30 22:00:00,3184,3020.675,5.40690408600726,0,Normal,15.86
2020-05-30 23:00:00,2892,2735.265,5.730157772647263,0,Normal,16.8
2020-05-31 00:00:00,2361,2677.61,0.0,0,Normal,0.0
2020-05-31 01:00:00,1657,1516.37,9.274121751287623,0,Normal,27.2
2020-05-31 02:00:00,1806,1502.475,20.201667249039094,0,High,59.24
2020-05-31 03:00:00,1614,1521.855,6.054781828755037,0,Normal,17.76
2020-05-31 04:00:00,1096,1290.605,0.0,0,Normal,0.0
2020-05-31 05:00:00,843,1025.39,0.0,0,Normal,0.0
2020-05-31 06:00:00,1333,1322.54,0.7909023545601672,0,Normal,2.32
2020-05-31 07:00:00,1506,1742.705,0.0,0,Normal,0.0
2020-05-31 08:00:00,2903,2581.315,12.462059066793472,0,Warning,36.54
2020-05-31 09:00:00,4326,4232.03,2.220447397584617,0,Normal,6.51
2020-05-31 10:00:00,4707,4234.72,11.15256734801828,0,Warning,32.7
2020-05-31 11:00:00,4733,4355.485,8.66757663038675,0,Normal,25.42
2020-05-31 12:00:00,4594,4323.25,6.262649627016711,0,Normal,18.36
2020-05-31 13:00:00,4315,4258.645,1.3233082353659336,0,Normal,3.88
2020-05-31 14:00:00,3899,4150.745,0.0,0,Normal,0.0
2020-05-31 15:00:00,3791,3785.145,0.15468363827541662,0,Normal,0.45
2020-05-31 16:00:00,3452,3534.815,0.0,0,Normal,0.0
2020-05-31 17:00:00,3538,3482.6,1.5907655200137854,0,Normal,4.66
2020-05-31 18:00:00,3911,3830.565,2.099820783618081,0,Normal,6.16
2020-05-31 19:00:00,4143,4095.405,1.1621561237533236,0,Normal,3.41
2020-05-31 20:00:00,4575,4149.56,10.252653293361213,0,Normal,30.07
2020-05-31 21:00:00,3745,3765.11,0.0,0,Normal,0.0
2020-05-31 22:00:00,3155,3115.655,1.2628163259410878,0,Normal,3.7
2020-05-31 23:00:00,2561,2651.22,0.0,0,Normal,0.0
2020-06-01 00:00:00,1974,1877.775,5.124415864520505,0,Normal,15.03
2020-06-01 01:00:00,1624,1525.78,6.437363184731745,0,Normal,18.88
2020-06-01 02:00:00,1616,1486.02,8.746854012731998,0,Normal,25.65
2020-06-01 03:00:00,1295,1524.635,0.0,0,Normal,0.0
2020-06-01 04:00:00,481,1108.675,0.0,1,Normal,5.0
2020-06-01 05:00:00,979,1147.655,0.0,0,Normal,0.0
2020-06-01 06:00:00,1178,1857.77,0.0,1,Normal,5.0
2020-06-01 07:00:00,1602,2414.735,0.0,2,Normal,10.0
2020-06-01 08:00:00,3226,2857.005,12.915448170374216,0,Warning,37.87
2020-06-01 09:00:00,4227,3654.025,15.68065352590636,0,Warning,45.98
2020-06-01 10:00:00,4773,4164.62,14.608295594796166,0,Warning,42.84
2020-06-01 11:00:00,4849,4601.865,5.3703226843899206,0,Normal,15.75
2020-06-01 12:00:00,4870,4558.57,6.831747675257819,0,Normal,20.03
2020-06-01 13:00:00,4956,4544.4,9.057301293900194,0,Normal,26.56
2020-06-01 14:00:00,4434,4257.475,4.146236912724082,0,Normal,12.16
2020-06-01 15:00:00,4114,3987.035,3.1844465875017436,0,Normal,9.34
2020-06-01 16:00:00,3820,3738.58,2.1778322250694133,0,Normal,6.39
2020-06-01 17:00:00,3945,3969.9,0.0,0,Normal,0.0
2020-06-01 18:00:00,4663,3969.23,17.478704937733514,0,Warning,51.26
2020-06-01 19:00:00,5386,4397.085,22.490240693550383,1,High,70.95
2020-06-01 20:00:00,5412,4844.065,11.724347216645533,0,Warning,34.38
2020-06-01 21:00:00,4642,4217.0,10.078254683424236,0,Normal,29.55
2020-06-01 22:00:00,3966,3579.135,10.80889656299636,0,Normal,31.7
2020-06-01 23:00:00,2828,3100.86,0.0,0,Normal,0.0
2020-06-02 00:00:00,1945,1936.405,0.44386375783991605,0,Normal,1.3
2020-06-02 01:00:00,1578,1499.295,5.249467249607311,0,Normal,15.39
2020-06-02 02:00:00,1780,1484.155,19.933564890459557,0,Warning,58.45
2020-06-02 03:00:00,1661,1370.09,21.232911706530235,0,High,62.26
2020-06-02 04:00:00,1172,1055.005,11.089520902744525,0,Warning,32.52
2020-06-02 05:00:00,1678,1270.195,32.105700305858555,1,High,85.0
2020-06-02 06:00:00,2601,2445.68,6.350789964345302,0,Normal,18.62
2020-06-02 07:00:00,3718,3698.415,0.5295511725969108,0,Normal,1.55
2020-06-02 08:00:00,4650,3988.92,16.572906952257753,0,Warning,48.6
2020-06-02 09:00:00,4799,4313.015,11.267871778790466,0,Warning,33.04
2020-06-02 10:00:00,4855,4826.25,0.5957005957005956,0,Normal,1.75
2020-06-02 11:00:00,4666,4908.255,0.0,0,Normal,0.0
2020-06-02 12:00:00,4628,4630.765,0.0,0,Normal,0.0
2020-06-02 13:00:00,4389,4712.09,0.0,0,Normal,0.0
2020-06-02 14:00:00,4331,4461.155,0.0,0,Normal,0.0
2020-06-02 15:00:00,4174,4161.955,0.2894072617315678,0,Normal,0.85
2020-06-02 16:00:00,4186,3830.245,9.288048153577646,0,Normal,27.24
2020-06-02 17:00:00,4475,4096.37,9.24306153985114,0,Normal,27.1
2020-06-02 18:00:00,5164,4631.375,11.500364362635286,0,Warning,33.72
2020-06-02 19:00:00,5807,5236.38,10.89722289062291,0,Warning,31.96
2020-06-02 20:00:00,5864,5155.05,13.752533923046329,0,Warning,40.33
2020-06-02 21:00:00,4858,4764.435,1.963821523433515,0,Normal,5.76
2020-06-02 22:00:00,3953,4124.88,0.0,0,Normal,0.0
2020-06-02 23:00:00,2817,3160.705,0.0,0,Normal,0.0
2020-06-03 00:00:00,1674,1897.415,0.0,0,Normal,0.0
2020-06-03 01:00:00,1446,1523.55,0.0,0,Normal,0.0
2020-06-03 02:00:00,1660,1482.035,12.008150954599582,0,Warning,35.21
2020-06-03 03:00:00,1425,1544.915,0.0,0,Normal,0.0
2020-06-03 04:00:00,1054,1158.255,0.0,0,Normal,0.0
2020-06-03 05:00:00,1933,1572.575,22.919415608158587,1,High,72.21
2020-06-03 06:00:00,2803,2738.635,2.350258431663941,0,Normal,6.89
2020-06-03 07:00:00,3715,4316.03,0.0,0,Normal,0.0
2020-06-03 08:00:00,4481,4058.97,10.397465366829522,0,Normal,30.49
2020-06-03 09:00:00,4481,4315.31,3.839585105125694,0,Normal,11.26
2020-06-03 10:00:00,4232,4373.525,0.0,0,Normal,0.0
2020-06-03 11:00:00,4110,4311.82,0.0,0,Normal,0.0
2020-06-03 12:00:00,4162,4254.07,0.0,0,Normal,0.0
2020-06-03 13:00:00,4112,4224.68,0.0,0,Normal,0.0
2020-06-03 14:00:00,3884,4181.175,0.0,0,Normal,0.0
2020-06-03 15:00:00,3759,3965.84,0.0,0,Normal,0.0
2020-06-03 16:00:00,3566,3904.395,0.0,0,Normal,0.0
2020-06-03 17:00:00,3719,3944.66,0.0,0,Normal,0.0
2020-06-03 18:00:00,3808,3990.115,0.0,0,Normal,0.0
2020-06-03 19:00:00,4697,3961.785,18.55767034303982,0,Warning,54.42
2020-06-03 20:00:00,4620,4514.025,2.347683054480212,0,Normal,6.88
2020-06-03 21:00:00,4166,4197.795,0.0,0,Normal,0.0
2020-06-03 22:00:00,3591,3561.61,0.8251886085225466,0,Normal,2.42
2020-06-03 23:00:00,2924,2847.47,2.6876490358107445,0,Normal,7.88
2020-06-04 00:00:00,2043,2161.505,0.0,0,Normal,0.0
2020-06-04 01:00:00,1649,1449.64,13.752379901216846,0,Warning,40.33
2020-06-04 02:00:00,1580,1589.305,0.0,0,Normal,0.0
2020-06-04 03:00:00,1364,1332.605,2.355911916884597,0,Normal,6.91
2020-06-04 04:00:00,786,1013.785,0.0,1,Normal,5.0
2020-06-04 05:00:00,1661,1522.97,9.063212013368613,0,Normal,26.58
2020-06-04 06:00:00,2614,2793.505,0.0,0,Normal,0.0
2020-06-04 07:00:00,3198,4279.48,0.0,1,Normal,5.0
2020-06-04 08:00:00,3718,3864.88,0.0,0,Normal,0.0
2020-06-04 09:00:00,3619,4055.215,0.0,0,Normal,0.0
2020-06-04 10:00:00,3675,4016.595,0.0,0,Normal,0.0
2020-06-04 11:00:00,3597,3767.03,0.0,0,Normal,0.0
2020-06-04 12:00:00,3604,3821.51,0.0,0,Normal,0.0
2020-06-04 13:00:00,3529,3758.69,0.0,0,Normal,0.0
2020-06-04 14:00:00,3177,3684.505,0.0,0,Normal,0.0
2020-06-04 15:00:00,3067,3210.04,0.0,0,Normal,0.0
2020-06-04 16:00:00,2939,3183.235,0.0,0,Normal,0.0
2020-06-04 17:00:00,3038,3279.89,0.0,0,Normal,0.0
2020-06-04 18:00:00,3311,3328.97,0.0,0,Normal,0.0
2020-06-04 19:00:00,2930,3428.275,0.0,0,Normal,0.0
2020-06-04 20:00:00,3245,2734.01,18.690129150954082,0,Warning,54.81
2020-06-04 21:00:00,2747,3191.085,0.0,0,Normal,0.0
2020-06-04 22:00:00,2271,2708.045,0.0,0,Normal,0.0
2020-06-04 23:00:00,2040,2254.04,0.0,0,Normal,0.0
2020-06-05 00:00:00,2015,1744.355,15.51547706745473,0,Warning,45.5
2020-06-05 01:00:00,1363,1557.88,0.0,0,Normal,0.0
2020-06-05 02:00:00,354,1419.585,0.0,1,Normal,5.0
2020-06-05 03:00:00,448,1102.515,0.0,2,Normal,10.0
2020-06-05 04:00:00,835,871.905,0.0,0,Normal,0.0
2020-06-05 05:00:00,1402,1412.82,0.0,0,Normal,0.0
2020-06-05 06:00:00,2139,2432.185,0.0,0,Normal,0.0
2020-06-05 07:00:00,3345,3358.695,0.0,0,Normal,0.0
2020-06-05 08:00:00,4102,3709.98,10.566633782392357,0,Normal,30.99
2020-06-05 09:00:00,4038,3991.59,1.1626945653235892,0,Normal,3.41
2020-06-05 10:00:00,3806,3963.45,0.0,0,Normal,0.0
2020-06-05 11:00:00,3749,3611.405,3.8100130004804167,0,Normal,11.17
2020-06-05 12:00:00,3648,3612.205,0.9909459734428161,0,Normal,2.91
2020-06-05 13:00:00,3562,3525.405,1.038036764570306,0,Normal,3.04
2020-06-05 14:00:00,3214,3367.63,0.0,0,Normal,0.0
2020-06-05 15:00:00,3040,3120.38,0.0,0,Normal,0.0
2020-06-05 16:00:00,3093,3020.8,2.390095338983045,0,Normal,7.01
2020-06-05 17:00:00,3271,3182.375,2.7848697906437803,0,Normal,8.17
2020-06-05 18:00:00,3387,3237.79,4.608390290908306,0,Normal,13.51
2020-06-05 19:00:00,3368,3361.875,0.18218999814091838,0,Normal,0.53
2020-06-05 20:00:00,3142,3213.375,0.0,0,Normal,0.0
2020-06-05 21:00:00,2457,2842.14,0.0,0,Normal,0.0
2020-06-05 22:00:00,2396,2350.13,1.9518069213192415,0,Normal,5.72
2020-06-05 23:00:00,2176,2127.34,2.2873635620070063,0,Normal,6.71
2020-06-06 00:00:00,1865,1828.695,1.9852955249508566,0,Normal,5.82
2020-06-06 01:00:00,1626,1448.445,12.258318403529307,0,Warning,35.95
2020-06-06 02:00:00,877,1508.765,0.0,1,Normal,5.0
2020-06-06 03:00:00,422,928.805,0.0,2,Normal,10.0
2020-06-06 04:00:00,868,875.025,0.0,0,Normal,0.0
2020-06-06 05:00:00,799,1099.04,0.0,1,Normal,5.0
2020-06-06 06:00:00,852,1695.12,0.0,2,Normal,10.0
2020-06-06 07:00:00,1601,1751.04,0.0,0,Normal,0.0
2020-06-06 08:00:00,3023,2676.435,12.948754593330309,0,Warning,37.97
2020-06-06 09:00:00,4234,3864.26,9.568196756946989,0,Normal,28.06
2020-06-06 10:00:00,4299,4132.78,4.021990040602216,0,Normal,11.79
2020-06-06 11:00:00,4083,4157.195,0.0,0,Normal,0.0
2020-06-06 12:00:00,4071,3864.04,5.356052214780386,0,Normal,15.71
2020-06-06 13:00:00,4078,3863.99,5.538575410391855,0,Normal,16.24
2020-06-06 14:00:00,3671,3828.895,0.0,0,Normal,0.0
2020-06-06 15:00:00,3246,3504.015,0.0,0,Normal,0.0
2020-06-06 16:00:00,3084,3171.395,0.0,0,Normal,0.0
2020-06-06 17:00:00,3163,3210.785,0.0,0,Normal,0.0
2020-06-06 18:00:00,3107,3268.605,0.0,0,Normal,0.0
2020-06-06 19:00:00,3100,3271.175,0.0,0,Normal,0.0
2020-06-06 20:00:00,2977,3024.015,0.0,0,Normal,0.0
2020-06-06 21:00:00,2383,2599.545,0.0,0,Normal,0.0
2020-06-06 22:00:00,2068,2264.135,0.0,0,Normal,0.0
2020-06-06 23:00:00,2107,2041.225,3.222329728471878,0,Normal,9.45
2020-06-07 00:00:00,2182,2109.79,3.422615520976023,0,Normal,10.04
2020-06-07 01:00:00,1852,1572.23,17.794470274705354,0,Warning,52.18
2020-06-07 02:00:00,535,1547.33,0.0,1,Normal,5.0
2020-06-07 03:00:00,568,815.71,0.0,2,Normal,10.0
2020-06-07 04:00:00,658,882.04,0.0,3,Normal,15.0
2020-06-07 05:00:00,752,793.005,0.0,0,Normal,0.0
2020-06-07 06:00:00,770,1621.66,0.0,1,Normal,5.0
2020-06-07 07:00:00,1243,1315.915,0.0,0,Normal,0.0
2020-06-07 08:00:00,2499,2321.695,7.636877367612879,0,Normal,22.39
2020-06-07 09:00:00,3594,3416.05,5.209232885935505,0,Normal,15.28
2020-06-07 10:00:00,4179,4031.63,3.6553453565927403,0,Normal,10.72
2020-06-07 11:00:00,4236,4112.185,3.0109297125494012,0,Normal,8.83
2020-06-07 12:00:00,4269,4242.615,0.6219041793799395,0,Normal,1.82
2020-06-07 13:00:00,3879,4171.735,0.0,0,Normal,0.0
2020-06-07 14:00:00,3626,3766.6,0.0,0,Normal,0.0
2020-06-07 15:00:00,3245,3434.21,0.0,0,Normal,0.0
2020-06-07 16:00:00,3061,3090.67,0.0,0,Normal,0.0
2020-06-07 17:00:00,3146,3192.88,0.0,0,Normal,0.0
2020-06-07 18:00:00,3664,3218.855,13.82929644236848,0,Warning,40.55
2020-06-07 19:00:00,3548,3640.315,0.0,0,Normal,0.0
2020-06-07 20:00:00,3293,3643.145,0.0,0,Normal,0.0
2020-06-07 21:00:00,2575,2980.375,0.0,0,Normal,0.0
2020-06-07 22:00:00,2569,2206.905,16.40736687804866,0,Warning,48.11
2020-06-07 23:00:00,1806,2121.77,0.0,0,Normal,0.0
2020-06-08 00:00:00,836,1859.46,0.0,1,Normal,5.0
2020-06-08 01:00:00,870,1469.59,0.0,2,Normal,10.0
2020-06-08 02:00:00,598,876.655,0.0,3,Normal,15.0
2020-06-08 03:00:00,807,827.465,0.0,0,Normal,0.0
2020-06-08 04:00:00,849,645.615,31.50252085221068,1,High,85.0
2020-06-08 05:00:00,1904,1144.915,66.30055506303962,2,High,90.0
2020-06-08 06:00:00,2466,2243.245,9.930034392141748,0,Normal,29.12
2020-06-08 07:00:00,3534,2789.66,26.68210462923798,1,High,83.24
2020-06-08 08:00:00,4059,3657.065,10.990644136759942,0,Warning,32.23
2020-06-08 09:00:00,4034,4025.535,0.21028260839863885,0,Normal,0.62
2020-06-08 10:00:00,3727,3920.34,0.0,0,Normal,0.0
2020-06-08 11:00:00,3526,3672.09,0.0,0,Normal,0.0
2020-06-08 12:00:00,3700,3598.665,2.8159053426756877,0,Normal,8.26
2020-06-08 13:00:00,3302,3643.245,0.0,0,Normal,0.0
2020-06-08 14:00:00,3275,3171.515,3.2629516177599704,0,Normal,9.57
2020-06-08 15:00:00,3122,3147.435,0.0,0,Normal,0.0
2020-06-08 16:00:00,3040,3109.84,0.0,0,Normal,0.0
2020-06-08 17:00:00,3146,3199.015,0.0,0,Normal,0.0
2020-06-08 18:00:00,3497,3239.3,7.955422467817115,0,Normal,23.33
2020-06-08 19:00:00,3783,3560.58,6.2467350824865635,0,Normal,18.32
2020-06-08 20:00:00,3645,3649.115,0.0,0,Normal,0.0
2020-06-08 21:00:00,2970,3356.175,0.0,0,Normal,0.0
2020-06-08 22:00:00,2750,2629.55,4.580631667015261,0,Normal,13.43
2020-06-08 23:00:00,2197,2364.34,0.0,0,Normal,0.0
2020-06-09 00:00:00,1463,1580.08,0.0,0,Normal,0.0
2020-06-09 01:00:00,1363,1179.595,15.548133045663976,0,Warning,45.59
2020-06-09 02:00:00,1333,1074.86,24.01615094058762,1,High,75.43
2020-06-09 03:00:00,962,1136.45,0.0,0,Normal,0.0
2020-06-09 04:00:00,400,922.125,0.0,1,Normal,5.0
2020-06-09 05:00:00,1423,1357.86,4.797254503409785,0,Normal,14.07
2020-06-09 06:00:00,2417,2395.415,0.9010964697140177,0,Normal,2.64
2020-06-09 07:00:00,3443,3448.905,0.0,0,Normal,0.0
2020-06-09 08:00:00,3989,3722.265,7.165932570625684,0,Normal,21.01
2020-06-09 09:00:00,4018,3979.48,0.9679656638555787,0,Normal,2.84
2020-06-09 10:00:00,3847,3995.405,0.0,0,Normal,0.0
2020-06-09 11:00:00,4189,3626.92,15.497446869520143,0,Warning,45.45
2020-06-09 12:00:00,3856,4004.455,0.0,0,Normal,0.0
2020-06-09 13:00:00,4040,3773.85,7.052479563310681,0,Normal,20.68
2020-06-09 14:00:00,3603,3893.45,0.0,0,Normal,0.0
2020-06-09 15:00:00,3146,3451.81,0.0,0,Normal,0.0
2020-06-09 16:00:00,3191,3121.42,2.2291136726233547,0,Normal,6.54
2020-06-09 17:00:00,3397,3274.41,3.743880576958907,0,Normal,10.98
2020-06-09 18:00:00,3568,3492.055,2.17479392506705,0,Normal,6.38
2020-06-09 19:00:00,3851,3655.725,5.341621702945383,0,Normal,15.66
2020-06-09 20:00:00,3481,3724.96,0.0,0,Normal,0.0
2020-06-09 21:00:00,2667,3320.215,0.0,0,Normal,0.0
2020-06-09 22:00:00,2462,2514.765,0.0,0,Normal,0.0
2020-06-09 23:00:00,2109,2168.74,0.0,0,Normal,0.0
2020-06-10 00:00:00,1611,1457.815,10.507849075499974,0,Normal,30.81
2020-06-10 01:00:00,1661,1382.885,20.111216767844038,0,High,58.98
2020-06-10 02:00:00,1430,1421.545,0.594775402818759,0,Normal,1.74
2020-06-10 03:00:00,633,1130.09,0.0,1,Normal,5.0
2020-06-10 04:00:00,941,700.67,34.300027116902406,2,High,90.0
2020-06-10 05:00:00,1592,1398.525,13.834218194168848,0,Warning,40.57
2020-06-10 06:00:00,2375,2493.76,0.0,0,Normal,0.0
2020-06-10 07:00:00,3508,3382.045,3.7242260230127013,0,Normal,10.92
2020-06-10 08:00:00,3804,3797.995,0.15810973948096585,0,Normal,0.46
2020-06-10 09:00:00,3836,3911.655,0.0,0,Normal,0.0
2020-06-10 10:00:00,3642,3724.4,0.0,0,Normal,0.0
2020-06-10 11:00:00,3501,3756.61,0.0,0,Normal,0.0
2020-06-10 12:00:00,3422,3434.305,0.0,0,Normal,0.0
2020-06-10 13:00:00,3292,3440.71,0.0,0,Normal,0.0
2020-06-10 14:00:00,3063,3190.595,0.0,0,Normal,0.0
2020-06-10 15:00:00,2868,3005.095,0.0,0,Normal,0.0
2020-06-10 16:00:00,2753,2728.94,0.8816610112351295,0,Normal,2.59
2020-06-10 17:00:00,2915,2972.09,0.0,0,Normal,0.0
2020-06-10 18:00:00,3095,3161.515,0.0,0,Normal,0.0
2020-06-10 19:00:00,3188,3279.785,0.0,0,Normal,0.0
2020-06-10 20:00:00,3115,3088.54,0.8567154707402216,0,Normal,2.51
2020-06-10 21:00:00,2552,2818.315,0.0,0,Normal,0.0
2020-06-10 22:00:00,2326,2391.95,0.0,0,Normal,0.0
2020-06-10 23:00:00,2104,2090.915,0.6258025792535821,0,Normal,1.84
2020-06-11 00:00:00,1661,1703.115,0.0,0,Normal,0.0
2020-06-11 01:00:00,1596,1490.885,7.050510267391516,0,Normal,20.68
2020-06-11 02:00:00,1341,1377.71,0.0,0,Normal,0.0
2020-06-11 03:00:00,649,994.81,0.0,1,Normal,5.0
2020-06-11 04:00:00,745,814.565,0.0,0,Normal,0.0
2020-06-11 05:00:00,1144,1442.575,0.0,0,Normal,0.0
2020-06-11 06:00:00,1377,2239.815,0.0,1,Normal,5.0
2020-06-11 07:00:00,1284,2129.435,0.0,2,Normal,10.0
2020-06-11 08:00:00,2319,2302.11,0.7336747592426023,0,Normal,2.15
2020-06-11 09:00:00,3245,3435.015,0.0,0,Normal,0.0
2020-06-11 10:00:00,3831,3252.03,17.803341297589498,0,Warning,52.21
2020-06-11 11:00:00,4054,3629.13,11.707213574603276,0,Warning,34.33
2020-06-11 12:00:00,4237,3792.09,11.732580186651683,0,Warning,34.41
2020-06-11 13:00:00,3945,3873.515,1.8454814296575626,0,Normal,5.41
2020-06-11 14:00:00,3855,3668.55,5.082389499938662,0,Normal,14.9
2020-06-11 15:00:00,3771,3537.995,6.585792235432783,0,Normal,19.31
2020-06-11 16:00:00,3052,3445.61,0.0,0,Normal,0.0
2020-06-11 17:00:00,3171,3073.74,3.164223389096027,0,Normal,9.28
2020-06-11 18:00:00,3521,3257.22,8.098316969685811,0,Normal,23.75
2020-06-11 19:00:00,3471,3487.55,0.0,0,Normal,0.0
2020-06-11 20:00:00,3268,3219.72,1.499509274098375,0,Normal,4.4
2020-06-11 21:00:00,2652,2765.085,0.0,0,Normal,0.0
2020-06-11 22:00:00,2412,2294.555,5.1184216547435195,0,Normal,15.01
2020-06-11 23:00:00,1980,1926.52,2.775989867740798,0,Normal,8.14
2020-06-12 00:00:00,1430,1708.725,0.0,0,Normal,0.0
2020-06-12 01:00:00,1458,1477.49,0.0,0,Normal,0.0
2020-06-12 02:00:00,1380,1058.16,30.415060104332035,1,High,85.0
2020-06-12 03:00:00,304,771.03,0.0,2,Normal,10.0
2020-06-12 04:00:00,811,768.18,5.574214376838769,0,Normal,16.35
2020-06-12 05:00:00,1502,1317.82,13.976112063863052,0,Warning,40.98
2020-06-12 06:00:00,2152,1794.54,19.919310798310434,0,Warning,58.41
2020-06-12 07:00:00,2868,3370.34,0.0,0,Normal,0.0
2020-06-12 08:00:00,3848,3764.23,2.225421932241122,0,Normal,6.53
2020-06-12 09:00:00,4280,3716.375,15.165988362315428,0,Warning,44.47
2020-06-12 10:00:00,4215,4165.195,1.1957423361931505,0,Normal,3.51
2020-06-12 11:00:00,4103,4161.135,0.0,0,Normal,0.0
2020-06-12 12:00:00,3881,4068.925,0.0,0,Normal,0.0
2020-06-12 13:00:00,3809,3744.765,1.7153279311251874,0,Normal,5.03
2020-06-12 14:00:00,3667,3662.75,0.11603303528769367,0,Normal,0.34
2020-06-12 15:00:00,3667,3430.02,6.908997615174256,0,Normal,20.26
2020-06-12 16:00:00,3719,3454.05,7.670705403801328,0,Normal,22.49
2020-06-12 17:00:00,3748,3795.675,0.0,0,Normal,0.0
2020-06-12 18:00:00,4017,3975.085,1.0544428609702676,0,Normal,3.09
2020-06-12 19:00:00,4024,4002.925,0.5264900041844356,0,Normal,1.54
2020-06-12 20:00:00,3732,3959.32,0.0,0,Normal,0.0
2020-06-12 21:00:00,3419,3002.4,13.875566213695706,0,Warning,40.69
2020-06-12 22:00:00,2977,2609.24,14.0945256089896,0,Warning,41.33
2020-06-12 23:00:00,2254,2236.28,0.7923873575759653,0,Normal,2.32
2020-06-13 00:00:00,1541,1505.565,2.3536014718726816,0,Normal,6.9
2020-06-13 01:00:00,1393,1419.41,0.0,0,Normal,0.0
2020-06-13 02:00:00,1479,1192.975,23.975774848592813,1,High,75.31
2020-06-13 03:00:00,1283,778.83,64.7342809085423,2,High,90.0
2020-06-13 04:00:00,504,877.655,0.0,3,Normal,15.0
2020-06-13 05:00:00,822,1083.215,0.0,4,Normal,20.0
2020-06-13 06:00:00,1471,1184.55,24.182178886496985,5,High,90.91
2020-06-13 07:00:00,2040,1954.37,4.381463080174179,0,Normal,12.85
2020-06-13 08:00:00,3094,3146.425,0.0,0,Normal,0.0
2020-06-13 09:00:00,3973,4030.09,0.0,0,Normal,0.0
2020-06-13 10:00:00,4154,4061.845,2.2687965690468297,0,Normal,6.65
2020-06-13 11:00:00,4004,4065.545,0.0,0,Normal,0.0
2020-06-13 12:00:00,3908,3948.73,0.0,0,Normal,0.0
2020-06-13 13:00:00,3794,3839.715,0.0,0,Normal,0.0
2020-06-13 14:00:00,3754,3558.305,5.49966908401613,0,Normal,16.13
2020-06-13 15:00:00,3590,3636.115,0.0,0,Normal,0.0
2020-06-13 16:00:00,3369,3488.805,0.0,0,Normal,0.0
2020-06-13 17:00:00,3381,3613.89,0.0,0,Normal,0.0
2020-06-13 18:00:00,3731,3648.355,2.2652674972693165,0,Normal,6.64
2020-06-13 19:00:00,3913,4037.33,0.0,0,Normal,0.0
2020-06-13 20:00:00,3825,3788.525,0.9627757504569696,0,Normal,2.82
2020-06-13 21:00:00,2925,3199.9,0.0,0,Normal,0.0
2020-06-13 22:00:00,2674,2665.27,0.32754655250687614,0,Normal,0.96
2020-06-13 23:00:00,2273,2192.095,3.6907615773951497,0,Normal,10.82
2020-06-14 00:00:00,1626,1785.87,0.0,0,Normal,0.0
2020-06-14 01:00:00,1445,1532.275,0.0,0,Normal,0.0
2020-06-14 02:00:00,1388,1210.16,14.695577444304877,0,Warning,43.09
2020-06-14 03:00:00,915,1147.29,0.0,0,Normal,0.0
2020-06-14 04:00:00,405,630.415,0.0,1,Normal,5.0
2020-06-14 05:00:00,938,1043.67,0.0,0,Normal,0.0
2020-06-14 06:00:00,1158,1175.715,0.0,0,Normal,0.0
2020-06-14 07:00:00,1278,1423.4,0.0,0,Normal,0.0
2020-06-14 08:00:00,2267,2322.165,0.0,0,Normal,0.0
2020-06-14 09:00:00,3450,3425.12,0.7263979072266114,0,Normal,2.13
2020-06-14 10:00:00,3873,3830.62,1.1063483195931758,0,Normal,3.24
2020-06-14 11:00:00,3881,3894.79,0.0,0,Normal,0.0
2020-06-14 12:00:00,3753,3877.88,0.0,0,Normal,0.0
2020-06-14 13:00:00,3653,3598.445,1.5160715253394128,0,Normal,4.45
2020-06-14 14:00:00,3415,3472.785,0.0,0,Normal,0.0
2020-06-14 15:00:00,3267,3259.195,0.23947631240229064,0,Normal,0.7
2020-06-14 16:00:00,2925,3057.645,0.0,0,Normal,0.0
2020-06-14 17:00:00,2743,2990.395,0.0,0,Normal,0.0
2020-06-14 18:00:00,2766,2884.585,0.0,0,Normal,0.0
2020-06-14 19:00:00,3314,2923.955,13.339637579921718,0,Warning,39.12
2020-06-14 20:00:00,3072,3230.67,0.0,0,Normal,0.0
2020-06-14 21:00:00,2251,2744.43,0.0,0,Normal,0.0
2020-06-14 22:00:00,1850,2179.735,0.0,0,Normal,0.0
2020-06-14 23:00:00,1547,1977.165,0.0,0,Normal,0.0
2020-06-15 00:00:00,1385,1272.835,8.812218394371616,0,Normal,25.84
2020-06-15 01:00:00,1177,1115.875,5.477764086479221,0,Normal,16.06
2020-06-15 02:00:00,844,1080.095,0.0,0,Normal,0.0
2020-06-15 03:00:00,741,856.085,0.0,0,Normal,0.0
2020-06-15 04:00:00,867,833.985,3.9587042932426826,0,Normal,11.61
2020-06-15 05:00:00,1584,1203.045,31.66589778437215,1,High,85.0
2020-06-15 06:00:00,1930,2241.565,0.0,0,Normal,0.0
2020-06-15 07:00:00,3165,3353.76,0.0,0,Normal,0.0
2020-06-15 08:00:00,3698,3762.065,0.0,0,Normal,0.0
2020-06-15 09:00:00,3728,3694.58,0.9045683135836841,0,Normal,2.65
2020-06-15 10:00:00,3567,3584.735,0.0,0,Normal,0.0
2020-06-15 11:00:00,3370,3419.93,0.0,0,Normal,0.0
2020-06-15 12:00:00,3373,3222.815,4.660056503398425,0,Normal,13.67
2020-06-15 13:00:00,3313,3204.315,3.39183257576112,0,Normal,9.95
2020-06-15 14:00:00,3173,3171.785,0.03830650564272627,0,Normal,0.11
2020-06-15 15:00:00,3024,3071.515,0.0,0,Normal,0.0
2020-06-15 16:00:00,2886,2925.305,0.0,0,Normal,0.0
2020-06-15 17:00:00,2866,3035.27,0.0,0,Normal,0.0
2020-06-15 18:00:00,2797,3065.345,0.0,0,Normal,0.0
2020-06-15 19:00:00,3563,2938.245,21.26286269524836,0,High,62.35
2020-06-15 20:00:00,3276,3443.53,0.0,0,Normal,0.0
2020-06-15 21:00:00,2869,2862.72,0.21937178627320172,0,Normal,0.64
2020-06-15 22:00:00,2717,2463.59,10.286208338238092,0,Normal,30.16
2020-06-15 23:00:00,2296,2096.84,9.498101905724797,0,Normal,27.85
2020-06-16 00:00:00,1472,1521.995,0.0,0,Normal,0.0
2020-06-16 01:00:00,1581,1245.355,26.95175271308181,1,High,84.03
2020-06-16 02:00:00,1242,1351.16,0.0,0,Normal,0.0
2020-06-16 03:00:00,672,851.405,0.0,0,Normal,0.0
2020-06-16 04:00:00,776,684.87,13.306174894505526,0,Warning,39.02
2020-06-16 05:00:00,1497,1405.69,6.495742304491029,0,Normal,19.05
2020-06-16 06:00:00,2285,2179.64,4.833825769393117,0,Normal,14.17
2020-06-16 07:00:00,3003,3263.555,0.0,0,Normal,0.0
2020-06-16 08:00:00,3559,3454.805,3.0159444599622893,0,Normal,8.84
2020-06-16 09:00:00,3672,3584.7,2.4353502385136885,0,Normal,7.14
2020-06-16 10:00:00,3792,3603.92,5.218761792714598,0,Normal,15.3
2020-06-16 11:00:00,3629,3588.225,1.136355719053295,0,Normal,3.33
2020-06-16 12:00:00,3554,3447.52,3.088597020466887,0,Normal,9.06
2020-06-16 13:00:00,3387,3389.97,0.0,0,Normal,0.0
2020-06-16 14:00:00,2980,3256.28,0.0,0,Normal,0.0
2020-06-16 15:00:00,2894,2889.24,0.16474920740403076,0,Normal,0.48
2020-06-16 16:00:00,2828,2770.865,2.06199147197717,0,Normal,6.05
2020-06-16 17:00:00,2997,3011.15,0.0,0,Normal,0.0
2020-06-16 18:00:00,3159,3131.27,0.8855831659358668,0,Normal,2.6
2020-06-16 19:00:00,3216,3317.005,0.0,0,Normal,0.0
2020-06-16 20:00:00,2885,3114.015,0.0,0,Normal,0.0
2020-06-16 21:00:00,2501,2531.835,0.0,0,Normal,0.0
2020-06-16 22:00:00,2486,2358.035,5.426764233779403,0,Normal,15.91
2020-06-16 23:00:00,2179,2214.245,0.0,0,Normal,0.0
2020-06-17 00:00:00,1406,1564.055,0.0,0,Normal,0.0
2020-06-17 01:00:00,1208,1510.225,0.0,0,Normal,0.0
2020-06-17 02:00:00,861,1200.655,0.0,1,Normal,5.0
2020-06-17 03:00:00,690,750.85,0.0,0,Normal,0.0
2020-06-17 04:00:00,958,860.17,11.37333317832522,0,Warning,33.35
2020-06-17 05:00:00,1722,1521.765,13.158076312702677,0,Warning,38.59
2020-06-17 06:00:00,2279,2390.055,0.0,0,Normal,0.0
2020-06-17 07:00:00,3256,3058.895,6.443666748940386,0,Normal,18.9
2020-06-17 08:00:00,3670,3777.99,0.0,0,Normal,0.0
2020-06-17 09:00:00,3639,3673.81,0.0,0,Normal,0.0
2020-06-17 10:00:00,3541,3547.81,0.0,0,Normal,0.0
2020-06-17 11:00:00,3362,3405.53,0.0,0,Normal,0.0
2020-06-17 12:00:00,3303,3250.54,1.6138856928387295,0,Normal,4.73
2020-06-17 13:00:00,3296,3132.24,5.228207289352037,0,Normal,15.33
2020-06-17 14:00:00,3162,3130.92,0.9926794680157885,0,Normal,2.91
2020-06-17 15:00:00,2947,2968.785,0.0,0,Normal,0.0
2020-06-17 16:00:00,3059,2826.06,8.242570929138097,0,Normal,24.17
2020-06-17 17:00:00,3185,3169.455,0.4904628713769425,0,Normal,1.44
2020-06-17 18:00:00,3537,3263.08,8.394522966032095,0,Normal,24.62
2020-06-17 19:00:00,3363,3494.585,0.0,0,Normal,0.0
2020-06-17 20:00:00,3049,3163.585,0.0,0,Normal,0.0
2020-06-17 21:00:00,2586,2727.665,0.0,0,Normal,0.0
2020-06-17 22:00:00,2261,2327.465,0.0,0,Normal,0.0
2020-06-17 23:00:00,1929,2045.995,0.0,0,Normal,0.0
2020-06-18 00:00:00,1423,1558.555,0.0,0,Normal,0.0
2020-06-18 01:00:00,1421,1340.25,6.024995336690916,0,Normal,17.67
2020-06-18 02:00:00,1014,1119.395,0.0,0,Normal,0.0
2020-06-18 03:00:00,727,785.735,0.0,0,Normal,0.0
2020-06-18 04:00:00,976,889.905,9.674628190649567,0,Normal,28.37
2020-06-18 05:00:00,1393,1581.99,0.0,0,Normal,0.0
2020-06-18 06:00:00,2074,2177.965,0.0,0,Normal,0.0
2020-06-18 07:00:00,3300,3029.745,8.920057628612312,0,Normal,26.16
2020-06-18 08:00:00,3342,3434.335,0.0,0,Normal,0.0
2020-06-18 09:00:00,3396,3416.62,0.0,0,Normal,0.0
2020-06-18 10:00:00,3417,3309.135,3.259613161747701,0,Normal,9.56
2020-06-18 11:00:00,3040,3265.34,0.0,0,Normal,0.0
2020-06-18 12:00:00,3174,3055.44,3.880292200141385,0,Normal,11.38
2020-06-18 13:00:00,3141,3039.95,3.324067830063001,0,Normal,9.75
2020-06-18 14:00:00,3135,3025.735,3.6111886863852876,0,Normal,10.59
2020-06-18 15:00:00,2877,3017.0,0.0,0,Normal,0.0
2020-06-18 16:00:00,2863,2777.17,3.090556213699555,0,Normal,9.06
2020-06-18 17:00:00,2939,3009.075,0.0,0,Normal,0.0
2020-06-18 18:00:00,2940,3136.655,0.0,0,Normal,0.0
2020-06-18 19:00:00,3227,3138.295,2.826534790387772,0,Normal,8.29
2020-06-18 20:00:00,3180,3150.06,0.9504580865126396,0,Normal,2.79
2020-06-18 21:00:00,2832,2746.635,3.1079848614759435,0,Normal,9.11
2020-06-18 22:00:00,2561,2319.935,10.391023886445097,0,Normal,30.47
2020-06-18 23:00:00,2031,2055.175,0.0,0,Normal,0.0
2020-06-19 00:00:00,1384,1448.235,0.0,0,Normal,0.0
2020-06-19 01:00:00,1501,1365.345,9.935584046523038,0,Normal,29.14
2020-06-19 02:00:00,1337,1215.965,9.953822684041077,0,Normal,29.19
2020-06-19 03:00:00,786,806.75,0.0,0,Normal,0.0
2020-06-19 04:00:00,942,867.795,8.550982662956118,0,Normal,25.08
2020-06-19 05:00:00,1663,1406.77,18.214064843577844,0,Warning,53.41
2020-06-19 06:00:00,2269,2137.3,6.161980068310476,0,Normal,18.07
2020-06-19 07:00:00,3551,3296.085,7.733872154389221,0,Normal,22.68
2020-06-19 08:00:00,3829,3741.31,2.3438314387206636,0,Normal,6.87
2020-06-19 09:00:00,3823,3756.36,1.7740578645284228,0,Normal,5.2
2020-06-19 10:00:00,3716,3711.15,0.13068725327728356,0,Normal,0.38
2020-06-19 11:00:00,3485,3569.525,0.0,0,Normal,0.0
2020-06-19 12:00:00,3449,3345.845,3.0830776679732685,0,Normal,9.04
2020-06-19 13:00:00,3489,3303.17,5.625807936012979,0,Normal,16.5
2020-06-19 14:00:00,3363,3290.67,2.198032619496939,0,Normal,6.45
2020-06-19 15:00:00,3312,3226.095,2.6628168110362593,0,Normal,7.81
2020-06-19 16:00:00,3267,3257.185,0.3013338204615352,0,Normal,0.88
2020-06-19 17:00:00,3309,3361.075,0.0,0,Normal,0.0
2020-06-19 18:00:00,3439,3423.955,0.43940413936515144,0,Normal,1.29
2020-06-19 19:00:00,3444,3438.5,0.1599534680820125,0,Normal,0.47
2020-06-19 20:00:00,3309,3345.395,0.0,0,Normal,0.0
2020-06-19 21:00:00,3005,3042.185,0.0,0,Normal,0.0
2020-06-19 22:00:00,2919,2678.855,8.964464295379928,0,Normal,26.29
2020-06-19 23:00:00,2336,2312.89,0.9991828405155511,0,Normal,2.93
2020-06-20 00:00:00,1767,1570.585,12.505849731151129,0,Warning,36.67
2020-06-20 01:00:00,1365,1474.095,0.0,0,Normal,0.0
2020-06-20 02:00:00,1425,1327.55,7.340589808293477,0,Normal,21.53
2020-06-20 03:00:00,1124,1119.36,0.41452258433391403,0,Normal,1.22
2020-06-20 04:00:00,669,983.63,0.0,1,Normal,5.0
2020-06-20 05:00:00,1014,1077.715,0.0,0,Normal,0.0
2020-06-20 06:00:00,1193,1250.96,0.0,0,Normal,0.0
2020-06-20 07:00:00,2168,1744.21,24.2969596550874,1,High,76.25
2020-06-20 08:00:00,3489,3349.325,4.170243257969895,0,Normal,12.23
2020-06-20 09:00:00,4418,3977.925,11.062928536862806,0,Warning,32.44
2020-06-20 10:00:00,4343,4215.98,3.012822641473642,0,Normal,8.83
2020-06-20 11:00:00,4103,4039.335,1.5761257731780098,0,Normal,4.62
2020-06-20 12:00:00,3997,3870.22,3.2757827720388044,0,Normal,9.61
2020-06-20 13:00:00,3916,3828.27,2.2916356474334365,0,Normal,6.72
2020-06-20 14:00:00,3676,3742.675,0.0,0,Normal,0.0
2020-06-20 15:00:00,3565,3468.96,2.7685531110188637,0,Normal,8.12
2020-06-20 16:00:00,3385,3419.48,0.0,0,Normal,0.0
2020-06-20 17:00:00,3306,3371.325,0.0,0,Normal,0.0
2020-06-20 18:00:00,3593,3358.77,6.973683818778899,0,Normal,20.45
2020-06-20 19:00:00,3514,3573.635,0.0,0,Normal,0.0
2020-06-20 20:00:00,3431,3459.985,0.0,0,Normal,0.0
2020-06-20 21:00:00,3026,2952.16,2.5012194461004875,0,Normal,7.33
2020-06-20 22:00:00,2729,2704.91,0.890602644819981,0,Normal,2.61
2020-06-20 23:00:00,2425,2230.175,8.735861535529715,0,Normal,25.62
2020-06-21 00:00:00,1921,1634.47,17.530453296787336,0,Warning,51.41
2020-06-21 01:00:00,1353,1448.14,0.0,0,Normal,0.0
2020-06-21 02:00:00,1181,1381.165,0.0,0,Normal,0.0
2020-06-21 03:00:00,997,1076.165,0.0,0,Normal,0.0
2020-06-21 04:00:00,605,672.125,0.0,0,Normal,0.0
2020-06-21 05:00:00,904,910.685,0.0,0,Normal,0.0
2020-06-21 06:00:00,1326,1181.34,12.24541622225609,0,Warning,35.91
2020-06-21 07:00:00,1983,1510.895,31.246711386297527,1,High,85.0
2020-06-21 08:00:00,2899,2830.67,2.413916139995122,0,Normal,7.08
2020-06-21 09:00:00,4329,3753.87,15.320988739620715,0,Warning,44.93
2020-06-21 10:00:00,4339,4274.265,1.5145293986217436,0,Normal,4.44
2020-06-21 11:00:00,4391,4205.69,4.406173541083637,0,Normal,12.92
2020-06-21 12:00:00,4324,4176.08,3.5420777379743704,0,Normal,10.39
2020-06-21 13:00:00,4313,4133.61,4.3397901592070935,0,Normal,12.73
2020-06-21 14:00:00,3978,4034.11,0.0,0,Normal,0.0
2020-06-21 15:00:00,3775,3766.755,0.21888867207981114,0,Normal,0.64
2020-06-21 16:00:00,3461,3609.895,0.0,0,Normal,0.0
2020-06-21 17:00:00,3663,3543.795,3.3637668093103557,0,Normal,9.86
2020-06-21 18:00:00,4195,3980.02,5.401480394570882,0,Normal,15.84
2020-06-21 19:00:00,4638,3985.51,16.37155596147042,0,Warning,48.01
2020-06-21 20:00:00,4127,4316.055,0.0,0,Normal,0.0
2020-06-21 21:00:00,3318,3537.96,0.0,0,Normal,0.0
2020-06-21 22:00:00,2931,2706.25,8.30484988452656,0,Normal,24.35
2020-06-21 23:00:00,2252,2207.355,2.022556408008679,0,Normal,5.93
2020-06-22 00:00:00,1403,1594.87,0.0,0,Normal,0.0
2020-06-22 01:00:00,1235,1225.795,0.7509412258982886,0,Normal,2.2
2020-06-22 02:00:00,1305,1127.3,15.763328306573232,0,Warning,46.23
2020-06-22 03:00:00,892,1008.645,0.0,0,Normal,0.0
2020-06-22 04:00:00,538,791.12,0.0,1,Normal,5.0
2020-06-22 05:00:00,1343,1190.075,12.850030460265105,0,Warning,37.68
2020-06-22 06:00:00,2159,1922.77,12.285920832964942,0,Warning,36.03
2020-06-22 07:00:00,3687,3194.05,15.433383948278825,0,Warning,45.26
2020-06-22 08:00:00,3891,3858.81,0.8341949979397807,0,Normal,2.45
2020-06-22 09:00:00,3832,3982.34,0.0,0,Normal,0.0
2020-06-22 10:00:00,3633,3820.375,0.0,0,Normal,0.0
2020-06-22 11:00:00,3410,3677.235,0.0,0,Normal,0.0
2020-06-22 12:00:00,3053,3338.53,0.0,0,Normal,0.0
2020-06-22 13:00:00,3332,3156.55,5.5582835690864965,0,Normal,16.3
2020-06-22 14:00:00,3141,3248.07,0.0,0,Normal,0.0
2020-06-22 15:00:00,3197,3061.605,4.422353634776529,0,Normal,12.97
2020-06-22 16:00:00,3337,3132.775,6.518980775829733,0,Normal,19.12
2020-06-22 17:00:00,3529,3519.255,0.27690519726475893,0,Normal,0.81
2020-06-22 18:00:00,3532,3777.99,0.0,0,Normal,0.0
2020-06-22 19:00:00,3805,3748.77,1.4999586531048856,0,Normal,4.4
2020-06-22 20:00:00,3785,3775.495,0.25175506787851953,0,Normal,0.74
2020-06-22 21:00:00,3323,3223.755,3.078552805656754,0,Normal,9.03
2020-06-22 22:00:00,3035,2814.885,7.819680022452063,0,Normal,22.93
2020-06-22 23:00:00,2408,2355.96,2.2088660248900647,0,Normal,6.48
2020-06-23 00:00:00,1401,1473.455,0.0,0,Normal,0.0
2020-06-23 01:00:00,1155,1313.215,0.0,0,Normal,0.0
2020-06-23 02:00:00,1248,1233.415,1.1824892676025536,0,Normal,3.47
2020-06-23 03:00:00,1025,961.545,6.599275124929155,0,Normal,19.35
2020-06-23 04:00:00,737,727.75,1.271040879422879,0,Normal,3.73
2020-06-23 05:00:00,1656,1364.615,21.35290906226298,0,High,62.62
2020-06-23 06:00:00,2920,2382.88,22.540790975626127,1,High,71.1
2020-06-23 07:00:00,3715,3611.695,2.8602913590433254,0,Normal,8.39
2020-06-23 08:00:00,4324,3861.675,11.972136443382723,0,Warning,35.11
2020-06-23 09:00:00,4408,4161.8,5.915709548752939,0,Normal,17.35
2020-06-23 10:00:00,4277,4160.025,2.8118821401313783,0,Normal,8.25
2020-06-23 11:00:00,4184,4057.375,3.1208601620505867,0,Normal,9.15
2020-06-23 12:00:00,4126,3861.295,6.855342572893289,0,Normal,20.1
2020-06-23 13:00:00,4069,3827.605,6.306685250959804,0,Normal,18.49
2020-06-23 14:00:00,3635,3754.92,0.0,0,Normal,0.0
2020-06-23 15:00:00,3436,3495.49,0.0,0,Normal,0.0
2020-06-23 16:00:00,3399,3373.39,0.7591769703473399,0,Normal,2.23
2020-06-23 17:00:00,3654,3649.395,0.12618529920712934,0,Normal,0.37
2020-06-23 18:00:00,4122,4018.215,2.5828632863099625,0,Normal,7.57
2020-06-23 19:00:00,4567,4055.465,12.613473424132618,0,Warning,36.99
2020-06-23 20:00:00,4791,4155.205,15.301170459700547,0,Warning,44.87
2020-06-23 21:00:00,4460,3851.925,15.78626271279944,0,Warning,46.29
2020-06-23 22:00:00,3653,3506.33,4.183006163139239,0,Normal,12.27
2020-06-23 23:00:00,2645,2820.06,0.0,0,Normal,0.0
2020-06-24 00:00:00,1730,1503.63,15.054900474185795,0,Warning,44.15
2020-06-24 01:00:00,1339,1326.13,0.9704930889128435,0,Normal,2.85
2020-06-24 02:00:00,1577,1145.515,37.667337398462685,1,High,85.0
2020-06-24 03:00:00,1400,1120.275,24.969315569837754,2,High,83.22
2020-06-24 04:00:00,900,962.9,0.0,0,Normal,0.0
2020-06-24 05:00:00,1489,1578.86,0.0,0,Normal,0.0
2020-06-24 06:00:00,2693,2677.41,0.5822791429030348,0,Normal,1.71
2020-06-24 07:00:00,3742,3767.88,0.0,0,Normal,0.0
2020-06-24 08:00:00,4527,4078.1,11.007577057943653,0,Warning,32.28
2020-06-24 09:00:00,4560,4347.245,4.8940190856507995,0,Normal,14.35
2020-06-24 10:00:00,4647,4329.06,7.344319552050551,0,Normal,21.54
2020-06-24 11:00:00,4462,4272.95,4.424343837395715,0,Normal,12.97
2020-06-24 12:00:00,4090,4176.2,0.0,0,Normal,0.0
2020-06-24 13:00:00,3964,3937.125,0.6826046925103978,0,Normal,2.0
2020-06-24 14:00:00,3803,3766.355,0.9729566118966476,0,Normal,2.85
2020-06-24 15:00:00,3610,3677.18,0.0,0,Normal,0.0
2020-06-24 16:00:00,3616,3585.775,0.842914014404136,0,Normal,2.47
2020-06-24 17:00:00,3725,3891.05,0.0,0,Normal,0.0
2020-06-24 18:00:00,4319,4097.47,5.406506942088648,0,Normal,15.85
2020-06-24 19:00:00,4961,4505.14,10.118664458818142,0,Normal,29.67
2020-06-24 20:00:00,5242,5055.99,3.6790025296727293,0,Normal,10.79
2020-06-24 21:00:00,4900,4603.83,6.433121987562532,0,Normal,18.86
2020-06-24 22:00:00,4215,3905.895,7.913807206798955,0,Normal,23.21
2020-06-24 23:00:00,3278,2847.585,15.115088750643087,0,Warning,44.32
2020-06-25 00:00:00,2130,2039.81,4.421490236835787,0,Normal,12.97
2020-06-25 01:00:00,1573,1455.85,8.04684548545524,0,Normal,23.6
2020-06-25 02:00:00,1712,1527.855,12.052518072722869,0,Warning,35.34
2020-06-25 03:00:00,1608,1550.175,3.7302240069669583,0,Normal,10.94
2020-06-25 04:00:00,1003,1074.465,0.0,0,Normal,0.0
2020-06-25 05:00:00,952,1582.115,0.0,1,Normal,5.0
2020-06-25 06:00:00,2728,2337.895,16.686164263151255,0,Warning,48.93
2020-06-25 07:00:00,4752,3920.905,21.19650947931663,0,High,62.16
2020-06-25 08:00:00,4895,4444.14,10.14504493557808,0,Normal,29.75
2020-06-25 09:00:00,4666,4665.605,0.008466211777474445,0,Normal,0.02
2020-06-25 10:00:00,4559,4517.935,0.9089329527759827,0,Normal,2.67
2020-06-25 11:00:00,4429,4435.9,0.0,0,Normal,0.0
2020-06-25 12:00:00,4032,4075.19,0.0,0,Normal,0.0
2020-06-25 13:00:00,3972,3697.025,7.437737099424535,0,Normal,21.81
2020-06-25 14:00:00,4010,3633.06,10.375275938189848,0,Normal,30.42
2020-06-25 15:00:00,3474,3602.18,0.0,0,Normal,0.0
2020-06-25 16:00:00,3403,3495.855,0.0,0,Normal,0.0
2020-06-25 17:00:00,3678,3630.16,1.3178482491129908,0,Normal,3.86
2020-06-25 18:00:00,4341,4054.915,7.055265030216418,0,Normal,20.69
2020-06-25 19:00:00,4903,4594.05,6.725002993001813,0,Normal,19.72
2020-06-25 20:00:00,4843,5030.675,0.0,0,Normal,0.0
2020-06-25 21:00:00,4368,4607.58,0.0,0,Normal,0.0
2020-06-25 22:00:00,3989,3770.15,5.8048088272349885,0,Normal,17.02
2020-06-25 23:00:00,3125,3188.765,0.0,0,Normal,0.0
2020-06-26 00:00:00,2243,2172.18,3.26031912640758,0,Normal,9.56
2020-06-26 01:00:00,1436,1638.635,0.0,0,Normal,0.0
2020-06-26 02:00:00,1659,1526.415,8.68603885575024,0,Normal,25.47
2020-06-26 03:00:00,1537,1545.59,0.0,0,Normal,0.0
2020-06-26 04:00:00,743,1000.945,0.0,1,Normal,5.0
2020-06-26 05:00:00,1036,1221.17,0.0,0,Normal,0.0
2020-06-26 06:00:00,2856,2449.49,16.595699512959854,0,Warning,48.67
2020-06-26 07:00:00,4446,4080.435,8.958971286149641,0,Normal,26.27
2020-06-26 08:00:00,4878,4443.6,9.775857412908444,0,Normal,28.67
2020-06-26 09:00:00,4858,4823.57,0.7137866766730926,0,Normal,2.09
2020-06-26 10:00:00,4468,4777.32,0.0,0,Normal,0.0
2020-06-26 11:00:00,4122,4412.065,0.0,0,Normal,0.0
2020-06-26 12:00:00,3979,3832.95,3.8103810381038152,0,Normal,11.17
2020-06-26 13:00:00,3981,3762.22,5.8151835884132295,0,Normal,17.05
2020-06-26 14:00:00,3939,3781.63,4.161433032845622,0,Normal,12.2
2020-06-26 15:00:00,3777,3716.87,1.6177590284298378,0,Normal,4.74
2020-06-26 16:00:00,3652,3493.76,4.529217805458869,0,Normal,13.28
2020-06-26 17:00:00,3840,3908.255,0.0,0,Normal,0.0
2020-06-26 18:00:00,4157,4114.04,1.0442290303448687,0,Normal,3.06
2020-06-26 19:00:00,4433,4552.005,0.0,0,Normal,0.0
2020-06-26 20:00:00,4772,4565.22,4.529464078401473,0,Normal,13.28
2020-06-26 21:00:00,3903,4427.005,0.0,0,Normal,0.0
2020-06-26 22:00:00,3627,3401.975,6.6145400833339485,0,Normal,19.4
2020-06-26 23:00:00,3455,2816.045,22.689800766678086,1,High,71.54
2020-06-27 00:00:00,2421,2343.82,3.292914984939109,0,Normal,9.66
2020-06-27 01:00:00,1653,1578.49,4.7203339900791255,0,Normal,13.84
2020-06-27 02:00:00,1323,1573.7,0.0,0,Normal,0.0
2020-06-27 03:00:00,1112,1263.12,0.0,0,Normal,0.0
2020-06-27 04:00:00,899,782.28,14.920488827529788,0,Warning,43.75
2020-06-27 05:00:00,1054,993.905,6.046352518600876,0,Normal,17.73
2020-06-27 06:00:00,1056,1365.08,0.0,1,Normal,5.0
2020-06-27 07:00:00,2487,2036.635,22.11319161263555,0,High,64.85
2020-06-27 08:00:00,3518,3687.775,0.0,0,Normal,0.0
2020-06-27 09:00:00,3972,4123.095,0.0,0,Normal,0.0
2020-06-27 10:00:00,4359,4185.435,4.146880790168754,0,Normal,12.16
2020-06-27 11:00:00,4425,4267.435,3.692264791379355,0,Normal,10.83
2020-06-27 12:00:00,4247,4192.33,1.3040481068999834,0,Normal,3.82
2020-06-27 13:00:00,4083,4066.435,0.40735927169621683,0,Normal,1.19
2020-06-27 14:00:00,3821,3832.55,0.0,0,Normal,0.0
2020-06-27 15:00:00,3682,3656.615,0.694221294831428,0,Normal,2.04
2020-06-27 16:00:00,3549,3605.875,0.0,0,Normal,0.0
2020-06-27 17:00:00,3235,3833.905,0.0,0,Normal,0.0
2020-06-27 18:00:00,3677,3841.435,0.0,0,Normal,0.0
2020-06-27 19:00:00,3797,4045.17,0.0,0,Normal,0.0
2020-06-27 20:00:00,3627,4075.015,0.0,0,Normal,0.0
2020-06-27 21:00:00,2845,3188.255,0.0,0,Normal,0.0
2020-06-27 22:00:00,2746,2730.79,0.5569816792942714,0,Normal,1.63
2020-06-27 23:00:00,2404,2503.675,0.0,0,Normal,0.0
2020-06-28 00:00:00,2025,2003.19,1.088763422341363,0,Normal,3.19
2020-06-28 01:00:00,1733,1533.48,13.010929389362754,0,Warning,38.15
2020-06-28 02:00:00,1402,1364.195,2.7712313855423942,0,Normal,8.13
2020-06-28 03:00:00,900,1116.79,0.0,0,Normal,0.0
2020-06-28 04:00:00,504,800.16,0.0,1,Normal,5.0
2020-06-28 05:00:00,1094,923.505,18.461730039360912,0,Warning,54.14
2020-06-28 06:00:00,1409,1673.175,0.0,0,Normal,0.0
2020-06-28 07:00:00,1438,2322.48,0.0,1,Normal,5.0
2020-06-28 08:00:00,2396,2299.18,4.211066554162795,0,Normal,12.35
2020-06-28 09:00:00,3663,3471.72,5.509660917355093,0,Normal,16.16
2020-06-28 10:00:00,4033,4036.105,0.0,0,Normal,0.0
2020-06-28 11:00:00,3896,4019.815,0.0,0,Normal,0.0
2020-06-28 12:00:00,4049,3928.425,3.0692962192227116,0,Normal,9.0
2020-06-28 13:00:00,3950,3990.695,0.0,0,Normal,0.0
2020-06-28 14:00:00,3632,3874.585,0.0,0,Normal,0.0
2020-06-28 15:00:00,3504,3520.4,0.0,0,Normal,0.0
2020-06-28 16:00:00,2977,3395.81,0.0,0,Normal,0.0
2020-06-28 17:00:00,2985,3044.885,0.0,0,Normal,0.0
2020-06-28 18:00:00,3265,3091.96,5.596450148126107,0,Normal,16.41
2020-06-28 19:00:00,3348,3357.2,0.0,0,Normal,0.0
2020-06-28 20:00:00,3264,3272.155,0.0,0,Normal,0.0
2020-06-28 21:00:00,2709,3001.27,0.0,0,Normal,0.0
2020-06-28 22:00:00,2614,2465.975,6.0026967021157995,0,Normal,17.6
2020-06-28 23:00:00,1792,2164.21,0.0,0,Normal,0.0
2020-06-29 00:00:00,919,1616.64,0.0,1,Normal,5.0
2020-06-29 01:00:00,1252,1371.47,0.0,0,Normal,0.0
2020-06-29 02:00:00,1265,1180.07,7.197030684620409,0,Normal,21.1
2020-06-29 03:00:00,1050,970.87,8.150421786644968,0,Normal,23.9
2020-06-29 04:00:00,654,933.075,0.0,1,Normal,5.0
2020-06-29 05:00:00,1545,1244.76,24.120312349368554,2,High,80.73
2020-06-29 06:00:00,2494,1994.335,25.054216067009804,3,High,88.47
2020-06-29 07:00:00,3122,3800.605,0.0,0,Normal,0.0
2020-06-29 08:00:00,3803,3849.735,0.0,0,Normal,0.0
2020-06-29 09:00:00,3696,3672.81,0.6313966690354267,0,Normal,1.85
2020-06-29 10:00:00,3749,3596.78,4.2321187284181905,0,Normal,12.41
2020-06-29 11:00:00,3583,3422.325,4.694907701635589,0,Normal,13.77
2020-06-29 12:00:00,3480,3408.875,2.0864654761468224,0,Normal,6.12
2020-06-29 13:00:00,3651,3307.99,10.369136545152804,0,Normal,30.41
2020-06-29 14:00:00,3235,3373.115,0.0,0,Normal,0.0
2020-06-29 15:00:00,2996,3123.165,0.0,0,Normal,0.0
2020-06-29 16:00:00,3150,2859.4,10.162971252710355,0,Normal,29.8
2020-06-29 17:00:00,3285,3214.15,2.2043152933123813,0,Normal,6.46
2020-06-29 18:00:00,3359,3281.97,2.3470659390549033,0,Normal,6.88
2020-06-29 19:00:00,3531,3380.435,4.454012575304659,0,Normal,13.06
2020-06-29 20:00:00,3373,3492.19,0.0,0,Normal,0.0
2020-06-29 21:00:00,2862,3003.82,0.0,0,Normal,0.0
2020-06-29 22:00:00,2745,2537.715,8.168174913258575,0,Normal,23.95
2020-06-29 23:00:00,2351,2099.475,11.980376046392555,0,Warning,35.13
2020-06-30 00:00:00,2002,1400.05,42.994893039534304,1,High,85.0
2020-06-30 01:00:00,1455,1370.235,6.18616514685438,0,Normal,18.14
2020-06-30 02:00:00,1132,1183.795,0.0,0,Normal,0.0
2020-06-30 03:00:00,604,1013.685,0.0,1,Normal,5.0
2020-06-30 04:00:00,407,724.54,0.0,2,Normal,10.0
2020-06-30 05:00:00,1488,1433.28,3.8178164768921654,0,Normal,11.2
2020-06-30 06:00:00,2391,2510.0,0.0,0,Normal,0.0
2020-06-30 07:00:00,3052,3324.615,0.0,0,Normal,0.0
2020-06-30 08:00:00,4039,3679.135,9.781239340225344,0,Normal,28.68
2020-06-30 09:00:00,4035,3996.105,0.9733227730502572,0,Normal,2.85
2020-06-30 10:00:00,3845,4018.935,0.0,0,Normal,0.0
2020-06-30 11:00:00,3700,3638.095,1.701577336490669,0,Normal,4.99
2020-06-30 12:00:00,3742,3581.19,4.490406820079357,0,Normal,13.17
2020-06-30 13:00:00,3490,3564.905,0.0,0,Normal,0.0
2020-06-30 14:00:00,3434,3321.78,3.378309219755667,0,Normal,9.91
2020-06-30 15:00:00,2927,3250.43,0.0,0,Normal,0.0
2020-06-30 16:00:00,2981,2868.615,3.917744277290617,0,Normal,11.49
2020-06-30 17:00:00,3316,3176.23,4.400499963793553,0,Normal,12.9
2020-06-30 18:00:00,3382,3348.235,1.0084417611069674,0,Normal,2.96
2020-06-30 19:00:00,3649,3506.555,4.0622491305569195,0,Normal,11.91
2020-06-30 20:00:00,3389,3647.595,0.0,0,Normal,0.0
2020-06-30 21:00:00,2777,3262.26,0.0,0,Normal,0.0
2020-06-30 22:00:00,2541,2500.775,1.6085013645769772,0,Normal,4.72
2020-06-30 23:00:00,2078,2321.615,0.0,0,Normal,0.0
2020-07-01 00:00:00,1598,1718.945,0.0,0,Normal,0.0
2020-07-01 01:00:00,1579,1382.745,14.19314479531657,0,Warning,41.62
2020-07-01 02:00:00,1056,1290.635,0.0,0,Normal,0.0
2020-07-01 03:00:00,600,1102.59,0.0,1,Normal,5.0
2020-07-01 04:00:00,397,656.695,0.0,2,Normal,10.0
2020-07-01 05:00:00,1640,1222.905,34.106901190198755,3,Critical,95.0
2020-07-01 06:00:00,2187,2464.42,0.0,0,Normal,0.0
2020-07-01 07:00:00,3019,3145.12,0.0,0,Normal,0.0
2020-07-01 08:00:00,3754,3598.25,4.328493017439032,0,Normal,12.69
2020-07-01 09:00:00,3791,3853.825,0.0,0,Normal,0.0
2020-07-01 10:00:00,3451,3744.475,0.0,0,Normal,0.0
2020-07-01 11:00:00,3286,3491.99,0.0,0,Normal,0.0
2020-07-01 12:00:00,3184,3278.675,0.0,0,Normal,0.0
2020-07-01 13:00:00,3106,3107.61,0.0,0,Normal,0.0
2020-07-01 14:00:00,3141,3073.55,2.194530754339439,0,Normal,6.44
2020-07-01 15:00:00,2884,2988.895,0.0,0,Normal,0.0
2020-07-01 16:00:00,2775,2815.2,0.0,0,Normal,0.0
2020-07-01 17:00:00,3033,2916.945,3.978648894648333,0,Normal,11.67
2020-07-01 18:00:00,3205,3309.275,0.0,0,Normal,0.0
2020-07-01 19:00:00,3269,3337.425,0.0,0,Normal,0.0
2020-07-01 20:00:00,3263,3219.75,1.3432719931671713,0,Normal,3.94
2020-07-01 21:00:00,2679,3064.32,0.0,0,Normal,0.0
2020-07-01 22:00:00,2645,2428.56,8.91227723424581,0,Normal,26.13
2020-07-01 23:00:00,1966,2256.37,0.0,0,Normal,0.0
2020-07-02 00:00:00,985,1722.96,0.0,1,Normal,5.0
2020-07-02 01:00:00,1022,1396.685,0.0,2,Normal,10.0
2020-07-02 02:00:00,682,1069.225,0.0,3,Normal,15.0
2020-07-02 03:00:00,233,926.4,0.0,4,Normal,20.0
2020-07-02 04:00:00,608,673.705,0.0,0,Normal,0.0
2020-07-02 05:00:00,1799,1496.58,20.207406219513828,0,High,59.26
2020-07-02 06:00:00,2341,2576.605,0.0,0,Normal,0.0
2020-07-02 07:00:00,2895,3234.72,0.0,0,Normal,0.0
2020-07-02 08:00:00,3515,3562.905,0.0,0,Normal,0.0
2020-07-02 09:00:00,3943,3598.965,9.559276069647797,0,Normal,28.03
2020-07-02 10:00:00,3634,3823.49,0.0,0,Normal,0.0
2020-07-02 11:00:00,3443,3546.535,0.0,0,Normal,0.0
2020-07-02 12:00:00,3374,3317.09,1.7156604131934876,0,Normal,5.03
2020-07-02 13:00:00,3269,3250.795,0.5600168574148763,0,Normal,1.64
2020-07-02 14:00:00,3045,3133.16,0.0,0,Normal,0.0
2020-07-02 15:00:00,2762,2929.005,0.0,0,Normal,0.0
2020-07-02 16:00:00,2767,2656.415,4.1629414078749,0,Normal,12.21
2020-07-02 17:00:00,3056,2941.85,3.880211431582171,0,Normal,11.38
2020-07-02 18:00:00,3105,3251.485,0.0,0,Normal,0.0
2020-07-02 19:00:00,3097,3234.225,0.0,0,Normal,0.0
2020-07-02 20:00:00,3186,3017.265,5.592316220153023,0,Normal,16.4
2020-07-02 21:00:00,2556,2834.125,0.0,0,Normal,0.0
2020-07-02 22:00:00,2492,2425.155,2.7563186682912963,0,Normal,8.08
2020-07-02 23:00:00,2128,2166.385,0.0,0,Normal,0.0
2020-07-03 00:00:00,1580,1789.255,0.0,0,Normal,0.0
2020-07-03 01:00:00,1676,1339.725,25.10030043479073,1,High,78.61
2020-07-03 02:00:00,1487,1381.28,7.653770415846174,0,Normal,22.44
2020-07-03 03:00:00,695,1023.265,0.0,1,Normal,5.0
2020-07-03 04:00:00,680,721.265,0.0,0,Normal,0.0
2020-07-03 05:00:00,1263,1549.885,0.0,0,Normal,0.0
2020-07-03 06:00:00,2032,2150.45,0.0,0,Normal,0.0
2020-07-03 07:00:00,3070,3011.345,1.9478007335592635,0,Normal,5.71
2020-07-03 08:00:00,3735,3540.335,5.498490962013481,0,Normal,16.12
2020-07-03 09:00:00,3880,4024.84,0.0,0,Normal,0.0
2020-07-03 10:00:00,3744,3801.085,0.0,0,Normal,0.0
2020-07-03 11:00:00,3507,3546.875,0.0,0,Normal,0.0
2020-07-03 12:00:00,3264,3368.755,0.0,0,Normal,0.0
2020-07-03 13:00:00,3264,3149.17,3.6463576116881566,0,Normal,10.69
2020-07-03 14:00:00,3176,3096.145,2.579175070934986,0,Normal,7.56
2020-07-03 15:00:00,2922,3018.695,0.0,0,Normal,0.0
2020-07-03 16:00:00,2770,2905.64,0.0,0,Normal,0.0
2020-07-03 17:00:00,2756,2922.035,0.0,0,Normal,0.0
2020-07-03 18:00:00,3052,2941.885,3.7430083092982827,0,Normal,10.98
2020-07-03 19:00:00,3114,3221.47,0.0,0,Normal,0.0
2020-07-03 20:00:00,3040,3100.87,0.0,0,Normal,0.0
2020-07-03 21:00:00,2491,2678.865,0.0,0,Normal,0.0
2020-07-03 22:00:00,2583,2358.615,9.5134220718515,0,Normal,27.9
2020-07-03 23:00:00,2372,2219.555,6.86826863943449,0,Normal,20.14
2020-07-04 00:00:00,1693,2146.53,0.0,0,Normal,0.0
2020-07-04 01:00:00,1677,1535.845,9.190706093388329,0,Normal,26.95
2020-07-04 02:00:00,1349,1402.245,0.0,0,Normal,0.0
2020-07-04 03:00:00,712,890.145,0.0,0,Normal,0.0
2020-07-04 04:00:00,631,808.3,0.0,0,Normal,0.0
2020-07-04 05:00:00,1472,1020.91,44.185089772849715,1,High,85.0
2020-07-04 06:00:00,1331,1766.805,0.0,2,Normal,10.0
2020-07-04 07:00:00,1690,2299.225,0.0,3,Normal,15.0
2020-07-04 08:00:00,2678,2641.97,1.3637550767041338,0,Normal,4.0
2020-07-04 09:00:00,3913,3677.065,6.416394597321504,0,Normal,18.82
2020-07-04 10:00:00,4239,3964.49,6.924219760927642,0,Normal,20.3
2020-07-04 11:00:00,4068,4007.79,1.5023242235745895,0,Normal,4.41
2020-07-04 12:00:00,3957,3872.7,2.1767758927879823,0,Normal,6.38
2020-07-04 13:00:00,3667,3781.39,0.0,0,Normal,0.0
2020-07-04 14:00:00,3205,3503.625,0.0,0,Normal,0.0
2020-07-04 15:00:00,2911,3034.335,0.0,0,Normal,0.0
2020-07-04 16:00:00,2970,2809.215,5.723485030515637,0,Normal,16.78
2020-07-04 17:00:00,2867,3014.78,0.0,0,Normal,0.0
2020-07-04 18:00:00,2905,3013.29,0.0,0,Normal,0.0
2020-07-04 19:00:00,2876,3039.31,0.0,0,Normal,0.0
2020-07-04 20:00:00,2278,2846.425,0.0,0,Normal,0.0
2020-07-04 21:00:00,1903,2138.065,0.0,0,Normal,0.0
2020-07-04 22:00:00,1881,2084.96,0.0,0,Normal,0.0
2020-07-04 23:00:00,1507,2050.81,0.0,1,Normal,5.0
2020-07-05 00:00:00,1953,1818.66,7.386757282834609,0,Normal,21.66
2020-07-05 01:00:00,1828,1640.205,11.449483448715258,0,Warning,33.58
2020-07-05 02:00:00,1358,1370.0,0.0,0,Normal,0.0
2020-07-05 03:00:00,1124,937.125,19.94130985727624,0,Warning,58.48
2020-07-05 04:00:00,923,716.345,28.848529688906876,1,High,85.0
2020-07-05 05:00:00,904,1020.945,0.0,0,Normal,0.0
2020-07-05 06:00:00,421,1561.915,0.0,1,Normal,5.0
2020-07-05 07:00:00,1045,1282.39,0.0,0,Normal,0.0
2020-07-05 08:00:00,2130,2004.0,6.287425149700598,0,Normal,18.44
2020-07-05 09:00:00,3309,3381.51,0.0,0,Normal,0.0
2020-07-05 10:00:00,3909,3730.205,4.793168203892281,0,Normal,14.06
2020-07-05 11:00:00,3956,3920.23,0.9124464636003495,0,Normal,2.68
2020-07-05 12:00:00,3912,3881.835,0.7770809423893587,0,Normal,2.28
2020-07-05 13:00:00,3698,3798.26,0.0,0,Normal,0.0
2020-07-05 14:00:00,3308,3472.345,0.0,0,Normal,0.0
2020-07-05 15:00:00,2983,3064.555,0.0,0,Normal,0.0
2020-07-05 16:00:00,2725,2758.51,0.0,0,Normal,0.0
2020-07-05 17:00:00,2810,2852.685,0.0,0,Normal,0.0
2020-07-05 18:00:00,2949,3012.335,0.0,0,Normal,0.0
2020-07-05 19:00:00,3207,3087.885,3.857494692969452,0,Normal,11.31
2020-07-05 20:00:00,2921,3209.87,0.0,0,Normal,0.0
2020-07-05 21:00:00,2046,2427.895,0.0,0,Normal,0.0
2020-07-05 22:00:00,2116,1875.99,12.793778218434,0,Warning,37.52
2020-07-05 23:00:00,1795,1708.33,5.073375752928303,0,Normal,14.88
2020-07-06 00:00:00,1319,1422.815,0.0,0,Normal,0.0
2020-07-06 01:00:00,1273,1356.86,0.0,0,Normal,0.0
2020-07-06 02:00:00,969,1122.5,0.0,0,Normal,0.0
2020-07-06 03:00:00,351,899.355,0.0,1,Normal,5.0
2020-07-06 04:00:00,669,834.495,0.0,0,Normal,0.0
2020-07-06 05:00:00,1442,1204.235,19.744069886691562,0,Warning,57.9
2020-07-06 06:00:00,1907,2185.95,0.0,0,Normal,0.0
2020-07-06 07:00:00,2919,3267.795,0.0,0,Normal,0.0
2020-07-06 08:00:00,3701,3608.605,2.560407692169134,0,Normal,7.51
2020-07-06 09:00:00,3786,3628.335,4.345381559310261,0,Normal,12.74
2020-07-06 10:00:00,3671,3579.315,2.561523643490443,0,Normal,7.51
2020-07-06 11:00:00,3623,3501.04,3.483536320636155,0,Normal,10.22
2020-07-06 12:00:00,3619,3419.01,5.849354052781354,0,Normal,17.15
2020-07-06 13:00:00,3172,3467.83,0.0,0,Normal,0.0
2020-07-06 14:00:00,2807,2988.95,0.0,0,Normal,0.0
2020-07-06 15:00:00,2795,2694.435,3.732322360717555,0,Normal,10.94
2020-07-06 16:00:00,2589,2665.465,0.0,0,Normal,0.0
2020-07-06 17:00:00,2697,2685.21,0.43907180443987487,0,Normal,1.29
2020-07-06 18:00:00,2930,2801.075,4.602697178761733,0,Normal,13.5
2020-07-06 19:00:00,2822,3191.79,0.0,0,Normal,0.0
2020-07-06 20:00:00,2723,2791.345,0.0,0,Normal,0.0
2020-07-06 21:00:00,2056,2376.77,0.0,0,Normal,0.0
2020-07-06 22:00:00,2268,2130.795,6.439145952566997,0,Normal,18.88
2020-07-06 23:00:00,1964,1981.155,0.0,0,Normal,0.0
2020-07-07 00:00:00,1418,1550.045,0.0,0,Normal,0.0
2020-07-07 01:00:00,1329,1201.27,10.632913499879296,0,Normal,31.18
2020-07-07 02:00:00,1022,938.38,8.91110211215073,0,Normal,26.13
2020-07-07 03:00:00,627,784.45,0.0,0,Normal,0.0
2020-07-07 04:00:00,1102,675.96,63.02739807089176,1,High,85.0
2020-07-07 05:00:00,1454,1273.32,14.189677378820726,0,Warning,41.61
2020-07-07 06:00:00,2093,2162.765,0.0,0,Normal,0.0
2020-07-07 07:00:00,2912,3014.27,0.0,0,Normal,0.0
2020-07-07 08:00:00,3649,3458.0,5.523423944476576,0,Normal,16.2
2020-07-07 09:00:00,4007,3634.02,10.263564867557141,0,Normal,30.1
2020-07-07 10:00:00,3837,3934.06,0.0,0,Normal,0.0
2020-07-07 11:00:00,3674,3605.52,1.8993099469702017,0,Normal,5.57
2020-07-07 12:00:00,3489,3521.85,0.0,0,Normal,0.0
2020-07-07 13:00:00,3436,3278.8,4.794436989142364,0,Normal,14.06
2020-07-07 14:00:00,3264,3184.885,2.484077133083291,0,Normal,7.28
2020-07-07 15:00:00,2830,2992.055,0.0,0,Normal,0.0
2020-07-07 16:00:00,2906,2710.12,7.2277242336132765,0,Normal,21.19
2020-07-07 17:00:00,2823,3034.83,0.0,0,Normal,0.0
2020-07-07 18:00:00,2980,3042.455,0.0,0,Normal,0.0
2020-07-07 19:00:00,3081,3133.86,0.0,0,Normal,0.0
2020-07-07 20:00:00,2876,3020.885,0.0,0,Normal,0.0
2020-07-07 21:00:00,2382,2518.505,0.0,0,Normal,0.0
2020-07-07 22:00:00,2258,2330.485,0.0,0,Normal,0.0
2020-07-07 23:00:00,1918,1917.75,0.013036110024768607,0,Normal,0.04
2020-07-08 00:00:00,1300,1468.25,0.0,0,Normal,0.0
2020-07-08 01:00:00,1174,1252.915,0.0,0,Normal,0.0
2020-07-08 02:00:00,926,1049.225,0.0,0,Normal,0.0
2020-07-08 03:00:00,399,686.375,0.0,1,Normal,5.0
2020-07-08 04:00:00,801,906.6,0.0,0,Normal,0.0
2020-07-08 05:00:00,1427,1430.77,0.0,0,Normal,0.0
2020-07-08 06:00:00,1967,2193.355,0.0,0,Normal,0.0
2020-07-08 07:00:00,2789,2957.425,0.0,0,Normal,0.0
2020-07-08 08:00:00,3295,3377.83,0.0,0,Normal,0.0
2020-07-08 09:00:00,3644,3458.43,5.365729536234655,0,Normal,15.73
2020-07-08 10:00:00,3573,3457.185,3.3499798246261063,0,Normal,9.82
2020-07-08 11:00:00,3202,3414.72,0.0,0,Normal,0.0
2020-07-08 12:00:00,3087,3142.035,0.0,0,Normal,0.0
2020-07-08 13:00:00,3150,2993.85,5.215692168946343,0,Normal,15.29
2020-07-08 14:00:00,2907,2968.875,0.0,0,Normal,0.0
2020-07-08 15:00:00,2727,2790.85,0.0,0,Normal,0.0
2020-07-08 16:00:00,2617,2659.19,0.0,0,Normal,0.0
2020-07-08 17:00:00,2611,2741.755,0.0,0,Normal,0.0
2020-07-08 18:00:00,2933,2763.745,6.124117818394971,0,Normal,17.96
2020-07-08 19:00:00,3092,3069.205,0.7427004712946862,0,Normal,2.18
2020-07-08 20:00:00,2855,3008.365,0.0,0,Normal,0.0
2020-07-08 21:00:00,2615,2464.785,6.094446371590226,0,Normal,17.87
2020-07-08 22:00:00,2381,2353.615,1.1635292942983548,0,Normal,3.41
2020-07-08 23:00:00,1781,1937.94,0.0,0,Normal,0.0
2020-07-09 00:00:00,1151,1295.2,0.0,0,Normal,0.0
2020-07-09 01:00:00,1255,1024.705,22.474273083472813,1,High,70.9
2020-07-09 02:00:00,844,904.82,0.0,0,Normal,0.0
2020-07-09 03:00:00,308,527.085,0.0,1,Normal,5.0
2020-07-09 04:00:00,500,729.405,0.0,2,Normal,10.0
2020-07-09 05:00:00,1332,1336.6,0.0,0,Normal,0.0
2020-07-09 06:00:00,2065,2123.215,0.0,0,Normal,0.0
2020-07-09 07:00:00,2775,2955.395,0.0,0,Normal,0.0
2020-07-09 08:00:00,3446,3253.945,5.9022202280616245,0,Normal,17.31
2020-07-09 09:00:00,3882,3399.27,14.200990212604472,0,Warning,41.64
2020-07-09 10:00:00,3301,3674.02,0.0,0,Normal,0.0
2020-07-09 11:00:00,2839,3169.96,0.0,0,Normal,0.0
2020-07-09 12:00:00,3141,2775.69,13.161051846567878,0,Warning,38.59
2020-07-09 13:00:00,3124,3036.96,2.8660239186554963,0,Normal,8.4
2020-07-09 14:00:00,2975,2944.525,1.034971684736924,0,Normal,3.04
2020-07-09 15:00:00,2732,2830.305,0.0,0,Normal,0.0
2020-07-09 16:00:00,2766,2627.235,5.28178864852211,0,Normal,15.49
2020-07-09 17:00:00,2613,2892.75,0.0,0,Normal,0.0
2020-07-09 18:00:00,3000,2793.865,7.378130296202581,0,Normal,21.64
2020-07-09 19:00:00,3156,3089.57,2.1501373977608482,0,Normal,6.31
2020-07-09 20:00:00,3055,3047.005,0.26238880474432735,0,Normal,0.77
2020-07-09 21:00:00,2823,2706.065,4.321219187270075,0,Normal,12.67
2020-07-09 22:00:00,2513,2507.985,0.19996132353263166,0,Normal,0.59
2020-07-09 23:00:00,1958,1948.28,0.49890159525325045,0,Normal,1.46
2020-07-10 00:00:00,1442,1436.31,0.3961540335999927,0,Normal,1.16
2020-07-10 01:00:00,1388,1308.9,6.04324241729696,0,Normal,17.72
2020-07-10 02:00:00,984,1061.315,0.0,0,Normal,0.0
2020-07-10 03:00:00,360,683.505,0.0,1,Normal,5.0
2020-07-10 04:00:00,714,557.375,28.100470957613815,2,High,90.0
2020-07-10 05:00:00,1496,1307.12,14.45008874472123,0,Warning,42.37
2020-07-10 06:00:00,1923,2123.635,0.0,0,Normal,0.0
2020-07-10 07:00:00,2761,2998.085,0.0,0,Normal,0.0
2020-07-10 08:00:00,3423,3527.92,0.0,0,Normal,0.0
2020-07-10 09:00:00,3549,3449.11,2.896109431128606,0,Normal,8.49
2020-07-10 10:00:00,3494,3497.1,0.0,0,Normal,0.0
2020-07-10 11:00:00,3186,3337.92,0.0,0,Normal,0.0
2020-07-10 12:00:00,3089,3046.37,1.3993703982116457,0,Normal,4.1
2020-07-10 13:00:00,3147,2981.475,5.551782255427266,0,Normal,16.28
2020-07-10 14:00:00,2949,2962.16,0.0,0,Normal,0.0
2020-07-10 15:00:00,2760,2787.43,0.0,0,Normal,0.0
2020-07-10 16:00:00,2743,2695.91,1.7467200314550613,0,Normal,5.12
2020-07-10 17:00:00,2784,2807.44,0.0,0,Normal,0.0
2020-07-10 18:00:00,2961,2923.19,1.293449963909289,0,Normal,3.79
2020-07-10 19:00:00,2942,3031.715,0.0,0,Normal,0.0
2020-07-10 20:00:00,2647,2821.075,0.0,0,Normal,0.0
2020-07-10 21:00:00,2346,2348.255,0.0,0,Normal,0.0
2020-07-10 22:00:00,2176,2216.41,0.0,0,Normal,0.0
2020-07-10 23:00:00,1706,2066.19,0.0,0,Normal,0.0
2020-07-11 00:00:00,1502,1583.47,0.0,0,Normal,0.0
2020-07-11 01:00:00,1319,1344.755,0.0,0,Normal,0.0
2020-07-11 02:00:00,452,1158.885,0.0,1,Normal,5.0
2020-07-11 03:00:00,450,597.795,0.0,2,Normal,10.0
2020-07-11 04:00:00,703,703.34,0.0,0,Normal,0.0
2020-07-11 05:00:00,803,1198.05,0.0,1,Normal,5.0
2020-07-11 06:00:00,930,1250.375,0.0,2,Normal,10.0
2020-07-11 07:00:00,1486,1546.705,0.0,0,Normal,0.0
2020-07-11 08:00:00,2838,2608.865,8.78293817426353,0,Normal,25.76
2020-07-11 09:00:00,3972,3771.395,5.3191193179181715,0,Normal,15.6
2020-07-11 10:00:00,4267,3991.225,6.909532787552697,0,Normal,20.26
2020-07-11 11:00:00,4085,3944.035,3.5741315683050523,0,Normal,10.48
2020-07-11 12:00:00,3730,3833.645,0.0,0,Normal,0.0
2020-07-11 13:00:00,3694,3522.99,4.854115396296902,0,Normal,14.23
2020-07-11 14:00:00,3431,3352.38,2.345199529886227,0,Normal,6.88
2020-07-11 15:00:00,3185,3061.21,4.043825807442154,0,Normal,11.86
2020-07-11 16:00:00,3277,2919.65,12.239480759680095,0,Warning,35.89
2020-07-11 17:00:00,2981,3067.285,0.0,0,Normal,0.0
2020-07-11 18:00:00,3124,3036.665,2.876016946222255,0,Normal,8.43
2020-07-11 19:00:00,2917,3000.635,0.0,0,Normal,0.0
2020-07-11 20:00:00,2655,2620.525,1.3155760773127487,0,Normal,3.86
2020-07-11 21:00:00,2348,2182.55,7.58058234633799,0,Normal,22.23
2020-07-11 22:00:00,2119,1876.235,12.938944215410123,0,Warning,37.94
2020-07-11 23:00:00,1938,1723.495,12.445931087702611,0,Warning,36.5
2020-07-12 00:00:00,1803,1739.39,3.657029188393626,0,Normal,10.72
2020-07-12 01:00:00,1503,1474.005,1.9670896638749453,0,Normal,5.77
2020-07-12 02:00:00,982,1009.535,0.0,0,Normal,0.0
2020-07-12 03:00:00,417,864.255,0.0,1,Normal,5.0
2020-07-12 04:00:00,858,669.29,28.195550508748084,2,High,90.0
2020-07-12 05:00:00,792,840.73,0.0,0,Normal,0.0
2020-07-12 06:00:00,660,791.15,0.0,0,Normal,0.0
2020-07-12 07:00:00,928,1254.185,0.0,1,Normal,5.0
2020-07-12 08:00:00,2291,2185.29,4.837344242640566,0,Normal,14.19
2020-07-12 09:00:00,3585,3466.48,3.4190302554752945,0,Normal,10.03
2020-07-12 10:00:00,4115,3980.65,3.3750769346714704,0,Normal,9.9
2020-07-12 11:00:00,4201,4021.735,4.457404577874968,0,Normal,13.07
2020-07-12 12:00:00,4007,3988.035,0.47554748140375264,0,Normal,1.39
2020-07-12 13:00:00,3817,3765.69,1.3625656918121234,0,Normal,4.0
2020-07-12 14:00:00,3515,3432.775,2.3952924383334158,0,Normal,7.02
2020-07-12 15:00:00,3087,3218.09,0.0,0,Normal,0.0
2020-07-12 16:00:00,2915,2875.385,1.3777285476553498,0,Normal,4.04
2020-07-12 17:00:00,2841,3047.295,0.0,0,Normal,0.0
2020-07-12 18:00:00,3283,2970.315,10.526997978328897,0,Normal,30.87
2020-07-12 19:00:00,3489,3180.59,9.696628612930299,0,Normal,28.43
2020-07-12 20:00:00,3374,3159.335,6.794626084286724,0,Normal,19.92
2020-07-12 21:00:00,2796,2572.635,8.682343200648353,0,Normal,25.46
2020-07-12 22:00:00,2593,2245.3,15.485681200730406,0,Warning,45.41
2020-07-12 23:00:00,2145,2042.975,4.9939426571544,0,Normal,14.64
2020-07-13 00:00:00,1474,1603.22,0.0,0,Normal,0.0
2020-07-13 01:00:00,1368,1285.795,6.39332086374577,0,Normal,18.75
2020-07-13 02:00:00,1221,985.76,23.86382080831034,1,High,74.98
2020-07-13 03:00:00,978,878.435,11.334361677301116,0,Warning,33.24
2020-07-13 04:00:00,659,821.975,0.0,0,Normal,0.0
2020-07-13 05:00:00,1472,1160.71,26.81892979297154,1,High,83.65
2020-07-13 06:00:00,2185,2196.72,0.0,0,Normal,0.0
2020-07-13 07:00:00,3011,3413.365,0.0,0,Normal,0.0
2020-07-13 08:00:00,3861,3612.96,6.865284974093264,0,Normal,20.13
2020-07-13 09:00:00,4122,3708.51,11.14976095520842,0,Warning,32.7
2020-07-13 10:00:00,4223,3910.67,7.986610989932669,0,Normal,23.42
2020-07-13 11:00:00,3971,4194.18,0.0,0,Normal,0.0
2020-07-13 12:00:00,3784,3875.89,0.0,0,Normal,0.0
2020-07-13 13:00:00,3627,3567.195,1.6765273555272373,0,Normal,4.92
2020-07-13 14:00:00,3474,3399.13,2.2026224357409068,0,Normal,6.46
2020-07-13 15:00:00,3332,3256.935,2.3047742739723103,0,Normal,6.76
2020-07-13 16:00:00,2888,3159.595,0.0,0,Normal,0.0
2020-07-13 17:00:00,3254,3063.29,6.2256593401212434,0,Normal,18.26
2020-07-13 18:00:00,3515,3544.51,0.0,0,Normal,0.0
2020-07-13 19:00:00,3664,3756.02,0.0,0,Normal,0.0
2020-07-13 20:00:00,3758,3627.76,3.590094162789153,0,Normal,10.53
2020-07-13 21:00:00,3144,3165.26,0.0,0,Normal,0.0
2020-07-13 22:00:00,2596,2695.165,0.0,0,Normal,0.0
2020-07-13 23:00:00,2136,2191.49,0.0,0,Normal,0.0
2020-07-14 00:00:00,1228,1406.96,0.0,0,Normal,0.0
2020-07-14 01:00:00,1015,1305.12,0.0,0,Normal,0.0
2020-07-14 02:00:00,1031,1118.285,0.0,0,Normal,0.0
2020-07-14 03:00:00,776,1018.87,0.0,1,Normal,5.0
2020-07-14 04:00:00,611,832.435,0.0,2,Normal,10.0
2020-07-14 05:00:00,1490,1307.5,13.957934990439771,0,Warning,40.93
2020-07-14 06:00:00,1912,2306.495,0.0,0,Normal,0.0
2020-07-14 07:00:00,3076,2992.115,2.803535291925619,0,Normal,8.22
2020-07-14 08:00:00,3880,3487.07,11.26819937655395,0,Warning,33.04
2020-07-14 09:00:00,4254,3828.31,11.119527937915166,0,Warning,32.61
2020-07-14 10:00:00,4038,4218.475,0.0,0,Normal,0.0
2020-07-14 11:00:00,3919,3883.42,0.916202728522795,0,Normal,2.69
2020-07-14 12:00:00,3953,3738.975,5.724162370703204,0,Normal,16.79
2020-07-14 13:00:00,3518,3742.28,0.0,0,Normal,0.0
2020-07-14 14:00:00,3123,3326.92,0.0,0,Normal,0.0
2020-07-14 15:00:00,2879,2932.15,0.0,0,Normal,0.0
2020-07-14 16:00:00,2905,2766.48,5.0070848153610354,0,Normal,14.68
2020-07-14 17:00:00,2929,3065.02,0.0,0,Normal,0.0
2020-07-14 18:00:00,2914,3175.75,0.0,0,Normal,0.0
2020-07-14 19:00:00,3268,3141.98,4.010846663568832,0,Normal,11.76
2020-07-14 20:00:00,3089,3204.515,0.0,0,Normal,0.0
2020-07-14 21:00:00,2550,2776.32,0.0,0,Normal,0.0
2020-07-14 22:00:00,2202,2328.49,0.0,0,Normal,0.0
2020-07-14 23:00:00,1880,1927.37,0.0,0,Normal,0.0
2020-07-15 00:00:00,1564,1258.095,24.314936471411137,1,High,76.3
2020-07-15 01:00:00,1208,1151.555,4.9016330092787515,0,Normal,14.37
2020-07-15 02:00:00,543,992.59,0.0,1,Normal,5.0
2020-07-15 03:00:00,463,720.095,0.0,2,Normal,10.0
2020-07-15 04:00:00,863,680.2,26.874448691561298,3,High,93.81
2020-07-15 05:00:00,1072,1464.15,0.0,4,Normal,20.0
2020-07-15 06:00:00,1806,1908.56,0.0,0,Normal,0.0
2020-07-15 07:00:00,2444,2963.92,0.0,0,Normal,0.0
2020-07-15 08:00:00,3481,3526.84,0.0,0,Normal,0.0
2020-07-15 09:00:00,3861,3582.55,7.772396756500252,0,Normal,22.79
2020-07-15 10:00:00,3652,3732.685,0.0,0,Normal,0.0
2020-07-15 11:00:00,3417,3502.785,0.0,0,Normal,0.0
2020-07-15 12:00:00,3365,3321.85,1.2989749687674066,0,Normal,3.81
2020-07-15 13:00:00,3329,3265.33,1.9498794915062208,0,Normal,5.72
2020-07-15 14:00:00,3145,3075.405,2.262953984922304,0,Normal,6.64
2020-07-15 15:00:00,2825,2874.895,0.0,0,Normal,0.0
2020-07-15 16:00:00,2773,2726.915,1.6900050056565765,0,Normal,4.96
2020-07-15 17:00:00,2980,2938.815,1.4014151962610761,0,Normal,4.11
2020-07-15 18:00:00,3087,3100.84,0.0,0,Normal,0.0
2020-07-15 19:00:00,3293,3151.685,4.483792003325207,0,Normal,13.15
2020-07-15 20:00:00,3244,3151.045,2.9499737388707534,0,Normal,8.65
2020-07-15 21:00:00,2572,2744.32,0.0,0,Normal,0.0
2020-07-15 22:00:00,2445,2315.355,5.599357333972543,0,Normal,16.42
2020-07-15 23:00:00,1923,1895.205,1.4665959619144142,0,Normal,4.3
2020-07-16 00:00:00,1399,1523.21,0.0,0,Normal,0.0
2020-07-16 01:00:00,1137,1208.17,0.0,0,Normal,0.0
2020-07-16 02:00:00,671,857.255,0.0,0,Normal,0.0
2020-07-16 03:00:00,145,472.355,0.0,1,Normal,5.0
2020-07-16 04:00:00,686,684.12,0.27480558966263163,0,Normal,0.81
2020-07-16 05:00:00,1296,1132.955,14.39112762642824,0,Warning,42.2
2020-07-16 06:00:00,1821,1909.795,0.0,0,Normal,0.0
2020-07-16 07:00:00,2878,2747.1,4.765024935386411,0,Normal,13.97
2020-07-16 08:00:00,3398,3514.23,0.0,0,Normal,0.0
2020-07-16 09:00:00,3583,3498.62,2.4118080843303966,0,Normal,7.07
2020-07-16 10:00:00,3513,3379.395,3.9535183072709765,0,Normal,11.59
2020-07-16 11:00:00,3349,3358.295,0.0,0,Normal,0.0
2020-07-16 12:00:00,3125,3161.39,0.0,0,Normal,0.0
2020-07-16 13:00:00,3111,2967.135,4.848616594795983,0,Normal,14.22
2020-07-16 14:00:00,2969,2932.925,1.2300007671522393,0,Normal,3.61
2020-07-16 15:00:00,2833,2734.085,3.6178465556118393,0,Normal,10.61
2020-07-16 16:00:00,2623,2716.04,0.0,0,Normal,0.0
2020-07-16 17:00:00,2843,2722.815,4.4139980130857195,0,Normal,12.94
2020-07-16 18:00:00,3053,2942.38,3.7595415955790847,0,Normal,11.02
2020-07-16 19:00:00,3098,3188.94,0.0,0,Normal,0.0
2020-07-16 20:00:00,2886,3032.475,0.0,0,Normal,0.0
2020-07-16 21:00:00,2373,2528.055,0.0,0,Normal,0.0
2020-07-16 22:00:00,2279,2268.635,0.4568826629228492,0,Normal,1.34
2020-07-16 23:00:00,2107,1948.28,8.146672962818489,0,Normal,23.89
2020-07-17 00:00:00,1790,1469.12,21.841646700065354,0,High,64.05
2020-07-17 01:00:00,820,1327.565,0.0,1,Normal,5.0
2020-07-17 02:00:00,857,859.5,0.0,0,Normal,0.0
2020-07-17 03:00:00,1071,489.235,118.91320122231647,1,High,85.0
2020-07-17 04:00:00,1370,878.995,55.85981717757211,2,High,90.0
2020-07-17 05:00:00,1325,1355.795,0.0,0,Normal,0.0
2020-07-17 06:00:00,1645,1913.645,0.0,0,Normal,0.0
2020-07-17 07:00:00,2832,2750.235,2.9730186693137086,0,Normal,8.72
2020-07-17 08:00:00,3686,3480.73,5.897326135609483,0,Normal,17.29
2020-07-17 09:00:00,3927,3589.7,9.396328383987525,0,Normal,27.55
2020-07-17 10:00:00,3794,3777.63,0.4333404806717411,0,Normal,1.27
2020-07-17 11:00:00,3742,3602.515,3.8718783960649747,0,Normal,11.35
2020-07-17 12:00:00,3600,3559.965,1.1245897080448783,0,Normal,3.3
2020-07-17 13:00:00,3503,3367.19,4.0333334323278445,0,Normal,11.83
2020-07-17 14:00:00,3478,3268.92,6.395996231171148,0,Normal,18.76
2020-07-17 15:00:00,3292,3169.9,3.8518565254424404,0,Normal,11.3
2020-07-17 16:00:00,3210,3083.975,4.086446874569349,0,Normal,11.98
2020-07-17 17:00:00,3219,3047.275,5.635362742122057,0,Normal,16.53
2020-07-17 18:00:00,3526,3331.465,5.83932294050815,0,Normal,17.12
2020-07-17 19:00:00,3383,3457.755,0.0,0,Normal,0.0
2020-07-17 20:00:00,3199,3132.84,2.1118218613143296,0,Normal,6.19
2020-07-17 21:00:00,2875,2722.345,5.6074817850052145,0,Normal,16.44
2020-07-17 22:00:00,2719,2225.26,22.187969046313675,0,High,65.07
2020-07-17 23:00:00,2130,2071.165,2.840671795825057,0,Normal,8.33
2020-07-18 00:00:00,1727,1608.915,7.339418179332037,0,Normal,21.52
2020-07-18 01:00:00,1636,1345.735,21.569253976451538,0,High,63.25
2020-07-18 02:00:00,1253,1030.8,21.556072953046183,0,High,63.21
2020-07-18 03:00:00,609,972.755,0.0,1,Normal,5.0
2020-07-18 04:00:00,915,876.11,4.438940315713778,0,Normal,13.02
2020-07-18 05:00:00,1203,1030.66,16.72132420002716,0,Warning,49.03
2020-07-18 06:00:00,1215,1212.57,0.2004008016032117,0,Normal,0.59
2020-07-18 07:00:00,1593,1739.06,0.0,0,Normal,0.0
2020-07-18 08:00:00,3023,2518.955,20.01008354655006,0,High,58.68
2020-07-18 09:00:00,4072,3880.19,4.9433146315000025,0,Normal,14.5
2020-07-18 10:00:00,4319,4104.715,5.2204598857655125,0,Normal,15.31
2020-07-18 11:00:00,4368,4150.04,5.251997571107749,0,Normal,15.4
2020-07-18 12:00:00,4123,4089.65,0.815473206753632,0,Normal,2.39
2020-07-18 13:00:00,3801,3830.11,0.0,0,Normal,0.0
2020-07-18 14:00:00,3577,3558.595,0.5171985010938361,0,Normal,1.52
2020-07-18 15:00:00,3256,3385.645,0.0,0,Normal,0.0
2020-07-18 16:00:00,3225,3184.63,1.2676511871080751,0,Normal,3.72
2020-07-18 17:00:00,3290,3360.715,0.0,0,Normal,0.0
2020-07-18 18:00:00,3292,3508.25,0.0,0,Normal,0.0
2020-07-18 19:00:00,3341,3399.12,0.0,0,Normal,0.0
2020-07-18 20:00:00,3147,3254.47,0.0,0,Normal,0.0
2020-07-18 21:00:00,2519,2850.74,0.0,0,Normal,0.0
2020-07-18 22:00:00,2314,2309.25,0.20569448955288513,0,Normal,0.6
2020-07-18 23:00:00,2189,1894.805,15.5263998142289,0,Warning,45.53
2020-07-19 00:00:00,1851,1672.645,10.663051633789598,0,Normal,31.27
2020-07-19 01:00:00,1786,1433.985,24.548025258283744,1,High,76.99
2020-07-19 02:00:00,1096,1265.325,0.0,0,Normal,0.0
2020-07-19 03:00:00,361,719.285,0.0,1,Normal,5.0
2020-07-19 04:00:00,873,828.07,5.425869793616475,0,Normal,15.91
2020-07-19 05:00:00,798,1044.305,0.0,1,Normal,5.0
2020-07-19 06:00:00,1011,936.805,7.920004696815244,0,Normal,23.23
2020-07-19 07:00:00,1102,1222.6,0.0,0,Normal,0.0
2020-07-19 08:00:00,2338,2035.545,14.858674212557322,0,Warning,43.57
2020-07-19 09:00:00,3614,3505.4,3.098077252239399,0,Normal,9.08
2020-07-19 10:00:00,4458,4023.725,10.792859850014604,0,Normal,31.65
2020-07-19 11:00:00,4605,4365.71,5.48112449063268,0,Normal,16.07
2020-07-19 12:00:00,4242,4305.97,0.0,0,Normal,0.0
2020-07-19 13:00:00,4004,4061.565,0.0,0,Normal,0.0
2020-07-19 14:00:00,3753,3839.825,0.0,0,Normal,0.0
2020-07-19 15:00:00,3236,3553.67,0.0,0,Normal,0.0
2020-07-19 16:00:00,2859,3042.17,0.0,0,Normal,0.0
2020-07-19 17:00:00,3186,3000.95,6.166380646128732,0,Normal,18.08
2020-07-19 18:00:00,3624,3450.575,5.025973931880924,0,Normal,14.74
2020-07-19 19:00:00,3884,3875.585,0.2171285109215761,0,Normal,0.64
2020-07-19 20:00:00,3925,3851.54,1.9072890324389735,0,Normal,5.59
2020-07-19 21:00:00,3252,3392.59,0.0,0,Normal,0.0
2020-07-19 22:00:00,2910,2789.19,4.3313650199520275,0,Normal,12.7
2020-07-19 23:00:00,2067,2270.915,0.0,0,Normal,0.0
2020-07-20 00:00:00,1269,1575.435,0.0,0,Normal,0.0
2020-07-20 01:00:00,1253,1383.125,0.0,0,Normal,0.0
2020-07-20 02:00:00,1003,1053.655,0.0,0,Normal,0.0
2020-07-20 03:00:00,798,889.22,0.0,0,Normal,0.0
2020-07-20 04:00:00,618,766.345,0.0,0,Normal,0.0
2020-07-20 05:00:00,1493,1228.93,21.487798328627335,0,High,63.01
2020-07-20 06:00:00,2243,2121.77,5.713625887820076,0,Normal,16.75
2020-07-20 07:00:00,2670,3357.015,0.0,0,Normal,0.0
2020-07-20 08:00:00,3554,3633.345,0.0,0,Normal,0.0
2020-07-20 09:00:00,3765,3642.18,3.372156236100362,0,Normal,9.89
2020-07-20 10:00:00,3794,3761.05,0.8760851357998383,0,Normal,2.57
2020-07-20 11:00:00,3610,3691.86,0.0,0,Normal,0.0
2020-07-20 12:00:00,3440,3638.53,0.0,0,Normal,0.0
2020-07-20 13:00:00,3233,3322.205,0.0,0,Normal,0.0
2020-07-20 14:00:00,3015,3159.58,0.0,0,Normal,0.0
2020-07-20 15:00:00,2803,2892.345,0.0,0,Normal,0.0
2020-07-20 16:00:00,2897,2726.21,6.264741160805659,0,Normal,18.37
2020-07-20 17:00:00,3020,3098.7,0.0,0,Normal,0.0
2020-07-20 18:00:00,3304,3263.76,1.232933794151524,0,Normal,3.62
2020-07-20 19:00:00,3535,3357.045,5.300941750855288,0,Normal,15.54
2020-07-20 20:00:00,3484,3549.375,0.0,0,Normal,0.0
2020-07-20 21:00:00,2822,3076.385,0.0,0,Normal,0.0
2020-07-20 22:00:00,2741,2543.61,7.760230538486635,0,Normal,22.76
2020-07-20 23:00:00,2279,2195.555,3.800633552791899,0,Normal,11.15
2020-07-21 00:00:00,1719,1446.045,18.875968590189096,0,Warning,55.35
2020-07-21 01:00:00,1392,1288.645,8.02044007465206,0,Normal,23.52
2020-07-21 02:00:00,1130,1049.955,7.623660061621695,0,Normal,22.36
2020-07-21 03:00:00,664,837.79,0.0,0,Normal,0.0
2020-07-21 04:00:00,937,639.435,46.53561347126762,1,High,85.0
2020-07-21 05:00:00,1668,1445.35,15.404573286747162,0,Warning,45.17
2020-07-21 06:00:00,2082,2446.93,0.0,0,Normal,0.0
2020-07-21 07:00:00,2871,2993.675,0.0,0,Normal,0.0
2020-07-21 08:00:00,3560,3498.77,1.7500435867461999,0,Normal,5.13
2020-07-21 09:00:00,4538,3569.335,27.138528605468526,1,High,84.58
2020-07-21 10:00:00,4864,4202.8,15.732368896925855,0,Warning,46.13
2020-07-21 11:00:00,4434,4220.205,5.065986131005486,0,Normal,14.86
2020-07-21 12:00:00,4270,3998.575,6.788043240404399,0,Normal,19.91
2020-07-21 13:00:00,4001,3832.1,4.407505023355343,0,Normal,12.92
2020-07-21 14:00:00,3509,3693.36,0.0,0,Normal,0.0
2020-07-21 15:00:00,3375,3328.59,1.3942840662262357,0,Normal,4.09
2020-07-21 16:00:00,3244,3193.74,1.5737035575845315,0,Normal,4.61
2020-07-21 17:00:00,3540,3282.27,7.852187662806534,0,Normal,23.03
2020-07-21 18:00:00,3757,3553.73,5.719905564013023,0,Normal,16.77
2020-07-21 19:00:00,4067,3758.0,8.222458754656731,0,Normal,24.11
2020-07-21 20:00:00,3892,3861.245,0.7965047542955733,0,Normal,2.34
2020-07-21 21:00:00,3351,3232.465,3.667015729481985,0,Normal,10.75
2020-07-21 22:00:00,3121,2769.94,12.673920734745156,0,Warning,37.17
2020-07-21 23:00:00,2193,2286.655,0.0,0,Normal,0.0
2020-07-22 00:00:00,1595,1605.605,0.0,0,Normal,0.0
2020-07-22 01:00:00,1553,1436.08,8.141607709876892,0,Normal,23.87
2020-07-22 02:00:00,1333,1166.985,14.22597548383228,0,Warning,41.72
2020-07-22 03:00:00,914,826.355,10.60621645660763,0,Normal,31.1
2020-07-22 04:00:00,939,863.28,8.771198220739508,0,Normal,25.72
2020-07-22 05:00:00,1785,1547.265,15.36485346724704,0,Warning,45.06
2020-07-22 06:00:00,2397,2367.995,1.22487589711972,0,Normal,3.59
2020-07-22 07:00:00,3268,2967.265,10.135090731700746,0,Normal,29.72
2020-07-22 08:00:00,4174,3695.425,12.950472543753419,0,Warning,37.98
2020-07-22 09:00:00,4489,4054.24,10.7235881447571,0,Normal,31.45
2020-07-22 10:00:00,4392,4297.28,2.2041849728200225,0,Normal,6.46
2020-07-22 11:00:00,3874,4157.84,0.0,0,Normal,0.0
2020-07-22 12:00:00,3869,3826.79,1.1030132304098221,0,Normal,3.23
2020-07-22 13:00:00,3735,3690.065,1.217729226991935,0,Normal,3.57
2020-07-22 14:00:00,3332,3540.43,0.0,0,Normal,0.0
2020-07-22 15:00:00,3440,3143.41,9.435294791325349,0,Normal,27.67
2020-07-22 16:00:00,3439,3255.98,5.621041898291758,0,Normal,16.48
2020-07-22 17:00:00,3725,3476.775,7.139518663128902,0,Normal,20.94
2020-07-22 18:00:00,4064,3752.54,8.29997814813433,0,Normal,24.34
2020-07-22 19:00:00,4234,3990.66,6.097738218740764,0,Normal,17.88
2020-07-22 20:00:00,4220,3959.8,6.57103894136067,0,Normal,19.27
2020-07-22 21:00:00,3392,3543.24,0.0,0,Normal,0.0
2020-07-22 22:00:00,2898,2904.105,0.0,0,Normal,0.0
2020-07-22 23:00:00,2215,2167.015,2.2143363105470026,0,Normal,6.49
2020-07-23 00:00:00,1532,1593.84,0.0,0,Normal,0.0
2020-07-23 01:00:00,1402,1437.685,0.0,0,Normal,0.0
2020-07-23 02:00:00,1164,1135.68,2.493660185967873,0,Normal,7.31
2020-07-23 03:00:00,941,900.52,4.49518056234176,0,Normal,13.18
2020-07-23 04:00:00,824,964.885,0.0,0,Normal,0.0
2020-07-23 05:00:00,1867,1419.38,31.53630458369146,1,High,85.0
2020-07-23 06:00:00,2478,2437.02,1.6815619075756465,0,Normal,4.93
2020-07-23 07:00:00,3483,3326.065,4.718338336743267,0,Normal,13.84
2020-07-23 08:00:00,4185,3785.885,10.54218498448843,0,Normal,30.91
2020-07-23 09:00:00,4254,4088.31,4.052774862962937,0,Normal,11.88
2020-07-23 10:00:00,4224,4184.56,0.9425124744297989,0,Normal,2.76
2020-07-23 11:00:00,3999,3945.32,1.3605993937120393,0,Normal,3.99
2020-07-23 12:00:00,3805,3792.73,0.32351366957310385,0,Normal,0.95
2020-07-23 13:00:00,3826,3650.45,4.808996151159451,0,Normal,14.1
2020-07-23 14:00:00,3390,3614.91,0.0,0,Normal,0.0
2020-07-23 15:00:00,3983,3238.59,22.9856202853711,1,High,72.4
2020-07-23 16:00:00,3498,3730.435,0.0,0,Normal,0.0
2020-07-23 17:00:00,3623,3733.395,0.0,0,Normal,0.0
2020-07-23 18:00:00,4167,4002.705,4.1045992647472165,0,Normal,12.04
2020-07-23 19:00:00,4486,4174.475,7.462615059378715,0,Normal,21.88
2020-07-23 20:00:00,4387,4189.69,4.709417641878049,0,Normal,13.81
2020-07-23 21:00:00,3847,3640.35,5.676651970277586,0,Normal,16.65
2020-07-23 22:00:00,3424,3081.88,11.101016262800623,0,Warning,32.55
2020-07-23 23:00:00,2454,2350.235,4.415090405853026,0,Normal,12.95
2020-07-24 00:00:00,1527,1677.33,0.0,0,Normal,0.0
2020-07-24 01:00:00,1443,1238.75,16.488395560040363,0,Warning,48.35
2020-07-24 02:00:00,1354,1194.595,13.343852937606465,0,Warning,39.13
2020-07-24 03:00:00,1172,1024.235,14.426864928458812,0,Warning,42.31
2020-07-24 04:00:00,844,1051.51,0.0,0,Normal,0.0
2020-07-24 05:00:00,1523,1417.63,7.432828029880849,0,Normal,21.8
2020-07-24 06:00:00,2491,2347.34,6.120118943144148,0,Normal,17.95
2020-07-24 07:00:00,3310,3602.91,0.0,0,Normal,0.0
2020-07-24 08:00:00,4296,3900.2,10.148197528331886,0,Normal,29.76
2020-07-24 09:00:00,4551,4326.415,5.191018429808515,0,Normal,15.22
2020-07-24 10:00:00,4233,4290.62,0.0,0,Normal,0.0
2020-07-24 11:00:00,4003,4078.05,0.0,0,Normal,0.0
2020-07-24 12:00:00,3789,3835.23,0.0,0,Normal,0.0
2020-07-24 13:00:00,3817,3581.2,6.5843851223053775,0,Normal,19.31
2020-07-24 14:00:00,3833,3617.76,5.949537835566753,0,Normal,17.45
2020-07-24 15:00:00,3717,3687.38,0.8032803779377198,0,Normal,2.36
2020-07-24 16:00:00,3567,3538.535,0.80442895152938,0,Normal,2.36
2020-07-24 17:00:00,3567,3678.685,0.0,0,Normal,0.0
2020-07-24 18:00:00,3812,3744.065,1.8144717038833444,0,Normal,5.32
2020-07-24 19:00:00,3654,3871.135,0.0,0,Normal,0.0
2020-07-24 20:00:00,3192,3754.6,0.0,0,Normal,0.0
2020-07-24 21:00:00,2806,2733.72,2.6440162123407007,0,Normal,7.75
2020-07-24 22:00:00,2513,2613.235,0.0,0,Normal,0.0
2020-07-24 23:00:00,1756,2227.475,0.0,0,Normal,0.0
2020-07-25 00:00:00,1750,1532.2,14.214854457642604,0,Warning,41.68
2020-07-25 01:00:00,1618,1546.95,4.592908626652442,0,Normal,13.47
2020-07-25 02:00:00,967,1392.51,0.0,1,Normal,5.0
2020-07-25 03:00:00,669,1068.825,0.0,2,Normal,10.0
2020-07-25 04:00:00,1075,866.345,24.084515983817067,3,High,85.63
2020-07-25 05:00:00,905,1255.36,0.0,4,Normal,20.0
2020-07-25 06:00:00,750,1270.325,0.0,5,Normal,20.0
2020-07-25 07:00:00,1986,1529.44,29.851448896328066,6,Critical,100.0
2020-07-25 08:00:00,3738,3356.72,11.358707309516438,0,Warning,33.31
2020-07-25 09:00:00,4438,4099.31,8.26212216202238,0,Normal,24.23
2020-07-25 10:00:00,4294,4268.04,0.6082417221956692,0,Normal,1.78
2020-07-25 11:00:00,4226,4178.535,1.1359244328454865,0,Normal,3.33
2020-07-25 12:00:00,4018,4047.425,0.0,0,Normal,0.0
2020-07-25 13:00:00,3680,3897.275,0.0,0,Normal,0.0
2020-07-25 14:00:00,3619,3511.45,3.062837289438841,0,Normal,8.98
2020-07-25 15:00:00,3268,3384.38,0.0,0,Normal,0.0
2020-07-25 16:00:00,3188,3234.6,0.0,0,Normal,0.0
2020-07-25 17:00:00,3143,3303.705,0.0,0,Normal,0.0
2020-07-25 18:00:00,2940,3276.67,0.0,0,Normal,0.0
2020-07-25 19:00:00,3146,3063.42,2.695679991643324,0,Normal,7.9
2020-07-25 20:00:00,2839,3177.215,0.0,0,Normal,0.0
2020-07-25 21:00:00,2410,2521.995,0.0,0,Normal,0.0
2020-07-25 22:00:00,2190,2261.28,0.0,0,Normal,0.0
2020-07-25 23:00:00,2183,1829.405,19.32841552307991,0,Warning,56.68
2020-07-26 00:00:00,2173,1660.06,30.898883172897367,1,High,85.0
2020-07-26 01:00:00,1319,1639.3,0.0,0,Normal,0.0
2020-07-26 02:00:00,897,957.9,0.0,0,Normal,0.0
2020-07-26 03:00:00,1070,576.8,85.50624133148406,1,High,85.0
2020-07-26 04:00:00,1011,929.37,8.783369379256916,0,Normal,25.76
2020-07-26 05:00:00,795,908.06,0.0,0,Normal,0.0
2020-07-26 06:00:00,443,962.085,0.0,1,Normal,5.0
2020-07-26 07:00:00,1272,1300.475,0.0,0,Normal,0.0
2020-07-26 08:00:00,2510,2175.68,15.366230327989419,0,Warning,45.06
2020-07-26 09:00:00,3620,3536.12,2.3720914448604717,0,Normal,6.96
2020-07-26 10:00:00,3893,4047.45,0.0,0,Normal,0.0
2020-07-26 11:00:00,3934,3964.685,0.0,0,Normal,0.0
2020-07-26 12:00:00,3933,3922.075,0.2785515320334308,0,Normal,0.82
2020-07-26 13:00:00,3642,3855.49,0.0,0,Normal,0.0
2020-07-26 14:00:00,3362,3485.84,0.0,0,Normal,0.0
2020-07-26 15:00:00,3165,3166.43,0.0,0,Normal,0.0
2020-07-26 16:00:00,2613,2900.175,0.0,0,Normal,0.0
2020-07-26 17:00:00,2822,2706.85,4.254022202929608,0,Normal,12.47
2020-07-26 18:00:00,3038,3050.21,0.0,0,Normal,0.0
2020-07-26 19:00:00,3025,3137.765,0.0,0,Normal,0.0
2020-07-26 20:00:00,2917,2932.125,0.0,0,Normal,0.0
2020-07-26 21:00:00,2576,2497.62,3.1381875545519375,0,Normal,9.2
2020-07-26 22:00:00,2294,2200.24,4.2613533069119836,0,Normal,12.5
2020-07-26 23:00:00,1761,2100.15,0.0,0,Normal,0.0
2020-07-27 00:00:00,1730,1639.9,5.494237453503256,0,Normal,16.11
2020-07-27 01:00:00,1246,1327.41,0.0,0,Normal,0.0
2020-07-27 02:00:00,536,946.81,0.0,1,Normal,5.0
2020-07-27 03:00:00,755,851.82,0.0,0,Normal,0.0
2020-07-27 04:00:00,1065,973.87,9.357511782886831,0,Normal,27.44
2020-07-27 05:00:00,1386,1406.975,0.0,0,Normal,0.0
2020-07-27 06:00:00,1656,2090.06,0.0,0,Normal,0.0
2020-07-27 07:00:00,2953,2830.22,4.338178657489531,0,Normal,12.72
2020-07-27 08:00:00,3845,3664.83,4.916189836909218,0,Normal,14.42
2020-07-27 09:00:00,4098,3713.885,10.34267350766111,0,Normal,30.33
2020-07-27 10:00:00,3997,3998.46,0.0,0,Normal,0.0
2020-07-27 11:00:00,3576,3922.455,0.0,0,Normal,0.0
2020-07-27 12:00:00,3388,3400.48,0.0,0,Normal,0.0
2020-07-27 13:00:00,3248,3231.525,0.5098212144420949,0,Normal,1.5
2020-07-27 14:00:00,3166,3124.845,1.3170253244560994,0,Normal,3.86
2020-07-27 15:00:00,2880,3010.68,0.0,0,Normal,0.0
2020-07-27 16:00:00,2844,2755.26,3.2207486770758393,0,Normal,9.44
2020-07-27 17:00:00,3069,3026.5,1.4042623492483066,0,Normal,4.12
2020-07-27 18:00:00,3185,3302.335,0.0,0,Normal,0.0
2020-07-27 19:00:00,3372,3538.345,0.0,0,Normal,0.0
2020-07-27 20:00:00,3124,3326.395,0.0,0,Normal,0.0
2020-07-27 21:00:00,2530,2704.685,0.0,0,Normal,0.0
2020-07-27 22:00:00,2515,2322.48,8.28941476352864,0,Normal,24.31
2020-07-27 23:00:00,2177,2018.625,7.845687039445166,0,Normal,23.01
2020-07-28 00:00:00,1556,1632.13,0.0,0,Normal,0.0
2020-07-28 01:00:00,1596,1333.3,19.702992574814374,0,Warning,57.78
2020-07-28 02:00:00,950,1073.55,0.0,0,Normal,0.0
2020-07-28 03:00:00,601,743.62,0.0,0,Normal,0.0
2020-07-28 04:00:00,1169,917.795,27.370491231702076,1,High,85.0
2020-07-28 05:00:00,1273,1462.635,0.0,0,Normal,0.0
2020-07-28 06:00:00,1803,1802.48,0.028849141183257612,0,Normal,0.08
2020-07-28 07:00:00,2774,2920.405,0.0,0,Normal,0.0
2020-07-28 08:00:00,3672,3584.965,2.427778234933949,0,Normal,7.12
2020-07-28 09:00:00,4122,3816.4,8.007546378786289,0,Normal,23.48
2020-07-28 10:00:00,4013,4052.205,0.0,0,Normal,0.0
2020-07-28 11:00:00,3885,3918.8,0.0,0,Normal,0.0
2020-07-28 12:00:00,3950,3827.625,3.1971522811142683,0,Normal,9.38
2020-07-28 13:00:00,3737,3815.295,0.0,0,Normal,0.0
2020-07-28 14:00:00,3356,3476.52,0.0,0,Normal,0.0
2020-07-28 15:00:00,3164,3183.68,0.0,0,Normal,0.0
2020-07-28 16:00:00,3132,3109.37,0.727800165306802,0,Normal,2.13
2020-07-28 17:00:00,3273,3254.53,0.5675166613919613,0,Normal,1.66
2020-07-28 18:00:00,3411,3362.895,1.430463930631198,0,Normal,4.19
2020-07-28 19:00:00,3623,3414.73,6.09916450202505,0,Normal,17.89
2020-07-28 20:00:00,3579,3438.475,4.086840823330113,0,Normal,11.98
2020-07-28 21:00:00,2901,3124.97,0.0,0,Normal,0.0
2020-07-28 22:00:00,2584,2552.21,1.245587157796575,0,Normal,3.65
2020-07-28 23:00:00,1935,2237.645,0.0,0,Normal,0.0
2020-07-29 00:00:00,1192,1500.995,0.0,0,Normal,0.0
2020-07-29 01:00:00,1379,1470.35,0.0,0,Normal,0.0
2020-07-29 02:00:00,1144,1131.39,1.1145581983224084,0,Normal,3.27
2020-07-29 03:00:00,548,797.355,0.0,1,Normal,5.0
2020-07-29 04:00:00,795,951.29,0.0,0,Normal,0.0
2020-07-29 05:00:00,1519,1390.525,9.239316085651096,0,Normal,27.09
2020-07-29 06:00:00,2086,2096.415,0.0,0,Normal,0.0
2020-07-29 07:00:00,2899,3022.885,0.0,0,Normal,0.0
2020-07-29 08:00:00,3963,3575.935,10.824162072297177,0,Normal,31.74
2020-07-29 09:00:00,4148,3921.33,5.780436739575605,0,Normal,16.95
2020-07-29 10:00:00,4011,4020.475,0.0,0,Normal,0.0
2020-07-29 11:00:00,3784,3907.24,0.0,0,Normal,0.0
2020-07-29 12:00:00,3586,3613.905,0.0,0,Normal,0.0
2020-07-29 13:00:00,3620,3434.935,5.3877293165664,0,Normal,15.8
2020-07-29 14:00:00,3433,3390.51,1.2532037952992257,0,Normal,3.67
2020-07-29 15:00:00,3254,3241.275,0.39259242119227494,0,Normal,1.15
2020-07-29 16:00:00,3322,3198.31,3.8673549468312975,0,Normal,11.34
2020-07-29 17:00:00,3565,3387.555,5.238143734935674,0,Normal,15.36
2020-07-29 18:00:00,3821,3571.565,6.983913214515204,0,Normal,20.48
2020-07-29 19:00:00,3920,3715.105,5.515187323103922,0,Normal,16.17
2020-07-29 20:00:00,3891,3844.005,1.2225530403836595,0,Normal,3.59
2020-07-29 21:00:00,3365,3420.275,0.0,0,Normal,0.0
2020-07-29 22:00:00,3078,2726.315,12.899646592561753,0,Warning,37.83
2020-07-29 23:00:00,2307,2320.84,0.0,0,Normal,0.0
2020-07-30 00:00:00,1202,1404.99,0.0,0,Normal,0.0
2020-07-30 01:00:00,1380,1286.365,7.279038220100826,0,Normal,21.35
2020-07-30 02:00:00,1307,1100.045,18.81332127322063,0,Warning,55.17
2020-07-30 03:00:00,977,801.885,21.837919402408076,0,High,64.04
2020-07-30 04:00:00,857,840.025,2.020773191274072,0,Normal,5.93
2020-07-30 05:00:00,1646,1426.66,15.374370908275264,0,Warning,45.08
2020-07-30 06:00:00,2197,2385.295,0.0,0,Normal,0.0
2020-07-30 07:00:00,3364,3103.435,8.396019249637904,0,Normal,24.62
2020-07-30 08:00:00,4231,3750.015,12.826215361805223,0,Warning,37.61
2020-07-30 09:00:00,4442,4199.225,5.781423953229456,0,Normal,16.95
2020-07-30 10:00:00,4462,4205.855,6.090200446758161,0,Normal,17.86
2020-07-30 11:00:00,4106,4194.145,0.0,0,Normal,0.0
2020-07-30 12:00:00,4062,3817.02,6.418095792005282,0,Normal,18.82
2020-07-30 13:00:00,3915,3848.345,1.7320432549576559,0,Normal,5.08
2020-07-30 14:00:00,3686,3756.945,0.0,0,Normal,0.0
2020-07-30 15:00:00,3501,3540.92,0.0,0,Normal,0.0
2020-07-30 16:00:00,3496,3382.695,3.3495482152543996,0,Normal,9.82
2020-07-30 17:00:00,3653,3552.98,2.815101689286176,0,Normal,8.26
2020-07-30 18:00:00,3961,3909.05,1.3289673961704203,0,Normal,3.9
2020-07-30 19:00:00,4334,4081.995,6.17357444092901,0,Normal,18.1
2020-07-30 20:00:00,4616,4180.65,10.413452453565842,0,Normal,30.54
2020-07-30 21:00:00,4241,4003.715,5.926620651070315,0,Normal,17.38
2020-07-30 22:00:00,3607,3531.68,2.1326960540026323,0,Normal,6.25
2020-07-30 23:00:00,2770,2723.15,1.7204340561482074,0,Normal,5.05
2020-07-31 00:00:00,1645,1380.99,19.117444731678,0,Warning,56.06
2020-07-31 01:00:00,1339,1366.6,0.0,0,Normal,0.0
2020-07-31 02:00:00,1114,1283.47,0.0,0,Normal,0.0
2020-07-31 03:00:00,1132,1067.405,6.051592413376369,0,Normal,17.75
2020-07-31 04:00:00,686,885.315,0.0,1,Normal,5.0
2020-07-31 05:00:00,1443,1367.79,5.498651108722833,0,Normal,16.12
2020-07-31 06:00:00,2277,2253.485,1.0434948535268649,0,Normal,3.06
2020-07-31 07:00:00,3831,3369.46,13.697743852130607,0,Warning,40.17
2020-07-31 08:00:00,4772,4265.135,11.883914577147024,0,Warning,34.85
2020-07-31 09:00:00,5072,4386.765,15.620508506838174,0,Warning,45.81
2020-07-31 10:00:00,4915,4772.39,2.98823021588763,0,Normal,8.76
2020-07-31 11:00:00,4609,4475.0,2.994413407821229,0,Normal,8.78
2020-07-31 12:00:00,4348,4243.995,2.450639079452264,0,Normal,7.19
2020-07-31 13:00:00,4164,4135.94,0.6784431108768599,0,Normal,1.99
2020-07-31 14:00:00,4061,3952.51,2.7448380902262053,0,Normal,8.05
2020-07-31 15:00:00,3951,3823.28,3.3405871398380396,0,Normal,9.8
2020-07-31 16:00:00,3870,3826.675,1.1321839455924483,0,Normal,3.32
2020-07-31 17:00:00,4021,3939.315,2.073583859122714,0,Normal,6.08
2020-07-31 18:00:00,4173,4141.785,0.7536605593964957,0,Normal,2.21
2020-07-31 19:00:00,4362,4495.595,0.0,0,Normal,0.0
2020-07-31 20:00:00,4680,4427.725,5.697621238898071,0,Normal,16.71
2020-07-31 21:00:00,4319,4216.21,2.4379715431631714,0,Normal,7.15
2020-07-31 22:00:00,3742,3525.23,6.149102328075047,0,Normal,18.03
2020-07-31 23:00:00,2880,2898.76,0.0,0,Normal,0.0
2020-08-01 00:00:00,2106,1890.38,11.406172303981203,0,Warning,33.45
2020-08-01 01:00:00,1391,1507.61,0.0,0,Normal,0.0
2020-08-01 02:00:00,1635,1121.175,45.82915245166902,1,High,85.0
2020-08-01 03:00:00,1243,1278.085,0.0,0,Normal,0.0
2020-08-01 04:00:00,360,946.095,0.0,1,Normal,5.0
2020-08-01 05:00:00,283,1106.0,0.0,2,Normal,10.0
2020-08-01 06:00:00,1753,1144.645,53.14791922386417,3,Critical,95.0
2020-08-01 07:00:00,2237,2550.745,0.0,0,Normal,0.0
2020-08-01 08:00:00,4057,3677.675,10.314261048080644,0,Normal,30.25
2020-08-01 09:00:00,4201,4330.235,0.0,0,Normal,0.0
2020-08-01 10:00:00,4347,4442.755,0.0,0,Normal,0.0
2020-08-01 11:00:00,4144,4424.625,0.0,0,Normal,0.0
2020-08-01 12:00:00,4023,4253.06,0.0,0,Normal,0.0
2020-08-01 13:00:00,3860,3968.06,0.0,0,Normal,0.0
2020-08-01 14:00:00,3599,3948.6,0.0,0,Normal,0.0
2020-08-01 15:00:00,3524,3532.255,0.0,0,Normal,0.0
2020-08-01 16:00:00,3388,3542.66,0.0,0,Normal,0.0
2020-08-01 17:00:00,3368,3665.375,0.0,0,Normal,0.0
2020-08-01 18:00:00,3025,3657.78,0.0,0,Normal,0.0
2020-08-01 19:00:00,3892,3382.165,15.074220211018682,0,Warning,44.2
2020-08-01 20:00:00,4008,4134.35,0.0,0,Normal,0.0
2020-08-01 21:00:00,3463,4018.94,0.0,0,Normal,0.0
2020-08-01 22:00:00,3077,2999.08,2.5981300932285922,0,Normal,7.62
2020-08-01 23:00:00,2606,2616.485,0.0,0,Normal,0.0
2020-08-02 00:00:00,2059,2726.52,0.0,1,Normal,5.0
2020-08-02 01:00:00,1587,1397.785,13.536774253551147,0,Warning,39.7
2020-08-02 02:00:00,1324,1452.245,0.0,0,Normal,0.0
2020-08-02 03:00:00,739,1123.165,0.0,1,Normal,5.0
2020-08-02 04:00:00,247,653.435,0.0,2,Normal,10.0
2020-08-02 05:00:00,675,555.73,21.46186097565364,0,High,62.94
2020-08-02 06:00:00,1147,1033.115,11.023458182293354,0,Warning,32.33
2020-08-02 07:00:00,1322,1248.195,5.912938282880485,0,Normal,17.34
2020-08-02 08:00:00,2445,2381.26,2.67673416594575,0,Normal,7.85
2020-08-02 09:00:00,3671,3533.47,3.8922079429003276,0,Normal,11.41
2020-08-02 10:00:00,4255,3966.54,7.272333066097909,0,Normal,21.33
2020-08-02 11:00:00,4244,4208.32,0.8478442703976954,0,Normal,2.49
2020-08-02 12:00:00,4099,4128.645,0.0,0,Normal,0.0
2020-08-02 13:00:00,3877,3847.96,0.754685599642407,0,Normal,2.21
2020-08-02 14:00:00,3478,3663.865,0.0,0,Normal,0.0
2020-08-02 15:00:00,3235,3334.42,0.0,0,Normal,0.0
2020-08-02 16:00:00,2940,3012.065,0.0,0,Normal,0.0
2020-08-02 17:00:00,2834,3082.54,0.0,0,Normal,0.0
2020-08-02 18:00:00,3164,3001.92,5.399211171516893,0,Normal,15.83
2020-08-02 19:00:00,3253,3166.13,2.743728147612381,0,Normal,8.05
2020-08-02 20:00:00,2930,3108.95,0.0,0,Normal,0.0
2020-08-02 21:00:00,2474,2647.605,0.0,0,Normal,0.0
2020-08-02 22:00:00,2384,2407.91,0.0,0,Normal,0.0
2020-08-02 23:00:00,2013,1986.91,1.313094201549135,0,Normal,3.85
2020-08-03 00:00:00,1738,1739.48,0.0,0,Normal,0.0
2020-08-03 01:00:00,1398,1531.82,0.0,0,Normal,0.0
2020-08-03 02:00:00,521,1053.61,0.0,1,Normal,5.0
2020-08-03 03:00:00,613,772.405,0.0,0,Normal,0.0
2020-08-03 04:00:00,907,785.915,15.406882423671778,0,Warning,45.18
2020-08-03 05:00:00,1464,1234.4,18.60012961762799,0,Warning,54.54
2020-08-03 06:00:00,2034,1609.39,26.383288078091695,1,High,82.37
2020-08-03 07:00:00,3066,3411.715,0.0,0,Normal,0.0
2020-08-03 08:00:00,4092,3694.485,10.759686397427513,0,Normal,31.55
2020-08-03 09:00:00,4540,4050.405,12.087556676431117,0,Warning,35.45
2020-08-03 10:00:00,4111,4279.445,0.0,0,Normal,0.0
2020-08-03 11:00:00,3994,4049.61,0.0,0,Normal,0.0
2020-08-03 12:00:00,3816,3819.835,0.0,0,Normal,0.0
2020-08-03 13:00:00,3670,3563.67,2.9837218373193903,0,Normal,8.75
2020-08-03 14:00:00,3480,3298.79,5.493226304190325,0,Normal,16.11
2020-08-03 15:00:00,3257,3272.875,0.0,0,Normal,0.0
2020-08-03 16:00:00,3378,3019.77,11.862823989906516,0,Warning,34.79
2020-08-03 17:00:00,3540,3295.055,7.4337150669715735,0,Normal,21.8
2020-08-03 18:00:00,3942,3568.785,10.457760834569752,0,Normal,30.67
2020-08-03 19:00:00,4354,3684.875,18.158689236405575,0,Warning,53.25
2020-08-03 20:00:00,4073,3780.07,7.749327393408054,0,Normal,22.72
2020-08-03 21:00:00,3546,3313.295,7.023370994734847,0,Normal,20.6
2020-08-03 22:00:00,3174,2841.695,11.693900999227568,0,Warning,34.29
2020-08-03 23:00:00,2483,2214.93,12.102865553313205,0,Warning,35.49
2020-08-04 00:00:00,1440,1717.805,0.0,0,Normal,0.0
2020-08-04 01:00:00,1502,1294.74,16.00784713533219,0,Warning,46.94
2020-08-04 02:00:00,1433,1009.835,41.90437051597537,1,High,85.0
2020-08-04 03:00:00,706,903.57,0.0,0,Normal,0.0
2020-08-04 04:00:00,601,957.26,0.0,1,Normal,5.0
2020-08-04 05:00:00,1598,1285.7,24.290269891887682,2,High,81.23
2020-08-04 06:00:00,2524,2303.13,9.589992748998096,0,Normal,28.12
2020-08-04 07:00:00,3372,3144.61,7.231103380069384,0,Normal,21.2
2020-08-04 08:00:00,4385,3852.59,13.819534391149846,0,Warning,40.53
2020-08-04 09:00:00,4627,4119.68,12.31454870281186,0,Warning,36.11
2020-08-04 10:00:00,4621,4198.945,10.051453400794731,0,Normal,29.48
2020-08-04 11:00:00,4250,4198.525,1.2260258066821172,0,Normal,3.6
2020-08-04 12:00:00,4170,4049.015,2.9880106643220667,0,Normal,8.76
2020-08-04 13:00:00,3917,3828.57,2.3097396678133046,0,Normal,6.77
2020-08-04 14:00:00,3575,3651.485,0.0,0,Normal,0.0
2020-08-04 15:00:00,3488,3378.58,3.23863871804131,0,Normal,9.5
2020-08-04 16:00:00,3344,3419.26,0.0,0,Normal,0.0
2020-08-04 17:00:00,3697,3459.265,6.872413648564077,0,Normal,20.15
2020-08-04 18:00:00,4224,3840.645,9.981526540463907,0,Normal,29.27
2020-08-04 19:00:00,4618,4279.195,7.917493827694234,0,Normal,23.22
2020-08-04 20:00:00,4570,4234.93,7.912055216969341,0,Normal,23.2
2020-08-04 21:00:00,3972,3768.935,5.387861557707948,0,Normal,15.8
2020-08-04 22:00:00,3400,3353.015,1.4012761648844436,0,Normal,4.11
2020-08-04 23:00:00,2621,2492.56,5.152935134961648,0,Normal,15.11
2020-08-05 00:00:00,1671,1528.905,9.293906423224467,0,Normal,27.25
2020-08-05 01:00:00,1607,1554.485,3.3782892726530074,0,Normal,9.91
2020-08-05 02:00:00,1556,1428.07,8.958244343764667,0,Normal,26.27
2020-08-05 03:00:00,1220,1022.94,19.264081959841235,0,Warning,56.49
2020-08-05 04:00:00,704,821.665,0.0,0,Normal,0.0
2020-08-05 05:00:00,1744,1423.02,22.556253601495413,1,High,71.15
2020-08-05 06:00:00,2510,2675.645,0.0,0,Normal,0.0
2020-08-05 07:00:00,3735,3504.43,6.579386662024928,0,Normal,19.29
2020-08-05 08:00:00,4838,4084.67,18.442860745176475,0,Warning,54.08
2020-08-05 09:00:00,4922,4619.38,6.551095601574235,0,Normal,19.21
2020-08-05 10:00:00,4788,4768.91,0.40030111702674503,0,Normal,1.17
2020-08-05 11:00:00,4536,4415.765,2.722857760773041,0,Normal,7.98
2020-08-05 12:00:00,4303,4215.6,2.073251731663337,0,Normal,6.08
2020-08-05 13:00:00,4348,4027.475,7.958460325638275,0,Normal,23.34
2020-08-05 14:00:00,4041,3904.7,3.4906650959100625,0,Normal,10.24
2020-08-05 15:00:00,3864,3703.8,4.325287542523889,0,Normal,12.68
2020-08-05 16:00:00,3797,3644.89,4.17323979598836,0,Normal,12.24
2020-08-05 17:00:00,4125,3908.745,5.532594221418898,0,Normal,16.22
2020-08-05 18:00:00,4553,4302.47,5.822934267990241,0,Normal,17.08
2020-08-05 19:00:00,5246,4656.03,12.67109533228953,0,Warning,37.16
2020-08-05 20:00:00,5562,4987.21,11.525281670513172,0,Warning,33.8
2020-08-05 21:00:00,5198,4331.665,20.00004617162223,0,High,58.65
2020-08-05 22:00:00,4101,3968.705,3.3334551194911204,0,Normal,9.78
2020-08-05 23:00:00,2966,3076.605,0.0,0,Normal,0.0
2020-08-06 00:00:00,2065,1585.67,30.2288622475042,1,High,85.0
2020-08-06 01:00:00,1770,1558.135,13.597345544513153,0,Warning,39.87
2020-08-06 02:00:00,1991,1515.975,31.334619634228805,1,High,85.0
2020-08-06 03:00:00,1787,1365.18,30.898489576466098,2,High,90.0
2020-08-06 04:00:00,1204,1122.435,7.266790504572652,0,Normal,21.31
2020-08-06 05:00:00,2004,1518.48,31.974079342500396,1,High,85.0
2020-08-06 06:00:00,2854,2726.83,4.663657066997212,0,Normal,13.68
2020-08-06 07:00:00,3966,3821.96,3.768746925661178,0,Normal,11.05
2020-08-06 08:00:00,4546,4081.76,11.373525146015439,0,Warning,33.35
2020-08-06 09:00:00,4966,4509.465,10.123928226519107,0,Normal,29.69
2020-08-06 10:00:00,4828,5085.9,0.0,0,Normal,0.0
2020-08-06 11:00:00,4862,4860.565,0.029523316733762437,0,Normal,0.09
2020-08-06 12:00:00,4454,5044.93,0.0,0,Normal,0.0
2020-08-06 13:00:00,4339,4590.735,0.0,0,Normal,0.0
2020-08-06 14:00:00,4176,4092.16,2.0487957460118897,0,Normal,6.01
2020-08-06 15:00:00,4043,3657.97,10.52578342632663,0,Normal,30.87
2020-08-06 16:00:00,4098,3522.77,16.328911623523535,0,Warning,47.88
2020-08-06 17:00:00,4288,4082.235,5.040498648411957,0,Normal,14.78
2020-08-06 18:00:00,4632,4773.14,0.0,0,Normal,0.0
2020-08-06 19:00:00,5493,4827.025,13.796800306607079,0,Warning,40.46
2020-08-06 20:00:00,5969,5325.03,12.093265202261778,0,Warning,35.46
2020-08-06 21:00:00,5489,4992.74,9.93963234616664,0,Normal,29.15
2020-08-06 22:00:00,4285,4501.805,0.0,0,Normal,0.0
2020-08-06 23:00:00,3170,3305.88,0.0,0,Normal,0.0
2020-08-07 00:00:00,1910,2206.275,0.0,0,Normal,0.0
2020-08-07 01:00:00,1501,1550.55,0.0,0,Normal,0.0
2020-08-07 02:00:00,1692,1569.23,7.823582266461894,0,Normal,22.94
2020-08-07 03:00:00,1518,1576.375,0.0,0,Normal,0.0
2020-08-07 04:00:00,1168,1240.245,0.0,0,Normal,0.0
2020-08-07 05:00:00,1835,1674.3,9.598040972346656,0,Normal,28.15
2020-08-07 06:00:00,3220,2825.475,13.963138941239972,0,Warning,40.95
2020-08-07 07:00:00,4187,3908.535,7.124536431169227,0,Normal,20.89
2020-08-07 08:00:00,5260,4132.73,27.27664280027973,1,High,84.99
2020-08-07 09:00:00,5594,4927.29,13.530967326867305,0,Warning,39.68
2020-08-07 10:00:00,5170,5280.355,0.0,0,Normal,0.0
2020-08-07 11:00:00,5015,5426.045,0.0,0,Normal,0.0
2020-08-07 12:00:00,4721,5313.23,0.0,0,Normal,0.0
2020-08-07 13:00:00,4712,4656.745,1.1865584222455838,0,Normal,3.48
2020-08-07 14:00:00,4611,4402.275,4.741298533144803,0,Normal,13.9
2020-08-07 15:00:00,4480,4265.565,5.027118330162603,0,Normal,14.74
2020-08-07 16:00:00,4534,4297.635,5.499885402087422,0,Normal,16.13
2020-08-07 17:00:00,4553,4666.71,0.0,0,Normal,0.0
2020-08-07 18:00:00,4889,4722.31,3.529840268851464,0,Normal,10.35
2020-08-07 19:00:00,5836,5450.59,7.0709776372833,0,Normal,20.74
2020-08-07 20:00:00,6138,5523.77,11.11976059828703,0,Warning,32.61
2020-08-07 21:00:00,5863,4841.64,21.09533133401078,0,High,61.86
2020-08-07 22:00:00,4751,4606.98,3.1261260087953593,0,Normal,9.17
2020-08-07 23:00:00,3603,3347.175,7.643012391046175,0,Normal,22.41
2020-08-08 00:00:00,2629,3819.295,0.0,1,Normal,5.0
2020-08-08 01:00:00,2220,1627.855,36.3757828553526,2,High,90.0
2020-08-08 02:00:00,1858,1615.165,15.034686858618162,0,Warning,44.09
2020-08-08 03:00:00,1829,1500.24,21.91382712099397,0,High,64.26
2020-08-08 04:00:00,1505,1307.57,15.099000435923129,0,Warning,44.28
2020-08-08 05:00:00,1131,1354.235,0.0,0,Normal,0.0
2020-08-08 06:00:00,1247,1708.0,0.0,1,Normal,5.0
2020-08-08 07:00:00,3736,2222.055,68.13265198206166,2,High,90.0
2020-08-08 08:00:00,5020,4126.905,21.640793766757422,0,High,63.46
2020-08-08 09:00:00,5677,5053.775,12.331870730295678,0,Warning,36.16
2020-08-08 10:00:00,6129,5375.55,14.016240198677341,0,Warning,41.1
2020-08-08 11:00:00,5618,5458.52,2.921671075676182,0,Normal,8.57
2020-08-08 12:00:00,5324,5464.005,0.0,0,Normal,0.0
2020-08-08 13:00:00,5106,5466.81,0.0,0,Normal,0.0
2020-08-08 14:00:00,4824,5422.545,0.0,0,Normal,0.0
2020-08-08 15:00:00,4694,5075.005,0.0,0,Normal,0.0
2020-08-08 16:00:00,4575,4779.01,0.0,0,Normal,0.0
2020-08-08 17:00:00,4546,4732.94,0.0,0,Normal,0.0
2020-08-08 18:00:00,4822,4677.35,3.0925630966252178,0,Normal,9.07
2020-08-08 19:00:00,5559,5283.705,5.210264388341137,0,Normal,15.28
2020-08-08 20:00:00,6137,5592.21,9.741944597931765,0,Normal,28.57
2020-08-08 21:00:00,5598,5048.645,10.881236450572372,0,Normal,31.91
2020-08-08 22:00:00,4519,4778.155,0.0,0,Normal,0.0
2020-08-08 23:00:00,3089,3510.46,0.0,0,Normal,0.0
2020-08-09 00:00:00,2514,3604.135,0.0,1,Normal,5.0
2020-08-09 01:00:00,1911,1869.15,2.238985635181762,0,Normal,6.57
2020-08-09 02:00:00,1884,1556.5,21.040796659171217,0,High,61.7
2020-08-09 03:00:00,1589,1539.195,3.2357823407690423,0,Normal,9.49
2020-08-09 04:00:00,1117,1513.995,0.0,1,Normal,5.0
2020-08-09 05:00:00,370,1006.305,0.0,2,Normal,10.0
2020-08-09 06:00:00,1220,1111.175,9.793686863005382,0,Normal,28.72
2020-08-09 07:00:00,2310,1840.45,25.51278220000543,1,High,79.81
2020-08-09 08:00:00,4385,3382.64,29.632476408958684,2,High,90.0
2020-08-09 09:00:00,4774,4536.01,5.246681554934838,0,Normal,15.39
2020-08-09 10:00:00,5190,5013.615,3.5181201588075717,0,Normal,10.32
2020-08-09 11:00:00,5242,5503.99,0.0,0,Normal,0.0
2020-08-09 12:00:00,5195,5460.18,0.0,0,Normal,0.0
2020-08-09 13:00:00,5091,5428.56,0.0,0,Normal,0.0
2020-08-09 14:00:00,4669,5429.905,0.0,0,Normal,0.0
2020-08-09 15:00:00,4297,4781.24,0.0,0,Normal,0.0
2020-08-09 16:00:00,4134,4599.91,0.0,0,Normal,0.0
2020-08-09 17:00:00,4087,4470.54,0.0,0,Normal,0.0
2020-08-09 18:00:00,3331,4526.075,0.0,1,Normal,5.0
2020-08-09 19:00:00,2436,3713.465,0.0,2,Normal,10.0
2020-08-09 20:00:00,3506,2700.09,29.84752360106514,3,Critical,95.0
2020-08-09 21:00:00,3176,3050.485,4.114591614120373,0,Normal,12.07
2020-08-09 22:00:00,3396,2888.075,17.586974022489034,0,Warning,51.57
2020-08-09 23:00:00,2369,2802.3,0.0,0,Normal,0.0
2020-08-10 00:00:00,1861,1968.325,0.0,0,Normal,0.0
2020-08-10 01:00:00,1424,1583.975,0.0,0,Normal,0.0
2020-08-10 02:00:00,586,1259.17,0.0,1,Normal,5.0
2020-08-10 03:00:00,432,1026.42,0.0,2,Normal,10.0
2020-08-10 04:00:00,633,918.135,0.0,3,Normal,15.0
2020-08-10 05:00:00,1219,1227.705,0.0,0,Normal,0.0
2020-08-10 06:00:00,2734,1970.58,38.740878320088505,1,High,85.0
2020-08-10 07:00:00,4173,3492.445,19.486491555343026,0,Warning,57.14
2020-08-10 08:00:00,4360,4175.465,4.419507767398358,0,Normal,12.96
2020-08-10 09:00:00,4429,4346.79,1.8912806921889496,0,Normal,5.55
2020-08-10 10:00:00,4126,4517.585,0.0,0,Normal,0.0
2020-08-10 11:00:00,3874,4467.29,0.0,0,Normal,0.0
2020-08-10 12:00:00,3798,4114.51,0.0,0,Normal,0.0
2020-08-10 13:00:00,4116,3838.335,7.233995990448983,0,Normal,21.21
2020-08-10 14:00:00,3919,4624.235,0.0,0,Normal,0.0
2020-08-10 15:00:00,3749,4085.915,0.0,0,Normal,0.0
2020-08-10 16:00:00,3654,3566.475,2.4541038420288968,0,Normal,7.2
2020-08-10 17:00:00,3879,4008.76,0.0,0,Normal,0.0
2020-08-10 18:00:00,4002,4075.505,0.0,0,Normal,0.0
2020-08-10 19:00:00,4776,4048.935,17.956944233483622,0,Warning,52.66
2020-08-10 20:00:00,5129,4337.625,18.244430996224892,0,Warning,53.5
2020-08-10 21:00:00,4564,4070.92,12.112249810853564,0,Warning,35.52
2020-08-10 22:00:00,3773,3672.805,2.7280239489981137,0,Normal,8.0
2020-08-10 23:00:00,2882,2838.815,1.521233331513323,0,Normal,4.46
2020-08-11 00:00:00,1924,1890.765,1.7577541365531888,0,Normal,5.15
2020-08-11 01:00:00,1351,1426.67,0.0,0,Normal,0.0
2020-08-11 02:00:00,1556,988.7,57.378375644786075,1,High,85.0
2020-08-11 03:00:00,976,962.335,1.4199836855149157,0,Normal,4.16
2020-08-11 04:00:00,483,708.95,0.0,1,Normal,5.0
2020-08-11 05:00:00,1529,1310.975,16.63075192127997,0,Warning,48.77
2020-08-11 06:00:00,3439,2488.555,38.19264593308166,1,High,85.0
2020-08-11 07:00:00,4158,3872.525,7.37180521752603,0,Normal,21.62
2020-08-11 08:00:00,4787,4143.32,15.535367772704022,0,Warning,45.56
2020-08-11 09:00:00,4878,4628.57,5.388921416333777,0,Normal,15.8
2020-08-11 10:00:00,4851,4658.765,4.126308152482464,0,Normal,12.1
2020-08-11 11:00:00,4475,4387.905,1.9848880046400335,0,Normal,5.82
2020-08-11 12:00:00,4397,4182.33,5.13278483524734,0,Normal,15.05
2020-08-11 13:00:00,4485,4305.615,4.166303768451202,0,Normal,12.22
2020-08-11 14:00:00,4565,4148.715,10.034070790594193,0,Normal,29.42
2020-08-11 15:00:00,4289,4164.16,2.997963574886655,0,Normal,8.79
2020-08-11 16:00:00,3692,3976.69,0.0,0,Normal,0.0
2020-08-11 17:00:00,3648,3934.57,0.0,0,Normal,0.0
2020-08-11 18:00:00,4416,3993.26,10.586337979495445,0,Normal,31.04
2020-08-11 19:00:00,4627,4644.405,0.0,0,Normal,0.0
2020-08-11 20:00:00,5296,4602.355,15.071523165857489,0,Warning,44.2
2020-08-11 21:00:00,4575,4853.82,0.0,0,Normal,0.0
2020-08-11 22:00:00,3762,3761.755,0.00651291750791561,0,Normal,0.02
2020-08-11 23:00:00,2759,2889.085,0.0,0,Normal,0.0
2020-08-12 00:00:00,1842,1886.08,0.0,0,Normal,0.0
2020-08-12 01:00:00,1737,1455.63,19.32977473671193,0,Warning,56.68
2020-08-12 02:00:00,1828,1531.895,19.32932740168223,0,Warning,56.68
2020-08-12 03:00:00,1618,1195.915,35.29389630533943,1,High,85.0
2020-08-12 04:00:00,1045,1074.425,0.0,0,Normal,0.0
2020-08-12 05:00:00,1725,1598.475,7.915356824473332,0,Normal,23.21
2020-08-12 06:00:00,3070,2563.12,19.775898124161184,0,Warning,57.99
2020-08-12 07:00:00,4836,4004.46,20.765346638498073,0,High,60.89
2020-08-12 08:00:00,5053,4740.535,6.591344647808742,0,Normal,19.33
2020-08-12 09:00:00,4515,5113.3,0.0,0,Normal,0.0
2020-08-12 10:00:00,5338,4515.035,18.227211970671327,0,Warning,53.45
2020-08-12 11:00:00,4427,4964.455,0.0,0,Normal,0.0
2020-08-12 12:00:00,4135,4503.425,0.0,0,Normal,0.0
2020-08-12 13:00:00,4000,4520.32,0.0,0,Normal,0.0
2020-08-12 14:00:00,4007,4513.93,0.0,0,Normal,0.0
2020-08-12 15:00:00,3742,4364.74,0.0,0,Normal,0.0
2020-08-12 16:00:00,3758,3749.99,0.2136005696015248,0,Normal,0.63
2020-08-12 17:00:00,3985,3970.585,0.36304474025867634,0,Normal,1.06
2020-08-12 18:00:00,4270,4482.735,0.0,0,Normal,0.0
2020-08-12 19:00:00,4848,4480.37,8.20534911179211,0,Normal,24.06
2020-08-12 20:00:00,4969,5040.315,0.0,0,Normal,0.0
2020-08-12 21:00:00,4452,4748.945,0.0,0,Normal,0.0
2020-08-12 22:00:00,3903,3860.485,1.1012864963858136,0,Normal,3.23
2020-08-12 23:00:00,2986,3097.47,0.0,0,Normal,0.0
2020-08-13 00:00:00,1799,2729.485,0.0,1,Normal,5.0
2020-08-13 01:00:00,1603,1622.66,0.0,0,Normal,0.0
2020-08-13 02:00:00,1817,1742.79,4.2581148618020555,0,Normal,12.49
2020-08-13 03:00:00,1643,1532.55,7.206942677237288,0,Normal,21.13
2020-08-13 04:00:00,1221,1156.855,5.54477440993037,0,Normal,16.26
2020-08-13 05:00:00,1878,1671.835,12.331659523816642,0,Warning,36.16
2020-08-13 06:00:00,3083,3006.255,2.552843986953864,0,Normal,7.49
2020-08-13 07:00:00,4561,4030.68,13.157085156846987,0,Warning,38.58
2020-08-13 08:00:00,4651,4395.485,5.813124148984705,0,Normal,17.05
2020-08-13 09:00:00,4548,4333.265,4.955501221365406,0,Normal,14.53
2020-08-13 10:00:00,4255,4481.81,0.0,0,Normal,0.0
2020-08-13 11:00:00,3948,4344.67,0.0,0,Normal,0.0
2020-08-13 12:00:00,3699,4161.285,0.0,0,Normal,0.0
2020-08-13 13:00:00,4192,3839.88,9.170078231611402,0,Normal,26.89
2020-08-13 14:00:00,3970,4163.39,0.0,0,Normal,0.0
2020-08-13 15:00:00,3853,3964.395,0.0,0,Normal,0.0
2020-08-13 16:00:00,3778,3923.275,0.0,0,Normal,0.0
2020-08-13 17:00:00,3873,4030.675,0.0,0,Normal,0.0
2020-08-13 18:00:00,4253,4329.8,0.0,0,Normal,0.0
2020-08-13 19:00:00,4258,4358.885,0.0,0,Normal,0.0
2020-08-13 20:00:00,3458,4356.635,0.0,0,Normal,0.0
2020-08-13 21:00:00,3663,3603.91,1.6396080923219543,0,Normal,4.81
2020-08-13 22:00:00,3153,3618.97,0.0,0,Normal,0.0
2020-08-13 23:00:00,2483,2818.88,0.0,0,Normal,0.0
2020-08-14 00:00:00,1790,1728.76,3.5424234711585187,0,Normal,10.39
2020-08-14 01:00:00,1748,1526.895,14.480694481283916,0,Warning,42.46
2020-08-14 02:00:00,2006,1571.445,27.653210898249704,1,High,85.0
2020-08-14 03:00:00,1603,1529.77,4.786994123299582,0,Normal,14.04
2020-08-14 04:00:00,866,1341.865,0.0,1,Normal,5.0
2020-08-14 05:00:00,1726,1509.6,14.334923158452579,0,Warning,42.04
2020-08-14 06:00:00,2982,2631.45,13.321552756085056,0,Warning,39.06
2020-08-14 07:00:00,4393,4125.195,6.491935532744521,0,Normal,19.04
2020-08-14 08:00:00,4579,4200.695,9.00577166397466,0,Normal,26.41
2020-08-14 09:00:00,4098,4327.315,0.0,0,Normal,0.0
2020-08-14 10:00:00,4082,4213.08,0.0,0,Normal,0.0
2020-08-14 11:00:00,3901,3970.37,0.0,0,Normal,0.0
2020-08-14 12:00:00,3722,3861.34,0.0,0,Normal,0.0
2020-08-14 13:00:00,3807,3960.92,0.0,0,Normal,0.0
2020-08-14 14:00:00,3809,3931.445,0.0,0,Normal,0.0
2020-08-14 15:00:00,3737,3835.42,0.0,0,Normal,0.0
2020-08-14 16:00:00,3796,3840.84,0.0,0,Normal,0.0
2020-08-14 17:00:00,3966,4085.87,0.0,0,Normal,0.0
2020-08-14 18:00:00,4133,4273.15,0.0,0,Normal,0.0
2020-08-14 19:00:00,3586,4211.205,0.0,0,Normal,0.0
2020-08-14 20:00:00,3636,3658.555,0.0,0,Normal,0.0
2020-08-14 21:00:00,3262,3407.665,0.0,0,Normal,0.0
2020-08-14 22:00:00,2513,3005.01,0.0,0,Normal,0.0
2020-08-14 23:00:00,2487,2374.15,4.7532801213065685,0,Normal,13.94
2020-08-15 00:00:00,1997,3020.785,0.0,1,Normal,5.0
2020-08-15 01:00:00,1826,1896.16,0.0,0,Normal,0.0
2020-08-15 02:00:00,1477,1769.715,0.0,0,Normal,0.0
2020-08-15 03:00:00,576,1502.805,0.0,1,Normal,5.0
2020-08-15 04:00:00,872,966.135,0.0,0,Normal,0.0
2020-08-15 05:00:00,817,1159.895,0.0,1,Normal,5.0
2020-08-15 06:00:00,967,1379.66,0.0,2,Normal,10.0
2020-08-15 07:00:00,1754,2000.34,0.0,0,Normal,0.0
2020-08-15 08:00:00,3240,2466.17,31.37780444981489,1,High,85.0
2020-08-15 09:00:00,4053,3932.805,3.056215601841438,0,Normal,8.96
2020-08-15 10:00:00,4338,4108.565,5.584309850276202,0,Normal,16.38
2020-08-15 11:00:00,4368,4210.63,3.7374454654054117,0,Normal,10.96
2020-08-15 12:00:00,3914,4261.3,0.0,0,Normal,0.0
2020-08-15 13:00:00,3933,3945.84,0.0,0,Normal,0.0
2020-08-15 14:00:00,3691,3934.48,0.0,0,Normal,0.0
2020-08-15 15:00:00,3387,3692.265,0.0,0,Normal,0.0
2020-08-15 16:00:00,3282,3424.985,0.0,0,Normal,0.0
2020-08-15 17:00:00,3146,3388.76,0.0,0,Normal,0.0
2020-08-15 18:00:00,3156,3292.31,0.0,0,Normal,0.0
2020-08-15 19:00:00,3067,3324.07,0.0,0,Normal,0.0
2020-08-15 20:00:00,2782,3105.175,0.0,0,Normal,0.0
2020-08-15 21:00:00,2549,2688.995,0.0,0,Normal,0.0
2020-08-15 22:00:00,2267,2377.52,0.0,0,Normal,0.0
2020-08-15 23:00:00,2344,2139.38,9.564453252811557,0,Normal,28.05
2020-08-16 00:00:00,2088,2695.275,0.0,1,Normal,5.0
2020-08-16 01:00:00,1955,1595.68,22.51829940840268,2,High,76.03
2020-08-16 02:00:00,1404,1452.105,0.0,0,Normal,0.0
2020-08-16 03:00:00,584,1043.78,0.0,1,Normal,5.0
2020-08-16 04:00:00,998,869.24,14.812940039574798,0,Warning,43.44
2020-08-16 05:00:00,1069,813.785,31.36147754013653,1,High,85.0
2020-08-16 06:00:00,1081,1434.16,0.0,2,Normal,10.0
2020-08-16 07:00:00,1304,2000.035,0.0,3,Normal,15.0
2020-08-16 08:00:00,2769,2243.435,23.426798636911702,4,High,88.7
2020-08-16 09:00:00,4076,3714.455,9.733460224985901,0,Normal,28.54
2020-08-16 10:00:00,4544,4192.56,8.382467990917233,0,Normal,24.58
2020-08-16 11:00:00,4617,4451.52,3.7173819279706604,0,Normal,10.9
2020-08-16 12:00:00,4408,4306.26,2.362606995397393,0,Normal,6.93
2020-08-16 13:00:00,4399,4277.475,2.841045242812632,0,Normal,8.33
2020-08-16 14:00:00,4204,4253.065,0.0,0,Normal,0.0
2020-08-16 15:00:00,3772,4082.835,0.0,0,Normal,0.0
2020-08-16 16:00:00,3303,3687.485,0.0,0,Normal,0.0
2020-08-16 17:00:00,3488,3444.915,1.2506839791402702,0,Normal,3.67
2020-08-16 18:00:00,3679,3418.485,7.6207735297946275,0,Normal,22.35
2020-08-16 19:00:00,4011,3827.6,4.791514264813462,0,Normal,14.05
2020-08-16 20:00:00,3850,3693.12,4.247898795598305,0,Normal,12.46
2020-08-16 21:00:00,3338,3182.23,4.894995019216084,0,Normal,14.35
2020-08-16 22:00:00,3097,3120.42,0.0,0,Normal,0.0
2020-08-16 23:00:00,2389,2267.1,5.37691323717525,0,Normal,15.77
2020-08-17 00:00:00,1557,1729.515,0.0,0,Normal,0.0
2020-08-17 01:00:00,1560,1593.12,0.0,0,Normal,0.0
2020-08-17 02:00:00,1446,1272.035,13.676117402429957,0,Warning,40.1
2020-08-17 03:00:00,815,925.765,0.0,0,Normal,0.0
2020-08-17 04:00:00,754,1005.635,0.0,1,Normal,5.0
2020-08-17 05:00:00,1963,1231.225,59.43470933419969,2,High,90.0
2020-08-17 06:00:00,2851,3028.065,0.0,0,Normal,0.0
2020-08-17 07:00:00,4074,3843.83,5.988037972543013,0,Normal,17.56
2020-08-17 08:00:00,4203,4268.06,0.0,0,Normal,0.0
2020-08-17 09:00:00,3932,4237.145,0.0,0,Normal,0.0
2020-08-17 10:00:00,3688,3978.165,0.0,0,Normal,0.0
2020-08-17 11:00:00,3743,3743.2,0.0,0,Normal,0.0
2020-08-17 12:00:00,3444,3777.205,0.0,0,Normal,0.0
2020-08-17 13:00:00,3376,3510.99,0.0,0,Normal,0.0
2020-08-17 14:00:00,3439,3392.645,1.3663380636641917,0,Normal,4.01
2020-08-17 15:00:00,3163,3329.9,0.0,0,Normal,0.0
2020-08-17 16:00:00,3108,3159.835,0.0,0,Normal,0.0
2020-08-17 17:00:00,3289,3273.165,0.48378251631066677,0,Normal,1.42
2020-08-17 18:00:00,3358,3361.85,0.0,0,Normal,0.0
2020-08-17 19:00:00,3678,3468.24,6.048024358175912,0,Normal,17.74
2020-08-17 20:00:00,3572,3692.775,0.0,0,Normal,0.0
2020-08-17 21:00:00,3487,3398.265,2.611185413733188,0,Normal,7.66
2020-08-17 22:00:00,3179,3309.32,0.0,0,Normal,0.0
2020-08-17 23:00:00,2136,2402.695,0.0,0,Normal,0.0
2020-08-18 00:00:00,1693,1595.515,6.109939423947747,0,Normal,17.92
2020-08-18 01:00:00,1580,1528.825,3.3473419129069684,0,Normal,9.82
2020-08-18 02:00:00,1331,1450.035,0.0,0,Normal,0.0
2020-08-18 03:00:00,838,905.25,0.0,0,Normal,0.0
2020-08-18 04:00:00,495,634.59,0.0,0,Normal,0.0
2020-08-18 05:00:00,1811,1371.03,32.090472126795184,1,High,85.0
2020-08-18 06:00:00,2870,2905.71,0.0,0,Normal,0.0
2020-08-18 07:00:00,4114,3636.795,13.121580952459514,0,Warning,38.48
2020-08-18 08:00:00,4241,4031.555,5.195141824928599,0,Normal,15.23
2020-08-18 09:00:00,4024,4180.515,0.0,0,Normal,0.0
2020-08-18 10:00:00,3970,4027.54,0.0,0,Normal,0.0
2020-08-18 11:00:00,3680,3885.315,0.0,0,Normal,0.0
2020-08-18 12:00:00,3662,3589.31,2.0251803271380866,0,Normal,5.94
2020-08-18 13:00:00,3721,3551.65,4.768206326636912,0,Normal,13.98
2020-08-18 14:00:00,3326,3619.855,0.0,0,Normal,0.0
2020-08-18 15:00:00,3385,3258.385,3.885820736346373,0,Normal,11.39
2020-08-18 16:00:00,3283,3349.77,0.0,0,Normal,0.0
2020-08-18 17:00:00,3404,3492.33,0.0,0,Normal,0.0
2020-08-18 18:00:00,3618,3527.57,2.5635210640752653,0,Normal,7.52
2020-08-18 19:00:00,3796,3694.82,2.7384283943466756,0,Normal,8.03
2020-08-18 20:00:00,3733,3698.8,0.9246242024440309,0,Normal,2.71
2020-08-18 21:00:00,3264,3415.005,0.0,0,Normal,0.0
2020-08-18 22:00:00,2844,2980.575,0.0,0,Normal,0.0
2020-08-18 23:00:00,2166,2436.24,0.0,0,Normal,0.0
2020-08-19 00:00:00,1548,1602.685,0.0,0,Normal,0.0
2020-08-19 01:00:00,1651,1529.265,7.960360042242508,0,Normal,23.34
2020-08-19 02:00:00,1583,1375.87,15.054474623329247,0,Warning,44.15
2020-08-19 03:00:00,1019,1343.755,0.0,1,Normal,5.0
2020-08-19 04:00:00,1088,864.475,25.856733855808432,2,High,85.82
2020-08-19 05:00:00,1731,1610.59,7.476142283262662,0,Normal,21.92
2020-08-19 06:00:00,2817,2839.925,0.0,0,Normal,0.0
2020-08-19 07:00:00,5078,3711.915,36.80270157048316,1,High,85.0
2020-08-19 08:00:00,2630,4616.06,0.0,2,Normal,10.0
2020-08-19 09:00:00,3940,3636.435,8.34787367297917,0,Normal,24.48
2020-08-19 10:00:00,4356,3856.525,12.95142647850072,0,Warning,37.98
2020-08-19 11:00:00,3381,4228.635,0.0,0,Normal,0.0
2020-08-19 12:00:00,3543,3336.545,6.187688162455472,0,Normal,18.15
2020-08-19 13:00:00,3854,3484.81,10.594264823620229,0,Normal,31.07
2020-08-19 14:00:00,3565,3783.2,0.0,0,Normal,0.0
2020-08-19 15:00:00,3467,3418.83,1.4089615453239872,0,Normal,4.13
2020-08-19 16:00:00,3437,3405.46,0.9261597552166217,0,Normal,2.72
2020-08-19 17:00:00,3543,3484.715,1.6725901544315631,0,Normal,4.9
2020-08-19 18:00:00,3691,3865.9,0.0,0,Normal,0.0
2020-08-19 19:00:00,3783,3979.83,0.0,0,Normal,0.0
2020-08-19 20:00:00,3753,3730.475,0.6038105067049127,0,Normal,1.77
2020-08-19 21:00:00,3454,3384.725,2.0466950786252975,0,Normal,6.0
2020-08-19 22:00:00,3146,3283.3,0.0,0,Normal,0.0
2020-08-19 23:00:00,2530,2383.48,6.147314011445449,0,Normal,18.03
2020-08-20 00:00:00,1659,1627.125,1.9589767227471768,0,Normal,5.74
2020-08-20 01:00:00,1650,1591.585,3.670240672034479,0,Normal,10.76
2020-08-20 02:00:00,1601,1603.23,0.0,0,Normal,0.0
2020-08-20 03:00:00,1153,1332.61,0.0,0,Normal,0.0
2020-08-20 04:00:00,913,1111.925,0.0,0,Normal,0.0
2020-08-20 05:00:00,1801,1554.135,15.884398716971177,0,Warning,46.58
2020-08-20 06:00:00,2913,2881.74,1.0847612900539334,0,Normal,3.18
2020-08-20 07:00:00,4040,3715.925,8.72124706499727,0,Normal,25.57
2020-08-20 08:00:00,4125,4241.425,0.0,0,Normal,0.0
2020-08-20 09:00:00,3912,4031.76,0.0,0,Normal,0.0
2020-08-20 10:00:00,3630,4036.87,0.0,0,Normal,0.0
2020-08-20 11:00:00,3606,3517.51,2.5157000264391507,0,Normal,7.38
2020-08-20 12:00:00,3655,3488.55,4.771323329176873,0,Normal,13.99
2020-08-20 13:00:00,3660,3689.91,0.0,0,Normal,0.0
2020-08-20 14:00:00,3715,3585.575,3.6096023650321127,0,Normal,10.58
2020-08-20 15:00:00,3580,3647.025,0.0,0,Normal,0.0
2020-08-20 16:00:00,3436,3567.15,0.0,0,Normal,0.0
2020-08-20 17:00:00,3792,3512.3,7.963442758306518,0,Normal,23.35
2020-08-20 18:00:00,3906,3991.665,0.0,0,Normal,0.0
2020-08-20 19:00:00,3984,4080.695,0.0,0,Normal,0.0
2020-08-20 20:00:00,3909,3885.28,0.6105094098752162,0,Normal,1.79
2020-08-20 21:00:00,3612,3641.46,0.0,0,Normal,0.0
2020-08-20 22:00:00,3128,3020.4,3.562442060654215,0,Normal,10.45
2020-08-20 23:00:00,2248,2590.3,0.0,0,Normal,0.0
2020-08-21 00:00:00,1589,1682.405,0.0,0,Normal,0.0
2020-08-21 01:00:00,1511,1643.79,0.0,0,Normal,0.0
2020-08-21 02:00:00,1449,1579.24,0.0,0,Normal,0.0
2020-08-21 03:00:00,1181,1302.24,0.0,0,Normal,0.0
2020-08-21 04:00:00,990,951.695,4.024923951476045,0,Normal,11.8
2020-08-21 05:00:00,1960,1627.805,20.40754267249455,0,High,59.84
2020-08-21 06:00:00,2755,3141.065,0.0,0,Normal,0.0
2020-08-21 07:00:00,3863,3723.71,3.7406242698813803,0,Normal,10.97
2020-08-21 08:00:00,3917,4226.915,0.0,0,Normal,0.0
2020-08-21 09:00:00,3833,4030.515,0.0,0,Normal,0.0
2020-08-21 10:00:00,3624,3832.4,0.0,0,Normal,0.0
2020-08-21 11:00:00,3428,3613.24,0.0,0,Normal,0.0
2020-08-21 12:00:00,3560,3418.945,4.125687894950046,0,Normal,12.1
2020-08-21 13:00:00,3541,3519.94,0.5983056529372645,0,Normal,1.75
2020-08-21 14:00:00,3492,3514.145,0.0,0,Normal,0.0
2020-08-21 15:00:00,3568,3434.27,3.893986203763828,0,Normal,11.42
2020-08-21 16:00:00,3520,3608.255,0.0,0,Normal,0.0
2020-08-21 17:00:00,3394,3727.49,0.0,0,Normal,0.0
2020-08-21 18:00:00,3623,3707.48,0.0,0,Normal,0.0
2020-08-21 19:00:00,3537,3938.035,0.0,0,Normal,0.0
2020-08-21 20:00:00,3346,3851.495,0.0,0,Normal,0.0
2020-08-21 21:00:00,2845,3280.46,0.0,0,Normal,0.0
2020-08-21 22:00:00,2864,2687.32,6.5745798788383905,0,Normal,19.28
2020-08-21 23:00:00,2587,2350.955,10.040387842387458,0,Normal,29.44
2020-08-22 00:00:00,1839,2366.75,0.0,0,Normal,0.0
2020-08-22 01:00:00,1649,1578.125,4.491089108910891,0,Normal,13.17
2020-08-22 02:00:00,1448,1442.915,0.35241161121757253,0,Normal,1.03
2020-08-22 03:00:00,1108,1161.24,0.0,0,Normal,0.0
2020-08-22 04:00:00,873,928.61,0.0,0,Normal,0.0
2020-08-22 05:00:00,1059,1136.625,0.0,0,Normal,0.0
2020-08-22 06:00:00,1421,1202.43,18.17735751769333,0,Warning,53.3
2020-08-22 07:00:00,1548,1895.9,0.0,0,Normal,0.0
2020-08-22 08:00:00,3339,2294.96,45.492731899466655,1,High,85.0
2020-08-22 09:00:00,4336,3913.61,10.792848546482656,0,Normal,31.65
2020-08-22 10:00:00,4513,4197.475,7.5170191603285215,0,Normal,22.04
2020-08-22 11:00:00,4230,4055.36,4.306399431863013,0,Normal,12.63
2020-08-22 12:00:00,4101,3969.675,3.308205331670724,0,Normal,9.7
2020-08-22 13:00:00,4031,3890.555,3.6098962744389986,0,Normal,10.59
2020-08-22 14:00:00,3399,3778.675,0.0,0,Normal,0.0
2020-08-22 15:00:00,3317,3264.065,1.6217507923402243,0,Normal,4.76
2020-08-22 16:00:00,3300,3236.025,1.976962477113122,0,Normal,5.8
2020-08-22 17:00:00,3312,3454.13,0.0,0,Normal,0.0
2020-08-22 18:00:00,3075,3463.7,0.0,0,Normal,0.0
2020-08-22 19:00:00,3057,3078.67,0.0,0,Normal,0.0
2020-08-22 20:00:00,2692,2930.535,0.0,0,Normal,0.0
2020-08-22 21:00:00,2312,2421.22,0.0,0,Normal,0.0
2020-08-22 22:00:00,2207,2195.18,0.5384524275913668,0,Normal,1.58
2020-08-22 23:00:00,2048,2171.105,0.0,0,Normal,0.0
2020-08-23 00:00:00,2066,1875.64,10.149069117741139,0,Normal,29.76
2020-08-23 01:00:00,1831,1642.22,11.495414743457026,0,Warning,33.71
2020-08-23 02:00:00,1062,1336.225,0.0,0,Normal,0.0
2020-08-23 03:00:00,1095,937.785,16.764503590908365,0,Warning,49.16
2020-08-23 04:00:00,931,869.31,7.096432803027695,0,Normal,20.81
2020-08-23 05:00:00,988,939.7,5.13993827817388,0,Normal,15.07
2020-08-23 06:00:00,685,1166.135,0.0,1,Normal,5.0
2020-08-23 07:00:00,1143,1272.175,0.0,0,Normal,0.0
2020-08-23 08:00:00,2622,2409.38,8.824676887830059,0,Normal,25.88
2020-08-23 09:00:00,3644,3524.49,3.3908452002984895,0,Normal,9.94
2020-08-23 10:00:00,4226,4029.555,4.875104074767565,0,Normal,14.3
2020-08-23 11:00:00,4122,4272.125,0.0,0,Normal,0.0
2020-08-23 12:00:00,4012,4050.43,0.0,0,Normal,0.0
2020-08-23 13:00:00,3833,4012.905,0.0,0,Normal,0.0
2020-08-23 14:00:00,3519,3593.43,0.0,0,Normal,0.0
2020-08-23 15:00:00,3062,3357.53,0.0,0,Normal,0.0
2020-08-23 16:00:00,2853,3043.135,0.0,0,Normal,0.0
2020-08-23 17:00:00,3122,2940.07,6.187947906002232,0,Normal,18.15
2020-08-23 18:00:00,3248,3211.255,1.1442566846918072,0,Normal,3.36
2020-08-23 19:00:00,3453,3218.49,7.286336138996866,0,Normal,21.37
2020-08-23 20:00:00,3425,3311.605,3.424170455111645,0,Normal,10.04
2020-08-23 21:00:00,2741,3115.36,0.0,0,Normal,0.0
2020-08-23 22:00:00,2317,2391.4,0.0,0,Normal,0.0
2020-08-23 23:00:00,1899,2121.06,0.0,0,Normal,0.0
2020-08-24 00:00:00,1604,1655.05,0.0,0,Normal,0.0
2020-08-24 01:00:00,1342,1539.875,0.0,0,Normal,0.0
2020-08-24 02:00:00,890,1120.955,0.0,0,Normal,0.0
2020-08-24 03:00:00,532,931.34,0.0,1,Normal,5.0
2020-08-24 04:00:00,1051,875.66,20.02375351163694,0,High,58.72
2020-08-24 05:00:00,1170,1475.04,0.0,0,Normal,0.0
2020-08-24 06:00:00,2124,2020.01,5.147994316859818,0,Normal,15.1
2020-08-24 07:00:00,3791,3516.905,7.793642421390393,0,Normal,22.85
2020-08-24 08:00:00,4020,3906.065,2.9168741431594185,0,Normal,8.55
2020-08-24 09:00:00,3854,4112.91,0.0,0,Normal,0.0
2020-08-24 10:00:00,3383,3758.845,0.0,0,Normal,0.0
2020-08-24 11:00:00,3314,3284.6,0.8950861596541463,0,Normal,2.62
2020-08-24 12:00:00,3561,3210.475,10.918166314953398,0,Warning,32.02
2020-08-24 13:00:00,3303,3391.005,0.0,0,Normal,0.0
2020-08-24 14:00:00,3290,3130.275,5.102586833425176,0,Normal,14.96
2020-08-24 15:00:00,3004,3086.625,0.0,0,Normal,0.0
2020-08-24 16:00:00,2846,2878.455,0.0,0,Normal,0.0
2020-08-24 17:00:00,2994,3026.125,0.0,0,Normal,0.0
2020-08-24 18:00:00,3006,3187.37,0.0,0,Normal,0.0
2020-08-24 19:00:00,3363,3252.235,3.4058116956492954,0,Normal,9.99
2020-08-24 20:00:00,3418,3207.26,6.570717684253842,0,Normal,19.27
2020-08-24 21:00:00,2974,3115.605,0.0,0,Normal,0.0
2020-08-24 22:00:00,2716,2609.06,4.098794201743159,0,Normal,12.02
2020-08-24 23:00:00,2070,2106.435,0.0,0,Normal,0.0
2020-08-25 00:00:00,1473,1616.445,0.0,0,Normal,0.0
2020-08-25 01:00:00,1552,1361.72,13.973504097758715,0,Warning,40.98
2020-08-25 02:00:00,1238,1326.865,0.0,0,Normal,0.0
2020-08-25 03:00:00,722,813.4,0.0,0,Normal,0.0
2020-08-25 04:00:00,953,984.075,0.0,0,Normal,0.0
2020-08-25 05:00:00,1497,1392.905,7.47323040695525,0,Normal,21.91
2020-08-25 06:00:00,2539,2439.635,4.072945338134589,0,Normal,11.94
2020-08-25 07:00:00,3838,3530.775,8.701347437885447,0,Normal,25.52
2020-08-25 08:00:00,3936,3880.375,1.433495474019908,0,Normal,4.2
2020-08-25 09:00:00,4059,3956.275,2.5965080789378874,0,Normal,7.61
2020-08-25 10:00:00,4090,4149.63,0.0,0,Normal,0.0
2020-08-25 11:00:00,3596,3805.375,0.0,0,Normal,0.0
2020-08-25 12:00:00,3417,3448.685,0.0,0,Normal,0.0
2020-08-25 13:00:00,3515,3257.495,7.905000621643321,0,Normal,23.18
2020-08-25 14:00:00,3172,3307.025,0.0,0,Normal,0.0
2020-08-25 15:00:00,2868,3013.63,0.0,0,Normal,0.0
2020-08-25 16:00:00,3010,2713.46,10.928482454136045,0,Warning,32.05
2020-08-25 17:00:00,3094,3145.155,0.0,0,Normal,0.0
2020-08-25 18:00:00,3171,3236.37,0.0,0,Normal,0.0
2020-08-25 19:00:00,3057,3361.635,0.0,0,Normal,0.0
2020-08-25 20:00:00,3340,3052.05,9.434642289608618,0,Normal,27.67
2020-08-25 21:00:00,2928,3039.88,0.0,0,Normal,0.0
2020-08-25 22:00:00,2427,2627.945,0.0,0,Normal,0.0
2020-08-25 23:00:00,1760,2047.545,0.0,0,Normal,0.0
2020-08-26 00:00:00,1101,1525.41,0.0,1,Normal,5.0
2020-08-26 01:00:00,1196,1502.44,0.0,0,Normal,0.0
2020-08-26 02:00:00,998,1305.58,0.0,1,Normal,5.0
2020-08-26 03:00:00,644,837.11,0.0,2,Normal,10.0
2020-08-26 04:00:00,478,932.315,0.0,3,Normal,15.0
2020-08-26 05:00:00,1491,1342.435,11.066830051361896,0,Warning,32.45
2020-08-26 06:00:00,2629,2388.815,10.054566804043006,0,Normal,29.48
2020-08-26 07:00:00,3668,3612.36,1.540267304476848,0,Normal,4.52
2020-08-26 08:00:00,3786,3649.9,3.7288692840899724,0,Normal,10.93
2020-08-26 09:00:00,3676,3772.175,0.0,0,Normal,0.0
2020-08-26 10:00:00,3556,3741.695,0.0,0,Normal,0.0
2020-08-26 11:00:00,3387,3400.425,0.0,0,Normal,0.0
2020-08-26 12:00:00,3311,3233.785,2.3877592356944,0,Normal,7.0
2020-08-26 13:00:00,3199,3179.575,0.61093070614784,0,Normal,1.79
2020-08-26 14:00:00,3243,3006.605,7.8625226792345515,0,Normal,23.06
2020-08-26 15:00:00,3251,3078.8,5.593088216188119,0,Normal,16.4
2020-08-26 16:00:00,3159,3148.895,0.3209062226590603,0,Normal,0.94
2020-08-26 17:00:00,3196,3247.925,0.0,0,Normal,0.0
2020-08-26 18:00:00,3475,3322.18,4.5999915717992454,0,Normal,13.49
2020-08-26 19:00:00,3479,3365.24,3.3804424052965083,0,Normal,9.91
2020-08-26 20:00:00,3500,3349.895,4.480886714359705,0,Normal,13.14
2020-08-26 21:00:00,2982,3139.275,0.0,0,Normal,0.0
2020-08-26 22:00:00,2367,2637.16,0.0,0,Normal,0.0
2020-08-26 23:00:00,1599,1967.26,0.0,0,Normal,0.0
2020-08-27 00:00:00,1177,1313.015,0.0,0,Normal,0.0
2020-08-27 01:00:00,969,1335.77,0.0,1,Normal,5.0
2020-08-27 02:00:00,968,1009.225,0.0,0,Normal,0.0
2020-08-27 03:00:00,651,806.65,0.0,0,Normal,0.0
2020-08-27 04:00:00,880,745.8,17.99410029498526,0,Warning,52.77
2020-08-27 05:00:00,1828,1427.75,28.03361933111539,1,High,85.0
2020-08-27 06:00:00,2577,2761.82,0.0,0,Normal,0.0
2020-08-27 07:00:00,3906,3579.59,9.118642079120788,0,Normal,26.74
2020-08-27 08:00:00,4019,4027.825,0.0,0,Normal,0.0
2020-08-27 09:00:00,3798,3991.355,0.0,0,Normal,0.0
2020-08-27 10:00:00,3692,3595.5,2.6839104436100683,0,Normal,7.87
2020-08-27 11:00:00,3522,3517.92,0.11597762314094487,0,Normal,0.34
2020-08-27 12:00:00,3470,3361.48,3.228339897902114,0,Normal,9.47
2020-08-27 13:00:00,3394,3266.155,3.9142355460778746,0,Normal,11.48
2020-08-27 14:00:00,3252,3254.43,0.0,0,Normal,0.0
2020-08-27 15:00:00,3095,3114.235,0.0,0,Normal,0.0
2020-08-27 16:00:00,3206,3111.155,3.0485462794364087,0,Normal,8.94
2020-08-27 17:00:00,3297,3338.025,0.0,0,Normal,0.0
2020-08-27 18:00:00,3534,3339.57,5.822007024856489,0,Normal,17.07
2020-08-27 19:00:00,3743,3531.62,5.985355162786486,0,Normal,17.55
2020-08-27 20:00:00,3634,3590.25,1.2185780934475314,0,Normal,3.57
2020-08-27 21:00:00,3149,3211.23,0.0,0,Normal,0.0
2020-08-27 22:00:00,2611,2646.175,0.0,0,Normal,0.0
2020-08-27 23:00:00,1931,2058.38,0.0,0,Normal,0.0
2020-08-28 00:00:00,1184,1407.995,0.0,0,Normal,0.0
2020-08-28 01:00:00,1268,1088.25,16.517344360211347,0,Warning,48.44
2020-08-28 02:00:00,1069,1095.445,0.0,0,Normal,0.0
2020-08-28 03:00:00,798,852.105,0.0,0,Normal,0.0
2020-08-28 04:00:00,648,840.85,0.0,1,Normal,5.0
2020-08-28 05:00:00,1504,1644.42,0.0,0,Normal,0.0
2020-08-28 06:00:00,2610,2357.12,10.728346456692918,0,Normal,31.46
2020-08-28 07:00:00,3830,3594.525,6.550935102690896,0,Normal,19.21
2020-08-28 08:00:00,4110,4101.3,0.2121278618974427,0,Normal,0.62
2020-08-28 09:00:00,3991,3915.445,1.929665721265395,0,Normal,5.66
2020-08-28 10:00:00,3721,3879.835,0.0,0,Normal,0.0
2020-08-28 11:00:00,3623,3613.555,0.26137695427356616,0,Normal,0.77
2020-08-28 12:00:00,3633,3483.64,4.287469428528784,0,Normal,12.57
2020-08-28 13:00:00,3555,3451.035,3.012574488523013,0,Normal,8.83
2020-08-28 14:00:00,3592,3375.0,6.42962962962963,0,Normal,18.85
2020-08-28 15:00:00,3431,3421.785,0.2693038867141023,0,Normal,0.79
2020-08-28 16:00:00,3330,3257.475,2.2264177008265635,0,Normal,6.53
2020-08-28 17:00:00,3573,3304.765,8.116613435448516,0,Normal,23.8
2020-08-28 18:00:00,3530,3561.025,0.0,0,Normal,0.0
2020-08-28 19:00:00,3484,3591.165,0.0,0,Normal,0.0
2020-08-28 20:00:00,3299,3407.39,0.0,0,Normal,0.0
2020-08-28 21:00:00,2708,2854.74,0.0,0,Normal,0.0
2020-08-28 22:00:00,2078,2448.73,0.0,0,Normal,0.0
2020-08-28 23:00:00,1931,1939.32,0.0,0,Normal,0.0
2020-08-29 00:00:00,1454,1375.55,5.703173276144091,0,Normal,16.72
2020-08-29 01:00:00,1488,1325.985,12.218464009773875,0,Warning,35.83
2020-08-29 02:00:00,1181,1269.635,0.0,0,Normal,0.0
2020-08-29 03:00:00,604,788.975,0.0,1,Normal,5.0
2020-08-29 04:00:00,1021,657.315,55.328875805359665,2,High,90.0
2020-08-29 05:00:00,999,1122.88,0.0,0,Normal,0.0
2020-08-29 06:00:00,1132,1454.865,0.0,0,Normal,0.0
2020-08-29 07:00:00,1631,1762.335,0.0,0,Normal,0.0
2020-08-29 08:00:00,3441,2620.765,31.297540985170368,1,High,85.0
2020-08-29 09:00:00,4500,4058.275,10.884550701960807,0,Normal,31.92
2020-08-29 10:00:00,4556,4231.41,7.670965470138799,0,Normal,22.49
2020-08-29 11:00:00,4181,4217.85,0.0,0,Normal,0.0
2020-08-29 12:00:00,4087,3953.03,3.3890458711418785,0,Normal,9.94
2020-08-29 13:00:00,3757,3881.26,0.0,0,Normal,0.0
2020-08-29 14:00:00,3700,3568.69,3.679501441705498,0,Normal,10.79
2020-08-29 15:00:00,3476,3451.975,0.6959783891830066,0,Normal,2.04
2020-08-29 16:00:00,3232,3290.47,0.0,0,Normal,0.0
2020-08-29 17:00:00,3372,3275.38,2.9498867306999457,0,Normal,8.65
2020-08-29 18:00:00,3319,3456.93,0.0,0,Normal,0.0
2020-08-29 19:00:00,3335,3378.215,0.0,0,Normal,0.0
2020-08-29 20:00:00,3179,3153.08,0.8220533573521785,0,Normal,2.41
2020-08-29 21:00:00,2526,2684.35,0.0,0,Normal,0.0
2020-08-29 22:00:00,2182,2178.78,0.14778912969642644,0,Normal,0.43
2020-08-29 23:00:00,2092,1973.075,6.027393788882833,0,Normal,17.68
2020-08-30 00:00:00,1627,1692.495,0.0,0,Normal,0.0
2020-08-30 01:00:00,1672,1558.16,7.306053293628377,0,Normal,21.42
2020-08-30 02:00:00,1228,1267.285,0.0,0,Normal,0.0
2020-08-30 03:00:00,487,837.35,0.0,1,Normal,5.0
2020-08-30 04:00:00,838,837.195,0.09615442041578723,0,Normal,0.28
2020-08-30 05:00:00,938,945.225,0.0,0,Normal,0.0
2020-08-30 06:00:00,1041,848.385,22.70372531338956,1,High,71.58
2020-08-30 07:00:00,1203,1302.08,0.0,0,Normal,0.0
2020-08-30 08:00:00,2595,2381.81,8.950755937711238,0,Normal,26.25
2020-08-30 09:00:00,3879,3558.89,8.994658446875293,0,Normal,26.38
2020-08-30 10:00:00,4367,4034.155,8.25067455266344,0,Normal,24.19
2020-08-30 11:00:00,4511,4225.645,6.7529335758209585,0,Normal,19.8
2020-08-30 12:00:00,4368,4245.955,2.8743827949189305,0,Normal,8.43
2020-08-30 13:00:00,3975,4102.06,0.0,0,Normal,0.0
2020-08-30 14:00:00,3734,3762.93,0.0,0,Normal,0.0
2020-08-30 15:00:00,3259,3513.77,0.0,0,Normal,0.0
2020-08-30 16:00:00,3112,3052.525,1.9483869910975309,0,Normal,5.71
2020-08-30 17:00:00,3153,3128.86,0.7715270098374447,0,Normal,2.26
2020-08-30 18:00:00,3600,3290.325,9.411684256114523,0,Normal,27.6
2020-08-30 19:00:00,4084,3617.43,12.897830780415937,0,Warning,37.82
2020-08-30 20:00:00,3746,3809.325,0.0,0,Normal,0.0
2020-08-30 21:00:00,2813,2985.735,0.0,0,Normal,0.0
2020-08-30 22:00:00,2353,2289.79,2.760515156411725,0,Normal,8.1
2020-08-30 23:00:00,1693,1889.175,0.0,0,Normal,0.0
2020-08-31 00:00:00,1000,1480.745,0.0,1,Normal,5.0
2020-08-31 01:00:00,1053,1432.505,0.0,2,Normal,10.0
2020-08-31 02:00:00,1088,988.825,10.029580562789164,0,Normal,29.41
2020-08-31 03:00:00,660,890.89,0.0,1,Normal,5.0
2020-08-31 04:00:00,536,874.415,0.0,2,Normal,10.0
2020-08-31 05:00:00,1561,1111.485,40.44274101764758,3,Critical,95.0
2020-08-31 06:00:00,2615,2038.21,28.298850461924925,4,Critical,100.0
2020-08-31 07:00:00,3782,3645.155,3.754161345676653,0,Normal,11.01
2020-08-31 08:00:00,3973,3869.345,2.678877174302116,0,Normal,7.86
2020-08-31 09:00:00,3783,3956.395,0.0,0,Normal,0.0
2020-08-31 10:00:00,3642,3609.27,0.9068315753601149,0,Normal,2.66
2020-08-31 11:00:00,3320,3618.07,0.0,0,Normal,0.0
2020-08-31 12:00:00,3264,3261.79,0.0677542085787263,0,Normal,0.2
2020-08-31 13:00:00,3231,3179.26,1.6274227335920866,0,Normal,4.77
2020-08-31 14:00:00,3198,3125.63,2.3153732207586915,0,Normal,6.79
2020-08-31 15:00:00,3034,3071.15,0.0,0,Normal,0.0
2020-08-31 16:00:00,3058,2900.825,5.4182861772082145,0,Normal,15.89
2020-08-31 17:00:00,3506,3155.795,11.097203715703964,0,Warning,32.54
2020-08-31 18:00:00,3728,3561.38,4.678523493701876,0,Normal,13.72
2020-08-31 19:00:00,3784,3756.83,0.7232161157145806,0,Normal,2.12
2020-08-31 20:00:00,3490,3690.605,0.0,0,Normal,0.0
2020-08-31 21:00:00,2949,2881.625,2.3380904871383335,0,Normal,6.86
2020-08-31 22:00:00,2303,2578.265,0.0,0,Normal,0.0
2020-08-31 23:00:00,1803,1917.965,0.0,0,Normal,0.0
2020-09-01 00:00:00,1242,1352.51,0.0,0,Normal,0.0
2020-09-01 01:00:00,1290,1178.69,9.44353477165327,0,Normal,27.69
2020-09-01 02:00:00,1212,1030.745,17.58485367379906,0,Warning,51.57
2020-09-01 03:00:00,604,901.295,0.0,1,Normal,5.0
2020-09-01 04:00:00,784,847.635,0.0,0,Normal,0.0
2020-09-01 05:00:00,1557,1313.165,18.568496723564827,0,Warning,54.45
2020-09-01 06:00:00,2655,2351.995,12.882893033361045,0,Warning,37.78
2020-09-01 07:00:00,4094,3529.6,15.990480507706259,0,Warning,46.89
2020-09-01 08:00:00,4125,4074.395,1.2420248895848345,0,Normal,3.64
2020-09-01 09:00:00,4015,4039.05,0.0,0,Normal,0.0
2020-09-01 10:00:00,3845,3989.235,0.0,0,Normal,0.0
2020-09-01 11:00:00,3687,3592.52,2.6299088105285433,0,Normal,7.71
2020-09-01 12:00:00,3811,3482.985,9.41764032862616,0,Normal,27.62
2020-09-01 13:00:00,3854,3568.315,8.00615977008756,0,Normal,23.48
2020-09-01 14:00:00,3558,3575.555,0.0,0,Normal,0.0
2020-09-01 15:00:00,3282,3342.4,0.0,0,Normal,0.0
2020-09-01 16:00:00,3293,3147.475,4.623547446762885,0,Normal,13.56
2020-09-01 17:00:00,3322,3436.64,0.0,0,Normal,0.0
2020-09-01 18:00:00,3787,3424.565,10.583387963142762,0,Normal,31.04
2020-09-01 19:00:00,4000,3730.585,7.221789612084967,0,Normal,21.18
2020-09-01 20:00:00,3701,3736.92,0.0,0,Normal,0.0
2020-09-01 21:00:00,3100,2919.0,6.200753682768071,0,Normal,18.18
2020-09-01 22:00:00,2651,2300.32,15.244835501147659,0,Warning,44.7
2020-09-01 23:00:00,1820,1897.745,0.0,0,Normal,0.0
2020-09-02 00:00:00,1161,1321.295,0.0,0,Normal,0.0
2020-09-02 01:00:00,1324,1118.41,18.38234636671703,0,Warning,53.91
2020-09-02 02:00:00,1315,1099.085,19.644977413029928,0,Warning,57.61
2020-09-02 03:00:00,925,840.17,10.096766130664038,0,Normal,29.61
2020-09-02 04:00:00,771,663.32,16.233492130495076,0,Warning,47.6
2020-09-02 05:00:00,1652,1442.1,14.555162610082526,0,Warning,42.68
2020-09-02 06:00:00,2820,2627.255,7.336364380313289,0,Normal,21.51
2020-09-02 07:00:00,3933,3606.705,9.04690014847347,0,Normal,26.53
2020-09-02 08:00:00,3769,3936.22,0.0,0,Normal,0.0
2020-09-02 09:00:00,4146,3752.715,10.480012470971014,0,Normal,30.73
2020-09-02 10:00:00,3875,3912.735,0.0,0,Normal,0.0
2020-09-02 11:00:00,3688,3643.46,1.222464360799898,0,Normal,3.58
2020-09-02 12:00:00,3567,3466.045,2.9126857845180867,0,Normal,8.54
2020-09-02 13:00:00,3509,3342.975,4.966384732162223,0,Normal,14.56
2020-09-02 14:00:00,3758,3311.36,13.488113645148816,0,Warning,39.55
2020-09-02 15:00:00,3502,3540.34,0.0,0,Normal,0.0
2020-09-02 16:00:00,3405,3322.865,2.4718127278718884,0,Normal,7.25
2020-09-02 17:00:00,3696,3404.38,8.566023769379443,0,Normal,25.12
2020-09-02 18:00:00,3979,3736.955,6.4770648830398025,0,Normal,18.99
2020-09-02 19:00:00,4245,3900.935,8.820064933150643,0,Normal,25.86
2020-09-02 20:00:00,4001,3959.92,1.0373946948423183,0,Normal,3.04
2020-09-02 21:00:00,3381,3491.05,0.0,0,Normal,0.0
2020-09-02 22:00:00,2766,2686.445,2.961348547988134,0,Normal,8.68
2020-09-02 23:00:00,1751,1955.62,0.0,0,Normal,0.0
2020-09-03 00:00:00,1243,1296.57,0.0,0,Normal,0.0
2020-09-03 01:00:00,1268,1112.365,13.991360749394307,0,Warning,41.03
2020-09-03 02:00:00,1135,1119.62,1.3736803558350255,0,Normal,4.03
2020-09-03 03:00:00,778,993.985,0.0,0,Normal,0.0
2020-09-03 04:00:00,449,852.265,0.0,1,Normal,5.0
2020-09-03 05:00:00,1127,1320.58,0.0,0,Normal,0.0
2020-09-03 06:00:00,2967,2265.04,30.991064175467102,1,High,85.0
2020-09-03 07:00:00,3876,3576.095,8.386382352817815,0,Normal,24.59
2020-09-03 08:00:00,3631,3961.115,0.0,0,Normal,0.0
2020-09-03 09:00:00,3690,3818.03,0.0,0,Normal,0.0
2020-09-03 10:00:00,3330,3732.555,0.0,0,Normal,0.0
2020-09-03 11:00:00,3514,3237.225,8.549760983558452,0,Normal,25.07
2020-09-03 12:00:00,3029,3382.055,0.0,0,Normal,0.0
2020-09-03 13:00:00,3149,3007.14,4.717439161462391,0,Normal,13.83
2020-09-03 14:00:00,3512,3072.615,14.300034335574106,0,Warning,41.93
2020-09-03 15:00:00,3190,3362.71,0.0,0,Normal,0.0
2020-09-03 16:00:00,2858,3137.725,0.0,0,Normal,0.0
2020-09-03 17:00:00,2946,3053.285,0.0,0,Normal,0.0
2020-09-03 18:00:00,3286,3221.22,2.0110392956705905,0,Normal,5.9
2020-09-03 19:00:00,3398,3376.97,0.6227476110240897,0,Normal,1.83
2020-09-03 20:00:00,3261,3309.65,0.0,0,Normal,0.0
2020-09-03 21:00:00,2898,2924.005,0.0,0,Normal,0.0
2020-09-03 22:00:00,2547,2507.775,1.5641355384753381,0,Normal,4.59
2020-09-03 23:00:00,1831,1875.255,0.0,0,Normal,0.0
2020-09-04 00:00:00,1326,1298.74,2.0989574510679576,0,Normal,6.16
2020-09-04 01:00:00,1435,1216.875,17.925012840267076,0,Warning,52.56
2020-09-04 02:00:00,1005,1102.425,0.0,0,Normal,0.0
2020-09-04 03:00:00,409,875.91,0.0,1,Normal,5.0
2020-09-04 04:00:00,770,535.9,43.68352304534429,2,High,90.0
2020-09-04 05:00:00,1236,1261.695,0.0,0,Normal,0.0
2020-09-04 06:00:00,2334,2188.17,6.66447305282496,0,Normal,19.54
2020-09-04 07:00:00,3493,3453.39,1.1469889007612846,0,Normal,3.36
2020-09-04 08:00:00,3788,3518.085,7.672213718542899,0,Normal,22.5
2020-09-04 09:00:00,3687,3744.445,0.0,0,Normal,0.0
2020-09-04 10:00:00,3510,3625.44,0.0,0,Normal,0.0
2020-09-04 11:00:00,3309,3409.135,0.0,0,Normal,0.0
2020-09-04 12:00:00,3209,3105.465,3.3339612586198797,0,Normal,9.78
2020-09-04 13:00:00,3428,3066.285,11.796522501985308,0,Warning,34.59
2020-09-04 14:00:00,3198,3348.195,0.0,0,Normal,0.0
2020-09-04 15:00:00,3152,3029.395,4.047177736808835,0,Normal,11.87
2020-09-04 16:00:00,3192,3054.755,4.492831667351388,0,Normal,13.18
2020-09-04 17:00:00,3108,3202.405,0.0,0,Normal,0.0
2020-09-04 18:00:00,3316,3231.925,2.6013908119773763,0,Normal,7.63
2020-09-04 19:00:00,3280,3232.525,1.4686661356060635,0,Normal,4.31
2020-09-04 20:00:00,3023,3140.515,0.0,0,Normal,0.0
2020-09-04 21:00:00,2457,2707.84,0.0,0,Normal,0.0
2020-09-04 22:00:00,2258,2184.85,3.3480559306130897,0,Normal,9.82
2020-09-04 23:00:00,1882,1826.43,3.0425474833418162,0,Normal,8.92
2020-09-05 00:00:00,1659,1470.35,12.830278505117837,0,Warning,37.62
2020-09-05 01:00:00,1562,1456.97,7.2087963376047535,0,Normal,21.14
2020-09-05 02:00:00,820,1149.55,0.0,1,Normal,5.0
2020-09-05 03:00:00,295,535.03,0.0,2,Normal,10.0
2020-09-05 04:00:00,858,780.875,9.876740835601089,0,Normal,28.96
2020-09-05 05:00:00,678,976.11,0.0,1,Normal,5.0
2020-09-05 06:00:00,901,1063.76,0.0,0,Normal,0.0
2020-09-05 07:00:00,1236,1546.215,0.0,0,Normal,0.0
2020-09-05 08:00:00,2880,2484.28,15.928961308709152,0,Warning,46.71
2020-09-05 09:00:00,4017,3722.055,7.924251522344516,0,Normal,23.24
2020-09-05 10:00:00,4139,4017.685,3.0195249254234726,0,Normal,8.85
2020-09-05 11:00:00,4046,3838.145,5.415506709621446,0,Normal,15.88
2020-09-05 12:00:00,3701,3792.865,0.0,0,Normal,0.0
2020-09-05 13:00:00,3622,3529.69,2.615243831611273,0,Normal,7.67
2020-09-05 14:00:00,3427,3425.955,0.03050244384412734,0,Normal,0.09
2020-09-05 15:00:00,3125,3233.54,0.0,0,Normal,0.0
2020-09-05 16:00:00,3074,3035.115,1.2811705652009964,0,Normal,3.76
2020-09-05 17:00:00,2886,3163.64,0.0,0,Normal,0.0
2020-09-05 18:00:00,3144,3004.58,4.640249219524861,0,Normal,13.61
2020-09-05 19:00:00,2993,3197.495,0.0,0,Normal,0.0
2020-09-05 20:00:00,2735,2899.02,0.0,0,Normal,0.0
2020-09-05 21:00:00,2226,2416.055,0.0,0,Normal,0.0
2020-09-05 22:00:00,1808,2106.04,0.0,0,Normal,0.0
2020-09-05 23:00:00,1873,1996.465,0.0,0,Normal,0.0
2020-09-06 00:00:00,1899,1587.72,19.605471997581436,0,Warning,57.49
2020-09-06 01:00:00,1358,1522.695,0.0,0,Normal,0.0
2020-09-06 02:00:00,416,936.535,0.0,1,Normal,5.0
2020-09-06 03:00:00,728,504.58,44.27840976653851,2,High,90.0
2020-09-06 04:00:00,897,802.97,11.710275601828208,0,Warning,34.34
2020-09-06 05:00:00,793,843.995,0.0,0,Normal,0.0
2020-09-06 06:00:00,295,854.51,0.0,1,Normal,5.0
2020-09-06 07:00:00,1234,1176.295,4.905657169332516,0,Normal,14.39
2020-09-06 08:00:00,2545,2143.9,18.708895004431174,0,Warning,54.86
2020-09-06 09:00:00,3846,3444.995,11.640220087402161,0,Warning,34.13
2020-09-06 10:00:00,4202,4075.655,3.099992516540281,0,Normal,9.09
2020-09-06 11:00:00,4298,4191.93,2.530338054309106,0,Normal,7.42
2020-09-06 12:00:00,4032,4099.815,0.0,0,Normal,0.0
2020-09-06 13:00:00,3570,3870.835,0.0,0,Normal,0.0
2020-09-06 14:00:00,3348,3383.995,0.0,0,Normal,0.0
2020-09-06 15:00:00,2953,3109.33,0.0,0,Normal,0.0
2020-09-06 16:00:00,2627,2723.78,0.0,0,Normal,0.0
2020-09-06 17:00:00,2884,2735.24,5.4386452377122385,0,Normal,15.95
2020-09-06 18:00:00,3220,2989.805,7.699331561757377,0,Normal,22.58
2020-09-06 19:00:00,3511,3131.52,12.118076844471695,0,Warning,35.54
2020-09-06 20:00:00,3299,3366.405,0.0,0,Normal,0.0
2020-09-06 21:00:00,2356,2484.8,0.0,0,Normal,0.0
2020-09-06 22:00:00,2102,2069.725,1.5593859087559987,0,Normal,4.57
2020-09-06 23:00:00,1702,1765.99,0.0,0,Normal,0.0
2020-09-07 00:00:00,1294,1453.755,0.0,0,Normal,0.0
2020-09-07 01:00:00,1275,1107.245,15.150666744939025,0,Warning,44.43
2020-09-07 02:00:00,910,886.31,2.672879692207022,0,Normal,7.84
2020-09-07 03:00:00,277,724.24,0.0,1,Normal,5.0
2020-09-07 04:00:00,713,767.425,0.0,0,Normal,0.0
2020-09-07 05:00:00,1313,1156.585,13.523865517882383,0,Warning,39.66
2020-09-07 06:00:00,2428,1912.185,26.975161922094358,1,High,84.1
2020-09-07 07:00:00,3765,3552.655,5.97707911407102,0,Normal,17.53
2020-09-07 08:00:00,4256,3799.635,12.010758928160199,0,Warning,35.22
2020-09-07 09:00:00,3945,4170.75,0.0,0,Normal,0.0
2020-09-07 10:00:00,3698,3924.615,0.0,0,Normal,0.0
2020-09-07 11:00:00,3543,3537.155,0.1652457978233863,0,Normal,0.48
2020-09-07 12:00:00,3453,3380.885,2.1330213834543255,0,Normal,6.25
2020-09-07 13:00:00,3282,3272.625,0.2864672854360032,0,Normal,0.84
2020-09-07 14:00:00,3201,3129.21,2.2941892682178557,0,Normal,6.73
2020-09-07 15:00:00,2981,2996.845,0.0,0,Normal,0.0
2020-09-07 16:00:00,3004,2910.32,3.218890018966981,0,Normal,9.44
2020-09-07 17:00:00,2975,3140.665,0.0,0,Normal,0.0
2020-09-07 18:00:00,3234,3201.53,1.0142025843893325,0,Normal,2.97
2020-09-07 19:00:00,3517,3254.955,8.050648933702618,0,Normal,23.61
2020-09-07 20:00:00,3556,3487.595,1.9613802634766995,0,Normal,5.75
2020-09-07 21:00:00,2826,2847.845,0.0,0,Normal,0.0
2020-09-07 22:00:00,2294,2301.645,0.0,0,Normal,0.0
2020-09-07 23:00:00,1600,1834.51,0.0,0,Normal,0.0
2020-09-08 00:00:00,1221,1273.515,0.0,0,Normal,0.0
2020-09-08 01:00:00,1177,1204.155,0.0,0,Normal,0.0
2020-09-08 02:00:00,1154,978.525,17.93260264173118,0,Warning,52.59
2020-09-08 03:00:00,639,896.395,0.0,1,Normal,5.0
2020-09-08 04:00:00,611,828.13,0.0,2,Normal,10.0
2020-09-08 05:00:00,1203,1306.465,0.0,0,Normal,0.0
2020-09-08 06:00:00,2341,2202.055,6.309787902663657,0,Normal,18.5
2020-09-08 07:00:00,3703,3400.28,8.902796240309616,0,Normal,26.11
2020-09-08 08:00:00,3950,3787.535,4.28946531187171,0,Normal,12.58
2020-09-08 09:00:00,3892,3845.32,1.2139431828820446,0,Normal,3.56
2020-09-08 10:00:00,3645,3712.665,0.0,0,Normal,0.0
2020-09-08 11:00:00,3517,3495.16,0.6248640977809355,0,Normal,1.83
2020-09-08 12:00:00,3365,3365.01,0.0,0,Normal,0.0
2020-09-08 13:00:00,3343,3272.47,2.15525276014754,0,Normal,6.32
2020-09-08 14:00:00,3200,3128.495,2.2856037807316336,0,Normal,6.7
2020-09-08 15:00:00,3458,3009.185,14.914835744562069,0,Warning,43.74
2020-09-08 16:00:00,2235,3254.79,0.0,1,Normal,5.0
2020-09-08 17:00:00,3055,2588.305,18.03091212202581,0,Warning,52.87
2020-09-08 18:00:00,3307,3263.515,1.3324590204120443,0,Normal,3.91
2020-09-08 19:00:00,3448,3274.285,5.3054330945534725,0,Normal,15.56
2020-09-08 20:00:00,3338,3389.94,0.0,0,Normal,0.0
2020-09-08 21:00:00,2965,2761.3,7.376960127476181,0,Normal,21.63
2020-09-08 22:00:00,2467,2584.93,0.0,0,Normal,0.0
2020-09-08 23:00:00,1771,1846.985,0.0,0,Normal,0.0
2020-09-09 00:00:00,1216,1271.67,0.0,0,Normal,0.0
2020-09-09 01:00:00,1140,1158.36,0.0,0,Normal,0.0
2020-09-09 02:00:00,894,1171.67,0.0,1,Normal,5.0
2020-09-09 03:00:00,336,825.325,0.0,2,Normal,10.0
2020-09-09 04:00:00,489,692.615,0.0,3,Normal,15.0
2020-09-09 05:00:00,1585,1322.52,19.846958836161267,0,Warning,58.2
2020-09-09 06:00:00,2455,2433.075,0.9011230644349305,0,Normal,2.64
2020-09-09 07:00:00,3773,3432.67,9.914439780112854,0,Normal,29.07
2020-09-09 08:00:00,3844,3713.44,3.515877461329655,0,Normal,10.31
2020-09-09 09:00:00,3876,3768.005,2.866105538607297,0,Normal,8.4
2020-09-09 10:00:00,3347,3757.045,0.0,0,Normal,0.0
2020-09-09 11:00:00,3360,3189.09,5.359209053366316,0,Normal,15.72
2020-09-09 12:00:00,3381,3242.5,4.271395528141865,0,Normal,12.53
2020-09-09 13:00:00,3404,3209.73,6.052534013764397,0,Normal,17.75
2020-09-09 14:00:00,3308,3263.68,1.3579762721835524,0,Normal,3.98
2020-09-09 15:00:00,3110,3170.135,0.0,0,Normal,0.0
2020-09-09 16:00:00,3229,3087.84,4.571480387584844,0,Normal,13.41
2020-09-09 17:00:00,3389,3283.825,3.2028198823018945,0,Normal,9.39
2020-09-09 18:00:00,3497,3374.12,3.6418384645477966,0,Normal,10.68
2020-09-09 19:00:00,3565,3484.42,2.3125799989668274,0,Normal,6.78
2020-09-09 20:00:00,3713,3468.425,7.0514714892206065,0,Normal,20.68
2020-09-09 21:00:00,2897,3028.355,0.0,0,Normal,0.0
2020-09-09 22:00:00,2343,2540.9,0.0,0,Normal,0.0
2020-09-09 23:00:00,1788,1856.295,0.0,0,Normal,0.0
2020-09-10 00:00:00,1172,1246.95,0.0,0,Normal,0.0
2020-09-10 01:00:00,1208,1199.18,0.7355025934388445,0,Normal,2.16
2020-09-10 02:00:00,1105,970.695,13.835962892566661,0,Warning,40.57
2020-09-10 03:00:00,636,764.25,0.0,0,Normal,0.0
2020-09-10 04:00:00,760,432.755,75.61899920278218,1,High,85.0
2020-09-10 05:00:00,1331,1509.8,0.0,0,Normal,0.0
2020-09-10 06:00:00,2500,2414.385,3.5460376037790073,0,Normal,10.4
2020-09-10 07:00:00,3854,3489.86,10.434229453330502,0,Normal,30.6
2020-09-10 08:00:00,3715,3858.86,0.0,0,Normal,0.0
2020-09-10 09:00:00,3726,3739.2,0.0,0,Normal,0.0
2020-09-10 10:00:00,3786,3569.835,6.055321884624918,0,Normal,17.76
2020-09-10 11:00:00,3880,3606.095,7.595612428402474,0,Normal,22.27
2020-09-10 12:00:00,3363,3636.315,0.0,0,Normal,0.0
2020-09-10 13:00:00,3017,3227.39,0.0,0,Normal,0.0
2020-09-10 14:00:00,3262,2949.945,10.578332816374536,0,Normal,31.02
2020-09-10 15:00:00,2962,3078.72,0.0,0,Normal,0.0
2020-09-10 16:00:00,3201,2906.255,10.141745992695062,0,Normal,29.74
2020-09-10 17:00:00,3236,3287.76,0.0,0,Normal,0.0
2020-09-10 18:00:00,3480,3309.73,5.144528405640339,0,Normal,15.09
2020-09-10 19:00:00,3838,3401.625,12.828427589754895,0,Warning,37.62
2020-09-10 20:00:00,3628,3590.315,1.0496293500709533,0,Normal,3.08
2020-09-10 21:00:00,2868,2926.595,0.0,0,Normal,0.0
2020-09-10 22:00:00,2485,2505.1,0.0,0,Normal,0.0
2020-09-10 23:00:00,1832,1848.125,0.0,0,Normal,0.0
2020-09-11 00:00:00,1320,1305.605,1.1025539883808642,0,Normal,3.23
2020-09-11 01:00:00,1218,1159.85,5.013579342156321,0,Normal,14.7
2020-09-11 02:00:00,968,1067.245,0.0,0,Normal,0.0
2020-09-11 03:00:00,773,622.43,24.190672043442646,1,High,75.94
2020-09-11 04:00:00,326,835.765,0.0,2,Normal,10.0
2020-09-11 05:00:00,1540,1190.85,29.319393710374953,3,Critical,95.0
2020-09-11 06:00:00,2629,2511.8,4.665976590492866,0,Normal,13.68
2020-09-11 07:00:00,3790,3591.37,5.530758457079057,0,Normal,16.22
2020-09-11 08:00:00,4051,3912.705,3.53451129078221,0,Normal,10.36
2020-09-11 09:00:00,3949,3893.23,1.4324866499025226,0,Normal,4.2
2020-09-11 10:00:00,3779,3812.19,0.0,0,Normal,0.0
2020-09-11 11:00:00,3537,3607.125,0.0,0,Normal,0.0
2020-09-11 12:00:00,3423,3369.0,1.6028495102404272,0,Normal,4.7
2020-09-11 13:00:00,3739,3265.89,14.486403399992042,0,Warning,42.48
2020-09-11 14:00:00,3502,3488.9,0.3754765112212992,0,Normal,1.1
2020-09-11 15:00:00,3401,3214.5,5.801835433193343,0,Normal,17.01
2020-09-11 16:00:00,3365,3243.67,3.7405161437507495,0,Normal,10.97
2020-09-11 17:00:00,3385,3378.29,0.19862119593048663,0,Normal,0.58
2020-09-11 18:00:00,3483,3419.37,1.8608691074671682,0,Normal,5.46
2020-09-11 19:00:00,3451,3397.145,1.5853017754614542,0,Normal,4.65
2020-09-11 20:00:00,3146,3315.575,0.0,0,Normal,0.0
2020-09-11 21:00:00,2538,2711.545,0.0,0,Normal,0.0
2020-09-11 22:00:00,2428,2300.875,5.525071983484544,0,Normal,16.2
2020-09-11 23:00:00,1728,1864.745,0.0,0,Normal,0.0
2020-09-12 00:00:00,1407,1577.085,0.0,0,Normal,0.0
2020-09-12 01:00:00,1519,1240.06,22.494072867441904,1,High,70.96
2020-09-12 02:00:00,985,984.59,0.041641698575038154,0,Normal,0.12
2020-09-12 03:00:00,325,648.91,0.0,1,Normal,5.0
2020-09-12 04:00:00,836,654.045,27.819951226597567,2,High,90.0
2020-09-12 05:00:00,1029,1032.64,0.0,0,Normal,0.0
2020-09-12 06:00:00,1286,1077.405,19.360871724189145,0,Warning,56.77
2020-09-12 07:00:00,1586,1800.23,0.0,0,Normal,0.0
2020-09-12 08:00:00,3257,2747.925,18.525796737538318,0,Warning,54.33
2020-09-12 09:00:00,4385,4029.63,8.818923821790086,0,Normal,25.86
2020-09-12 10:00:00,4469,4191.07,6.631480743581002,0,Normal,19.45
2020-09-12 11:00:00,4421,4044.435,9.31069481893021,0,Normal,27.3
2020-09-12 12:00:00,4000,4008.255,0.0,0,Normal,0.0
2020-09-12 13:00:00,3717,3798.82,0.0,0,Normal,0.0
2020-09-12 14:00:00,3691,3518.415,4.905191684323766,0,Normal,14.38
2020-09-12 15:00:00,3410,3492.975,0.0,0,Normal,0.0
2020-09-12 16:00:00,3213,3244.415,0.0,0,Normal,0.0
2020-09-12 17:00:00,3273,3330.3,0.0,0,Normal,0.0
2020-09-12 18:00:00,3397,3353.215,1.3057617838402802,0,Normal,3.83
2020-09-12 19:00:00,3592,3348.555,7.270150856115554,0,Normal,21.32
2020-09-12 20:00:00,3165,3417.51,0.0,0,Normal,0.0
2020-09-12 21:00:00,2259,2664.4,0.0,0,Normal,0.0
2020-09-12 22:00:00,1733,1931.28,0.0,0,Normal,0.0
2020-09-12 23:00:00,1956,1848.49,5.816098545299136,0,Normal,17.06
2020-09-13 00:00:00,1998,1535.305,30.137008607410248,1,High,85.0
2020-09-13 01:00:00,1676,1476.765,13.491313783845085,0,Warning,39.56
2020-09-13 02:00:00,735,1090.03,0.0,1,Normal,5.0
2020-09-13 03:00:00,648,646.905,0.16926751223132103,0,Normal,0.5
2020-09-13 04:00:00,877,834.42,5.102945758730621,0,Normal,14.96
2020-09-13 05:00:00,1019,913.63,11.533115156025962,0,Warning,33.82
2020-09-13 06:00:00,976,964.865,1.1540474574163215,0,Normal,3.38
2020-09-13 07:00:00,1214,1409.175,0.0,0,Normal,0.0
2020-09-13 08:00:00,2570,2392.565,7.416099458112943,0,Normal,21.75
2020-09-13 09:00:00,3991,3505.005,13.865743415487279,0,Warning,40.66
2020-09-13 10:00:00,4423,4031.225,9.718509882231832,0,Normal,28.5
2020-09-13 11:00:00,4495,4237.335,6.080826746056188,0,Normal,17.83
2020-09-13 12:00:00,4167,4210.85,0.0,0,Normal,0.0
2020-09-13 13:00:00,3724,3897.41,0.0,0,Normal,0.0
2020-09-13 14:00:00,3566,3525.39,1.1519292900927312,0,Normal,3.38
2020-09-13 15:00:00,3213,3346.915,0.0,0,Normal,0.0
2020-09-13 16:00:00,2894,3006.875,0.0,0,Normal,0.0
2020-09-13 17:00:00,3076,3013.92,2.0597759728194487,0,Normal,6.04
2020-09-13 18:00:00,3555,3335.4,6.583917970858065,0,Normal,19.31
2020-09-13 19:00:00,3879,3582.115,8.287980704137087,0,Normal,24.3
2020-09-13 20:00:00,4039,3586.91,12.603884680686168,0,Warning,36.96
2020-09-13 21:00:00,2904,3250.53,0.0,0,Normal,0.0
2020-09-13 22:00:00,2215,2078.375,6.5736452757562995,0,Normal,19.28
2020-09-13 23:00:00,1654,1758.535,0.0,0,Normal,0.0
2020-09-14 00:00:00,1378,1594.12,0.0,0,Normal,0.0
2020-09-14 01:00:00,1276,1469.05,0.0,0,Normal,0.0
2020-09-14 02:00:00,737,880.85,0.0,0,Normal,0.0
2020-09-14 03:00:00,561,632.105,0.0,0,Normal,0.0
2020-09-14 04:00:00,809,730.505,10.745306329183236,0,Normal,31.51
2020-09-14 05:00:00,1698,1208.46,40.50940866888436,1,High,85.0
2020-09-14 06:00:00,2657,2252.325,17.96698966623379,0,Warning,52.69
2020-09-14 07:00:00,3986,3684.88,8.171772215106051,0,Normal,23.96
2020-09-14 08:00:00,4029,4195.44,0.0,0,Normal,0.0
2020-09-14 09:00:00,3896,4065.385,0.0,0,Normal,0.0
2020-09-14 10:00:00,3606,3874.145,0.0,0,Normal,0.0
2020-09-14 11:00:00,3420,3681.155,0.0,0,Normal,0.0
2020-09-14 12:00:00,3451,3386.885,1.893037407529331,0,Normal,5.55
2020-09-14 13:00:00,3553,3317.605,7.095329311355631,0,Normal,20.81
2020-09-14 14:00:00,3478,3382.575,2.8210756598153828,0,Normal,8.27
2020-09-14 15:00:00,3275,3297.605,0.0,0,Normal,0.0
2020-09-14 16:00:00,3228,3170.05,1.8280468762322304,0,Normal,5.36
2020-09-14 17:00:00,3583,3507.615,2.149181138750981,0,Normal,6.3
2020-09-14 18:00:00,3742,3992.485,0.0,0,Normal,0.0
2020-09-14 19:00:00,3966,3798.11,4.42035644044011,0,Normal,12.96
2020-09-14 20:00:00,3903,3913.77,0.0,0,Normal,0.0
2020-09-14 21:00:00,3032,3220.595,0.0,0,Normal,0.0
2020-09-14 22:00:00,2707,2394.79,13.037051265455426,0,Warning,38.23
2020-09-14 23:00:00,2037,1973.165,3.235157728826532,0,Normal,9.49
2020-09-15 00:00:00,1658,1391.835,19.123315622900698,0,Warning,56.08
2020-09-15 01:00:00,1674,1315.965,27.20703058212035,1,High,84.78
2020-09-15 02:00:00,1660,1115.15,48.858897906111274,2,High,90.0
2020-09-15 03:00:00,1098,1119.825,0.0,0,Normal,0.0
2020-09-15 04:00:00,1015,860.205,17.995129068070977,0,Warning,52.77
2020-09-15 05:00:00,1897,1552.225,22.211663901818365,0,High,65.13
2020-09-15 06:00:00,2664,2673.62,0.0,0,Normal,0.0
2020-09-15 07:00:00,3610,3558.895,1.4359794261983008,0,Normal,4.21
2020-09-15 08:00:00,3988,3815.65,4.516923722039492,0,Normal,13.25
2020-09-15 09:00:00,3980,3958.38,0.546183034473696,0,Normal,1.6
2020-09-15 10:00:00,3867,3877.75,0.0,0,Normal,0.0
2020-09-15 11:00:00,3650,3741.645,0.0,0,Normal,0.0
2020-09-15 12:00:00,3674,3465.085,6.029145028188341,0,Normal,17.68
2020-09-15 13:00:00,3722,3454.43,7.745706238076909,0,Normal,22.71
2020-09-15 14:00:00,3465,3545.195,0.0,0,Normal,0.0
2020-09-15 15:00:00,3292,3374.16,0.0,0,Normal,0.0
2020-09-15 16:00:00,3151,3220.815,0.0,0,Normal,0.0
2020-09-15 17:00:00,3496,3493.95,0.05867284878147031,0,Normal,0.17
2020-09-15 18:00:00,3939,3706.775,6.264879848385724,0,Normal,18.37
2020-09-15 19:00:00,4245,3956.12,7.302104081777097,0,Normal,21.41
2020-09-15 20:00:00,3985,3999.995,0.0,0,Normal,0.0
2020-09-15 21:00:00,3181,3490.58,0.0,0,Normal,0.0
2020-09-15 22:00:00,2687,2641.27,1.7313640786439863,0,Normal,5.08
2020-09-15 23:00:00,2002,2062.515,0.0,0,Normal,0.0
2020-09-16 00:00:00,1629,1543.965,5.507573034362831,0,Normal,16.15
2020-09-16 01:00:00,1699,1499.79,13.282526220337518,0,Warning,38.95
2020-09-16 02:00:00,1542,1539.05,0.19167668366849977,0,Normal,0.56
2020-09-16 03:00:00,1080,1073.675,0.5890981907933076,0,Normal,1.73
2020-09-16 04:00:00,744,1016.78,0.0,1,Normal,5.0
2020-09-16 05:00:00,1518,1451.685,4.568139782390812,0,Normal,13.4
2020-09-16 06:00:00,2723,2525.04,7.8398758039476615,0,Normal,22.99
2020-09-16 07:00:00,3952,3505.235,12.74565043427901,0,Warning,37.38
2020-09-16 08:00:00,3973,4044.11,0.0,0,Normal,0.0
2020-09-16 09:00:00,3680,3961.125,0.0,0,Normal,0.0
2020-09-16 10:00:00,3557,3518.135,1.1047046233302524,0,Normal,3.24
2020-09-16 11:00:00,3394,3414.98,0.0,0,Normal,0.0
2020-09-16 12:00:00,3457,3285.995,5.204055392658848,0,Normal,15.26
2020-09-16 13:00:00,3464,3335.915,3.839576248195774,0,Normal,11.26
2020-09-16 14:00:00,3441,3296.71,4.376787767198206,0,Normal,12.83
2020-09-16 15:00:00,3364,3194.085,5.3196768401592305,0,Normal,15.6
2020-09-16 16:00:00,3357,3262.65,2.8918210656981262,0,Normal,8.48
2020-09-16 17:00:00,3492,3557.615,0.0,0,Normal,0.0
2020-09-16 18:00:00,3646,3592.57,1.48723615684593,0,Normal,4.36
2020-09-16 19:00:00,3815,3800.82,0.3730773885635162,0,Normal,1.09
2020-09-16 20:00:00,3708,3768.685,0.0,0,Normal,0.0
2020-09-16 21:00:00,2940,3010.43,0.0,0,Normal,0.0
2020-09-16 22:00:00,2534,2668.465,0.0,0,Normal,0.0
2020-09-16 23:00:00,2110,2033.355,3.76938606391899,0,Normal,11.05
2020-09-17 00:00:00,1646,1526.505,7.828012355020119,0,Normal,22.96
2020-09-17 01:00:00,1711,1558.665,9.7734279014413,0,Normal,28.66
2020-09-17 02:00:00,1557,1529.395,1.8049620928537113,0,Normal,5.29
2020-09-17 03:00:00,868,1079.9,0.0,0,Normal,0.0
2020-09-17 04:00:00,806,821.3,0.0,0,Normal,0.0
2020-09-17 05:00:00,1641,1405.665,16.741897962885897,0,Warning,49.09
2020-09-17 06:00:00,2559,2669.185,0.0,0,Normal,0.0
2020-09-17 07:00:00,3744,3511.11,6.632945137007951,0,Normal,19.45
2020-09-17 08:00:00,4028,3924.22,2.6446019845982183,0,Normal,7.76
2020-09-17 09:00:00,3838,3891.675,0.0,0,Normal,0.0
2020-09-17 10:00:00,3486,3633.87,0.0,0,Normal,0.0
2020-09-17 11:00:00,3405,3332.655,2.1707917561223646,0,Normal,6.37
2020-09-17 12:00:00,3381,3256.255,3.8309346166071108,0,Normal,11.23
2020-09-17 13:00:00,3309,3262.885,1.413319807470989,0,Normal,4.14
2020-09-17 14:00:00,3239,3159.81,2.506163345264432,0,Normal,7.35
2020-09-17 15:00:00,3117,3056.28,1.9867289646236537,0,Normal,5.83
2020-09-17 16:00:00,3052,3118.83,0.0,0,Normal,0.0
2020-09-17 17:00:00,3241,3293.6,0.0,0,Normal,0.0
2020-09-17 18:00:00,3354,3347.625,0.1904335162988686,0,Normal,0.56
2020-09-17 19:00:00,3536,3368.725,4.965528501139158,0,Normal,14.56
2020-09-17 20:00:00,3273,3531.855,0.0,0,Normal,0.0
2020-09-17 21:00:00,2689,2749.515,0.0,0,Normal,0.0
2020-09-17 22:00:00,2323,2415.52,0.0,0,Normal,0.0
2020-09-17 23:00:00,1953,1988.815,0.0,0,Normal,0.0
2020-09-18 00:00:00,1679,1511.09,11.111846415501399,0,Warning,32.58
2020-09-18 01:00:00,1592,1566.175,1.6489217360767503,0,Normal,4.84
2020-09-18 02:00:00,1362,1496.625,0.0,0,Normal,0.0
2020-09-18 03:00:00,949,920.915,3.049684281394052,0,Normal,8.94
2020-09-18 04:00:00,825,628.15,31.338056196768292,1,High,85.0
2020-09-18 05:00:00,1498,1432.465,4.574980889585441,0,Normal,13.42
2020-09-18 06:00:00,2475,2260.285,9.499465775333649,0,Normal,27.86
2020-09-18 07:00:00,3678,3561.66,3.2664544060915457,0,Normal,9.58
2020-09-18 08:00:00,4004,4064.71,0.0,0,Normal,0.0
2020-09-18 09:00:00,3843,4032.045,0.0,0,Normal,0.0
2020-09-18 10:00:00,3634,3681.94,0.0,0,Normal,0.0
2020-09-18 11:00:00,3399,3504.815,0.0,0,Normal,0.0
2020-09-18 12:00:00,3407,3249.655,4.84189860154385,0,Normal,14.2
2020-09-18 13:00:00,3494,3288.97,6.233866529643025,0,Normal,18.28
2020-09-18 14:00:00,3472,3261.015,6.469918108319039,0,Normal,18.97
2020-09-18 15:00:00,3373,3236.525,4.216713913842776,0,Normal,12.37
2020-09-18 16:00:00,3343,3241.24,3.1395391887055637,0,Normal,9.21
2020-09-18 17:00:00,3391,3320.495,2.1233279977834663,0,Normal,6.23
2020-09-18 18:00:00,3500,3375.435,3.6903391710994304,0,Normal,10.82
2020-09-18 19:00:00,3578,3467.7,3.180782651325091,0,Normal,9.33
2020-09-18 20:00:00,3303,3511.965,0.0,0,Normal,0.0
2020-09-18 21:00:00,2643,2729.78,0.0,0,Normal,0.0
2020-09-18 22:00:00,2374,2275.46,4.330552943141165,0,Normal,12.7
2020-09-18 23:00:00,2023,1968.16,2.78635883261523,0,Normal,8.17
2020-09-19 00:00:00,1893,1566.505,20.842257126533262,0,High,61.12
2020-09-19 01:00:00,1691,1554.42,8.786557043784814,0,Normal,25.77
2020-09-19 02:00:00,1405,1294.11,8.568823361228961,0,Normal,25.13
2020-09-19 03:00:00,779,996.765,0.0,0,Normal,0.0
2020-09-19 04:00:00,1126,831.085,35.4855399868846,1,High,85.0
2020-09-19 05:00:00,962,1137.565,0.0,0,Normal,0.0
2020-09-19 06:00:00,1109,1192.97,0.0,0,Normal,0.0
2020-09-19 07:00:00,1649,1724.74,0.0,0,Normal,0.0
2020-09-19 08:00:00,3005,2602.61,15.461017978106586,0,Warning,45.34
2020-09-19 09:00:00,4168,3810.865,9.371494398253422,0,Normal,27.48
2020-09-19 10:00:00,4421,4140.275,6.780346716099786,0,Normal,19.88
2020-09-19 11:00:00,4181,4045.955,3.337778101832573,0,Normal,9.79
2020-09-19 12:00:00,3658,3969.425,0.0,0,Normal,0.0
2020-09-19 13:00:00,3759,3471.44,8.283594128085173,0,Normal,24.29
2020-09-19 14:00:00,3629,3549.95,2.226791926646859,0,Normal,6.53
2020-09-19 15:00:00,3377,3444.26,0.0,0,Normal,0.0
2020-09-19 16:00:00,3303,3272.445,0.9337055321021387,0,Normal,2.74
2020-09-19 17:00:00,3420,3430.49,0.0,0,Normal,0.0
2020-09-19 18:00:00,3550,3417.95,3.8634269079419004,0,Normal,11.33
2020-09-19 19:00:00,3471,3567.48,0.0,0,Normal,0.0
2020-09-19 20:00:00,3139,3229.905,0.0,0,Normal,0.0
2020-09-19 21:00:00,2477,2632.225,0.0,0,Normal,0.0
2020-09-19 22:00:00,2177,1951.4,11.560930613918208,0,Warning,33.9
2020-09-19 23:00:00,2027,1941.96,4.379080928546415,0,Normal,12.84
2020-09-20 00:00:00,2024,1842.9,9.826903250312002,0,Normal,28.82
2020-09-20 01:00:00,1753,1587.985,10.391470952181544,0,Normal,30.47
2020-09-20 02:00:00,987,1384.89,0.0,1,Normal,5.0
2020-09-20 03:00:00,664,768.795,0.0,0,Normal,0.0
2020-09-20 04:00:00,1022,924.86,10.503211296844926,0,Normal,30.8
2020-09-20 05:00:00,1058,927.45,14.076230524556573,0,Warning,41.28
2020-09-20 06:00:00,865,977.87,0.0,0,Normal,0.0
2020-09-20 07:00:00,1126,1292.41,0.0,0,Normal,0.0
2020-09-20 08:00:00,2694,2251.655,19.645327547959155,0,Warning,57.61
2020-09-20 09:00:00,3883,3732.205,4.0403729162787165,0,Normal,11.85
2020-09-20 10:00:00,4189,4050.26,3.4254591063289705,0,Normal,10.04
2020-09-20 11:00:00,4292,4143.165,3.5923020203153877,0,Normal,10.53
2020-09-20 12:00:00,4096,4116.12,0.0,0,Normal,0.0
2020-09-20 13:00:00,3839,3818.1,0.5473926822241454,0,Normal,1.61
2020-09-20 14:00:00,3607,3529.985,2.1817373161642295,0,Normal,6.4
2020-09-20 15:00:00,3041,3417.89,0.0,0,Normal,0.0
2020-09-20 16:00:00,2891,2946.09,0.0,0,Normal,0.0
2020-09-20 17:00:00,3095,3026.035,2.2790549349230975,0,Normal,6.68
2020-09-20 18:00:00,3532,3378.295,4.54978028857752,0,Normal,13.34
2020-09-20 19:00:00,3827,3530.77,8.389954599138433,0,Normal,24.6
2020-09-20 20:00:00,3652,3546.59,2.972150713784222,0,Normal,8.72
2020-09-20 21:00:00,2730,2846.41,0.0,0,Normal,0.0
2020-09-20 22:00:00,2614,2243.32,16.52372376656027,0,Warning,48.45
2020-09-20 23:00:00,1866,2027.175,0.0,0,Normal,0.0
2020-09-21 00:00:00,1424,1610.045,0.0,0,Normal,0.0
2020-09-21 01:00:00,1306,1462.08,0.0,0,Normal,0.0
2020-09-21 02:00:00,1022,981.35,4.14225301880063,0,Normal,12.15
2020-09-21 03:00:00,546,836.705,0.0,1,Normal,5.0
2020-09-21 04:00:00,688,952.375,0.0,2,Normal,10.0
2020-09-21 05:00:00,1486,1132.405,31.225135883363286,3,Critical,95.0
2020-09-21 06:00:00,2499,2238.345,11.644987702968052,0,Warning,34.15
2020-09-21 07:00:00,3814,3773.57,1.071399232026962,0,Normal,3.14
2020-09-21 08:00:00,4030,3865.05,4.267732629590816,0,Normal,12.51
2020-09-21 09:00:00,3843,4006.38,0.0,0,Normal,0.0
2020-09-21 10:00:00,3684,3725.125,0.0,0,Normal,0.0
2020-09-21 11:00:00,3545,3603.585,0.0,0,Normal,0.0
2020-09-21 12:00:00,3447,3477.175,0.0,0,Normal,0.0
2020-09-21 13:00:00,3381,3314.3,2.012491325468419,0,Normal,5.9
2020-09-21 14:00:00,3307,3247.23,1.840645719582536,0,Normal,5.4
2020-09-21 15:00:00,2800,3095.28,0.0,0,Normal,0.0
2020-09-21 16:00:00,3152,2721.04,15.838061917502133,0,Warning,46.44
2020-09-21 17:00:00,3355,3377.345,0.0,0,Normal,0.0
2020-09-21 18:00:00,3540,3511.335,0.8163561722250929,0,Normal,2.39
2020-09-21 19:00:00,4017,3598.03,11.644427645128022,0,Warning,34.15
2020-09-21 20:00:00,3791,3912.385,0.0,0,Normal,0.0
2020-09-21 21:00:00,2719,2960.985,0.0,0,Normal,0.0
2020-09-21 22:00:00,2207,2459.97,0.0,0,Normal,0.0
2020-09-21 23:00:00,1710,1989.53,0.0,0,Normal,0.0
2020-09-22 00:00:00,1335,1492.335,0.0,0,Normal,0.0
2020-09-22 01:00:00,1300,1271.405,2.249086640370301,0,Normal,6.6
2020-09-22 02:00:00,1112,1138.655,0.0,0,Normal,0.0
2020-09-22 03:00:00,415,848.275,0.0,1,Normal,5.0
2020-09-22 04:00:00,631,740.105,0.0,0,Normal,0.0
2020-09-22 05:00:00,1243,1329.885,0.0,0,Normal,0.0
2020-09-22 06:00:00,2424,2230.815,8.659839565360638,0,Normal,25.39
2020-09-22 07:00:00,3643,3474.415,4.852183748918884,0,Normal,14.23
2020-09-22 08:00:00,4024,3835.4,4.917348907545495,0,Normal,14.42
2020-09-22 09:00:00,4099,4096.24,0.06737886451966238,0,Normal,0.2
2020-09-22 10:00:00,3883,3971.43,0.0,0,Normal,0.0
2020-09-22 11:00:00,3751,3717.44,0.90277179994835,0,Normal,2.65
2020-09-22 12:00:00,3749,3543.795,5.790543753236288,0,Normal,16.98
2020-09-22 13:00:00,3572,3544.9,0.7644785466444726,0,Normal,2.24
2020-09-22 14:00:00,3442,3400.835,1.2104380247792075,0,Normal,3.55
2020-09-22 15:00:00,3435,3204.07,7.20739559372922,0,Normal,21.14
2020-09-22 16:00:00,3178,3307.195,0.0,0,Normal,0.0
2020-09-22 17:00:00,3358,3534.355,0.0,0,Normal,0.0
2020-09-22 18:00:00,3630,3541.055,2.511822041736154,0,Normal,7.37
2020-09-22 19:00:00,3741,3667.53,2.0032555970912247,0,Normal,5.87
2020-09-22 20:00:00,3495,3590.2,0.0,0,Normal,0.0
2020-09-22 21:00:00,2812,2900.03,0.0,0,Normal,0.0
2020-09-22 22:00:00,2357,2463.835,0.0,0,Normal,0.0
2020-09-22 23:00:00,1655,1823.065,0.0,0,Normal,0.0
2020-09-23 00:00:00,1357,1444.245,0.0,0,Normal,0.0
2020-09-23 01:00:00,1407,1309.88,7.414419641493869,0,Normal,21.74
2020-09-23 02:00:00,1169,1229.02,0.0,0,Normal,0.0
2020-09-23 03:00:00,754,846.945,0.0,0,Normal,0.0
2020-09-23 04:00:00,866,675.7,28.163386118099744,1,High,85.0
2020-09-23 05:00:00,1550,1359.725,13.993638419533369,0,Warning,41.04
2020-09-23 06:00:00,2545,2430.575,4.707733766701303,0,Normal,13.81
2020-09-23 07:00:00,3761,3464.96,8.54382157369782,0,Normal,25.05
2020-09-23 08:00:00,3810,3902.74,0.0,0,Normal,0.0
2020-09-23 09:00:00,3729,3756.88,0.0,0,Normal,0.0
2020-09-23 10:00:00,3673,3667.92,0.13849811337215445,0,Normal,0.41
2020-09-23 11:00:00,3463,3474.32,0.0,0,Normal,0.0
2020-09-23 12:00:00,3464,3287.19,5.3787581490574,0,Normal,15.77
2020-09-23 13:00:00,3440,3267.625,5.275238131670556,0,Normal,15.47
2020-09-23 14:00:00,3367,3277.375,2.734658072390251,0,Normal,8.02
2020-09-23 15:00:00,2764,3263.675,0.0,0,Normal,0.0
2020-09-23 16:00:00,3292,2778.86,18.465845706512738,0,Warning,54.15
2020-09-23 17:00:00,3889,3445.26,12.8797246071414,0,Warning,37.77
2020-09-23 18:00:00,3546,3768.975,0.0,0,Normal,0.0
2020-09-23 19:00:00,3666,3603.48,1.7349895101401973,0,Normal,5.09
2020-09-23 20:00:00,3437,3561.775,0.0,0,Normal,0.0
2020-09-23 21:00:00,2677,2821.595,0.0,0,Normal,0.0
2020-09-23 22:00:00,2312,2418.73,0.0,0,Normal,0.0
2020-09-23 23:00:00,1688,1720.785,0.0,0,Normal,0.0
2020-09-24 00:00:00,1217,1508.99,0.0,0,Normal,0.0
2020-09-24 01:00:00,1287,1401.06,0.0,0,Normal,0.0
2020-09-24 02:00:00,1191,1297.285,0.0,0,Normal,0.0
2020-09-24 03:00:00,637,840.33,0.0,1,Normal,5.0
2020-09-24 04:00:00,1094,864.515,26.54494138331897,2,High,87.84
2020-09-24 05:00:00,1762,1587.485,10.993174738658954,0,Warning,32.24
2020-09-24 06:00:00,2442,2596.54,0.0,0,Normal,0.0
2020-09-24 07:00:00,3381,3484.885,0.0,0,Normal,0.0
2020-09-24 08:00:00,3609,3600.81,0.22744882401459823,0,Normal,0.67
2020-09-24 09:00:00,3584,3609.515,0.0,0,Normal,0.0
2020-09-24 10:00:00,3429,3393.315,1.0516265068229724,0,Normal,3.08
2020-09-24 11:00:00,3301,3249.995,1.5693870298262032,0,Normal,4.6
2020-09-24 12:00:00,3210,3160.19,1.5761710530063047,0,Normal,4.62
2020-09-24 13:00:00,3103,3132.135,0.0,0,Normal,0.0
2020-09-24 14:00:00,3051,3061.76,0.0,0,Normal,0.0
2020-09-24 15:00:00,2912,2925.76,0.0,0,Normal,0.0
2020-09-24 16:00:00,2921,2813.435,3.8232623110183837,0,Normal,11.21
2020-09-24 17:00:00,3136,3126.545,0.3024104882546046,0,Normal,0.89
2020-09-24 18:00:00,3279,3274.68,0.13192128696544897,0,Normal,0.39
2020-09-24 19:00:00,3556,3295.105,7.9176536104312305,0,Normal,23.22
2020-09-24 20:00:00,3452,3497.62,0.0,0,Normal,0.0
2020-09-24 21:00:00,2774,2808.76,0.0,0,Normal,0.0
2020-09-24 22:00:00,2434,2270.515,7.200348819540947,0,Normal,21.11
2020-09-24 23:00:00,1724,1828.455,0.0,0,Normal,0.0
2020-09-25 00:00:00,1317,1514.535,0.0,0,Normal,0.0
2020-09-25 01:00:00,1302,1342.635,0.0,0,Normal,0.0
2020-09-25 02:00:00,1018,1254.27,0.0,0,Normal,0.0
2020-09-25 03:00:00,559,846.25,0.0,1,Normal,5.0
2020-09-25 04:00:00,1031,1017.645,1.3123436954930274,0,Normal,3.85
2020-09-25 05:00:00,1346,1554.76,0.0,0,Normal,0.0
2020-09-25 06:00:00,2380,2148.67,10.766194901962606,0,Normal,31.57
2020-09-25 07:00:00,3541,3530.17,0.3067840925507816,0,Normal,0.9
2020-09-25 08:00:00,3746,3745.58,0.011213216644687145,0,Normal,0.03
2020-09-25 09:00:00,3807,3730.7,2.0451925912027282,0,Normal,6.0
2020-09-25 10:00:00,3260,3623.1,0.0,0,Normal,0.0
2020-09-25 11:00:00,3074,3145.18,0.0,0,Normal,0.0
2020-09-25 12:00:00,3419,3022.055,13.134936326440128,0,Warning,38.52
2020-09-25 13:00:00,3492,3267.83,6.8599039729728934,0,Normal,20.12
2020-09-25 14:00:00,3481,3216.625,8.219018381067112,0,Normal,24.1
2020-09-25 15:00:00,3302,3204.665,3.0372909492879923,0,Normal,8.91
2020-09-25 16:00:00,3212,3122.445,2.868104962617431,0,Normal,8.41
2020-09-25 17:00:00,3093,3215.825,0.0,0,Normal,0.0
2020-09-25 18:00:00,3002,3225.32,0.0,0,Normal,0.0
2020-09-25 19:00:00,3069,3039.41,0.9735442075929258,0,Normal,2.85
2020-09-25 20:00:00,2960,3094.9,0.0,0,Normal,0.0
2020-09-25 21:00:00,2342,2599.635,0.0,0,Normal,0.0
2020-09-25 22:00:00,2119,2261.96,0.0,0,Normal,0.0
2020-09-25 23:00:00,1891,1872.96,0.9631812745600528,0,Normal,2.82
2020-09-26 00:00:00,1706,1558.445,9.46809159129774,0,Normal,27.76
2020-09-26 01:00:00,1531,1559.4,0.0,0,Normal,0.0
2020-09-26 02:00:00,669,1314.855,0.0,1,Normal,5.0
2020-09-26 03:00:00,488,666.83,0.0,2,Normal,10.0
2020-09-26 04:00:00,681,1008.085,0.0,3,Normal,15.0
2020-09-26 05:00:00,966,987.89,0.0,0,Normal,0.0
2020-09-26 06:00:00,1023,1159.38,0.0,0,Normal,0.0
2020-09-26 07:00:00,1335,1649.24,0.0,0,Normal,0.0
2020-09-26 08:00:00,2836,2735.03,3.6917328146309103,0,Normal,10.83
2020-09-26 09:00:00,3904,3740.97,4.357960635877866,0,Normal,12.78
2020-09-26 10:00:00,4252,3953.97,7.537487639005866,0,Normal,22.1
2020-09-26 11:00:00,4015,3990.99,0.6016051155227204,0,Normal,1.76
2020-09-26 12:00:00,3828,3786.435,1.0977344124486503,0,Normal,3.22
2020-09-26 13:00:00,3502,3600.885,0.0,0,Normal,0.0
2020-09-26 14:00:00,3486,3363.57,3.6398826247112397,0,Normal,10.67
2020-09-26 15:00:00,3343,3252.055,2.796539418921272,0,Normal,8.2
2020-09-26 16:00:00,3128,3153.93,0.0,0,Normal,0.0
2020-09-26 17:00:00,2895,3155.26,0.0,0,Normal,0.0
2020-09-26 18:00:00,3112,3063.605,1.5796749254554678,0,Normal,4.63
2020-09-26 19:00:00,2876,3161.88,0.0,0,Normal,0.0
2020-09-26 20:00:00,2527,2732.2,0.0,0,Normal,0.0
2020-09-26 21:00:00,1898,2217.28,0.0,0,Normal,0.0
2020-09-26 22:00:00,1810,1999.86,0.0,0,Normal,0.0
2020-09-26 23:00:00,1818,1996.915,0.0,0,Normal,0.0
2020-09-27 00:00:00,1843,1860.55,0.0,0,Normal,0.0
2020-09-27 01:00:00,983,1602.635,0.0,1,Normal,5.0
2020-09-27 02:00:00,340,908.045,0.0,2,Normal,10.0
2020-09-27 03:00:00,583,570.165,2.2511027509580623,0,Normal,6.6
2020-09-27 04:00:00,627,755.79,0.0,0,Normal,0.0
2020-09-27 05:00:00,625,811.49,0.0,1,Normal,5.0
2020-09-27 06:00:00,626,796.895,0.0,0,Normal,0.0
2020-09-27 07:00:00,1346,1140.73,17.994617481787976,0,Warning,52.77
2020-09-27 08:00:00,2584,2216.0,16.60649819494585,0,Warning,48.7
2020-09-27 09:00:00,3457,3550.095,0.0,0,Normal,0.0
2020-09-27 10:00:00,4019,3866.83,3.9352648034695106,0,Normal,11.54
2020-09-27 11:00:00,3796,4014.305,0.0,0,Normal,0.0
2020-09-27 12:00:00,3646,3694.335,0.0,0,Normal,0.0
2020-09-27 13:00:00,3535,3489.455,1.305218150112269,0,Normal,3.83
2020-09-27 14:00:00,3281,3402.545,0.0,0,Normal,0.0
2020-09-27 15:00:00,3024,3034.255,0.0,0,Normal,0.0
2020-09-27 16:00:00,2940,2638.99,11.40625769707351,0,Warning,33.45
2020-09-27 17:00:00,2802,2978.01,0.0,0,Normal,0.0
2020-09-27 18:00:00,3043,2881.215,5.615165824140158,0,Normal,16.47
2020-09-27 19:00:00,3123,3067.085,1.8230665273378455,0,Normal,5.35
2020-09-27 20:00:00,2817,3002.19,0.0,0,Normal,0.0
2020-09-27 21:00:00,2168,2275.675,0.0,0,Normal,0.0
2020-09-27 22:00:00,1835,1827.145,0.4299056725109402,0,Normal,1.26
2020-09-27 23:00:00,1428,1932.82,0.0,1,Normal,5.0
2020-09-28 00:00:00,1327,1427.38,0.0,0,Normal,0.0
2020-09-28 01:00:00,935,965.655,0.0,0,Normal,0.0
2020-09-28 02:00:00,610,818.945,0.0,1,Normal,5.0
2020-09-28 03:00:00,21,564.99,0.0,2,Normal,10.0
2020-09-28 04:00:00,687,620.975,10.632473126937473,0,Normal,31.18
2020-09-28 05:00:00,1256,1195.465,5.063719975072469,0,Normal,14.85
2020-09-28 06:00:00,2292,1921.58,19.276845096222907,0,Warning,56.53
2020-09-28 07:00:00,3473,3413.99,1.7284760646633475,0,Normal,5.07
2020-09-28 08:00:00,3521,3702.805,0.0,0,Normal,0.0
2020-09-28 09:00:00,3516,3517.335,0.0,0,Normal,0.0
2020-09-28 10:00:00,3377,3404.115,0.0,0,Normal,0.0
2020-09-28 11:00:00,3239,3220.69,0.5685117164334333,0,Normal,1.67
2020-09-28 12:00:00,3029,3155.245,0.0,0,Normal,0.0
2020-09-28 13:00:00,3086,2952.845,4.509379936976042,0,Normal,13.22
2020-09-28 14:00:00,2992,2934.54,1.9580581624377258,0,Normal,5.74
2020-09-28 15:00:00,2803,2831.14,0.0,0,Normal,0.0
2020-09-28 16:00:00,2581,2723.67,0.0,0,Normal,0.0
2020-09-28 17:00:00,2730,2712.145,0.658335007899652,0,Normal,1.93
2020-09-28 18:00:00,3123,2825.71,10.520895633309857,0,Normal,30.85
2020-09-28 19:00:00,3314,3251.34,1.9272053983895827,0,Normal,5.65
2020-09-28 20:00:00,3096,3098.11,0.0,0,Normal,0.0
2020-09-28 21:00:00,2511,2427.59,3.435917926832779,0,Normal,10.08
2020-09-28 22:00:00,2143,2025.105,5.821673444093022,0,Normal,17.07
2020-09-28 23:00:00,1617,1734.325,0.0,0,Normal,0.0
2020-09-29 00:00:00,1333,1451.215,0.0,0,Normal,0.0
2020-09-29 01:00:00,1248,1116.885,11.739346485985577,0,Warning,34.43
2020-09-29 02:00:00,1014,831.125,22.003308768235826,0,High,64.52
2020-09-29 03:00:00,446,708.71,0.0,1,Normal,5.0
2020-09-29 04:00:00,955,794.985,20.128052730554664,0,High,59.02
2020-09-29 05:00:00,1551,1229.375,26.16166751398068,1,High,81.72
2020-09-29 06:00:00,2030,2343.525,0.0,0,Normal,0.0
2020-09-29 07:00:00,3294,3283.07,0.3329201022213914,0,Normal,0.98
2020-09-29 08:00:00,3567,3577.38,0.0,0,Normal,0.0
2020-09-29 09:00:00,3595,3643.22,0.0,0,Normal,0.0
2020-09-29 10:00:00,3528,3579.69,0.0,0,Normal,0.0
2020-09-29 11:00:00,3243,3370.26,0.0,0,Normal,0.0
2020-09-29 12:00:00,3177,3117.06,1.9229658716867837,0,Normal,5.64
2020-09-29 13:00:00,3204,3028.675,5.788835051631483,0,Normal,16.98
2020-09-29 14:00:00,2818,3001.575,0.0,0,Normal,0.0
2020-09-29 15:00:00,2692,2693.89,0.0,0,Normal,0.0
2020-09-29 16:00:00,2622,2585.13,1.4262338837892055,0,Normal,4.18
2020-09-29 17:00:00,2710,2726.865,0.0,0,Normal,0.0
2020-09-29 18:00:00,2959,2861.66,3.401522193412221,0,Normal,9.97
2020-09-29 19:00:00,3087,3252.925,0.0,0,Normal,0.0
2020-09-29 20:00:00,3008,3046.995,0.0,0,Normal,0.0
2020-09-29 21:00:00,2501,2645.685,0.0,0,Normal,0.0
2020-09-29 22:00:00,2188,2231.085,0.0,0,Normal,0.0
2020-09-29 23:00:00,1451,1746.05,0.0,0,Normal,0.0
2020-09-30 00:00:00,1187,1214.505,0.0,0,Normal,0.0
2020-09-30 01:00:00,1090,1191.05,0.0,0,Normal,0.0
2020-09-30 02:00:00,844,981.92,0.0,0,Normal,0.0
2020-09-30 03:00:00,415,629.255,0.0,1,Normal,5.0
2020-09-30 04:00:00,753,895.69,0.0,0,Normal,0.0
2020-09-30 05:00:00,1512,1349.45,12.045648227055464,0,Warning,35.32
2020-09-30 06:00:00,2330,2159.3,7.905339693419154,0,Normal,23.18
2020-09-30 07:00:00,3362,3321.34,1.2242046884691076,0,Normal,3.59
2020-09-30 08:00:00,3437,3459.565,0.0,0,Normal,0.0
2020-09-30 09:00:00,3441,3354.81,2.5691469859694007,0,Normal,7.53
2020-09-30 10:00:00,3250,3302.275,0.0,0,Normal,0.0
2020-09-30 11:00:00,3314,3166.25,4.666403474141334,0,Normal,13.68
2020-09-30 12:00:00,3141,3140.25,0.02388344877000239,0,Normal,0.07
2020-09-30 13:00:00,3026,3059.94,0.0,0,Normal,0.0
2020-09-30 14:00:00,2807,2936.13,0.0,0,Normal,0.0
2020-09-30 15:00:00,2893,2703.46,7.011015513453129,0,Normal,20.56
2020-09-30 16:00:00,2814,2779.865,1.22793732789183,0,Normal,3.6
2020-09-30 17:00:00,2993,2945.705,1.6055579224667806,0,Normal,4.71
2020-09-30 18:00:00,3224,3096.15,4.129321899778755,0,Normal,12.11
2020-09-30 19:00:00,3524,3279.16,7.466546310640535,0,Normal,21.9
2020-09-30 20:00:00,3297,3268.205,0.8810646822950235,0,Normal,2.58
2020-09-30 21:00:00,2559,2700.55,0.0,0,Normal,0.0
2020-09-30 22:00:00,2133,2279.27,0.0,0,Normal,0.0
2020-09-30 23:00:00,1686,1708.165,0.0,0,Normal,0.0
2020-10-01 00:00:00,1201,1312.57,0.0,0,Normal,0.0
2020-10-01 01:00:00,1099,1089.87,0.8377145898134741,0,Normal,2.46
2020-10-01 02:00:00,942,874.815,7.679909466572926,0,Normal,22.52
2020-10-01 03:00:00,739,665.995,10.961794007462517,0,Warning,32.14
2020-10-01 04:00:00,942,864.68,8.942036360272015,0,Normal,26.22
2020-10-01 05:00:00,2199,1231.525,78.55910355047601,1,High,85.0
2020-10-01 06:00:00,2659,2458.985,8.1340471780023,0,Normal,23.85
2020-10-01 07:00:00,3296,3442.89,0.0,0,Normal,0.0
2020-10-01 08:00:00,3510,3421.92,2.573993547482113,0,Normal,7.55
2020-10-01 09:00:00,3378,3471.205,0.0,0,Normal,0.0
2020-10-01 10:00:00,3219,3173.44,1.4356660280326694,0,Normal,4.21
2020-10-01 11:00:00,3174,3111.09,2.0221208643915753,0,Normal,5.93
2020-10-01 12:00:00,2950,3004.19,0.0,0,Normal,0.0
2020-10-01 13:00:00,2971,2900.925,2.4156088144298735,0,Normal,7.08
2020-10-01 14:00:00,2946,2836.84,3.847943486414456,0,Normal,11.28
2020-10-01 15:00:00,2729,2801.465,0.0,0,Normal,0.0
2020-10-01 16:00:00,2604,2618.655,0.0,0,Normal,0.0
2020-10-01 17:00:00,2899,2806.135,3.309356107243585,0,Normal,9.7
2020-10-01 18:00:00,3018,3161.095,0.0,0,Normal,0.0
2020-10-01 19:00:00,3190,3299.83,0.0,0,Normal,0.0
2020-10-01 20:00:00,3103,3144.165,0.0,0,Normal,0.0
2020-10-01 21:00:00,2528,2653.0,0.0,0,Normal,0.0
2020-10-01 22:00:00,2136,2257.685,0.0,0,Normal,0.0
2020-10-01 23:00:00,1572,1762.825,0.0,0,Normal,0.0
2020-10-02 00:00:00,1335,1170.65,14.039208986460505,0,Warning,41.17
2020-10-02 01:00:00,1072,1108.005,0.0,0,Normal,0.0
2020-10-02 02:00:00,967,854.255,13.198049762658693,0,Warning,38.7
2020-10-02 03:00:00,449,703.2,0.0,1,Normal,5.0
2020-10-02 04:00:00,844,803.615,5.025416399644107,0,Normal,14.74
2020-10-02 05:00:00,1642,1506.05,9.026924736894529,0,Normal,26.47
2020-10-02 06:00:00,2336,2498.575,0.0,0,Normal,0.0
2020-10-02 07:00:00,3109,3409.55,0.0,0,Normal,0.0
2020-10-02 08:00:00,4020,3414.82,17.72216397936055,0,Warning,51.97
2020-10-02 09:00:00,3646,3984.09,0.0,0,Normal,0.0
2020-10-02 10:00:00,3458,3341.435,3.488471270576864,0,Normal,10.23
2020-10-02 11:00:00,3207,3241.705,0.0,0,Normal,0.0
2020-10-02 12:00:00,3166,3095.405,2.280638559413059,0,Normal,6.69
2020-10-02 13:00:00,3136,3000.99,4.498848713257965,0,Normal,13.19
2020-10-02 14:00:00,3103,2969.265,4.503976573327074,0,Normal,13.21
2020-10-02 15:00:00,2984,2944.21,1.351466097866659,0,Normal,3.96
2020-10-02 16:00:00,2817,2895.13,0.0,0,Normal,0.0
2020-10-02 17:00:00,2979,3033.185,0.0,0,Normal,0.0
2020-10-02 18:00:00,2991,3095.095,0.0,0,Normal,0.0
2020-10-02 19:00:00,2835,3083.55,0.0,0,Normal,0.0
2020-10-02 20:00:00,2788,2717.905,2.5790084642399123,0,Normal,7.56
2020-10-02 21:00:00,2283,2394.77,0.0,0,Normal,0.0
2020-10-02 22:00:00,1982,2007.305,0.0,0,Normal,0.0
2020-10-02 23:00:00,1798,1735.43,3.6054464887664692,0,Normal,10.57
2020-10-03 00:00:00,1831,1435.445,27.55626304038121,1,High,85.0
2020-10-03 01:00:00,1404,1303.57,7.704227621071371,0,Normal,22.59
2020-10-03 02:00:00,883,954.205,0.0,0,Normal,0.0
2020-10-03 03:00:00,731,509.535,43.464138871716365,1,High,85.0
2020-10-03 04:00:00,1002,787.195,27.287393847775952,2,High,90.0
2020-10-03 05:00:00,1020,1052.64,0.0,0,Normal,0.0
2020-10-03 06:00:00,875,1079.81,0.0,0,Normal,0.0
2020-10-03 07:00:00,956,1529.75,0.0,1,Normal,5.0
2020-10-03 08:00:00,2357,2309.795,2.0436878597451256,0,Normal,5.99
2020-10-03 09:00:00,3545,3373.24,5.091840485705145,0,Normal,14.93
2020-10-03 10:00:00,4229,3728.485,13.424085117681841,0,Warning,39.37
2020-10-03 11:00:00,4423,3920.81,12.808322770039865,0,Warning,37.56
2020-10-03 12:00:00,4403,3879.465,13.495030886990856,0,Warning,39.57
2020-10-03 13:00:00,3834,3788.8,1.19298986486486,0,Normal,3.5
2020-10-03 14:00:00,3636,3438.315,5.749473215804833,0,Normal,16.86
2020-10-03 15:00:00,3191,3324.67,0.0,0,Normal,0.0
2020-10-03 16:00:00,2827,2903.06,0.0,0,Normal,0.0
2020-10-03 17:00:00,2840,2881.76,0.0,0,Normal,0.0
2020-10-03 18:00:00,2554,2936.27,0.0,0,Normal,0.0
2020-10-03 19:00:00,2747,2506.625,9.589587592878871,0,Normal,28.12
2020-10-03 20:00:00,2436,2539.825,0.0,0,Normal,0.0
2020-10-03 21:00:00,1811,1935.39,0.0,0,Normal,0.0
2020-10-03 22:00:00,1377,1801.585,0.0,1,Normal,5.0
2020-10-03 23:00:00,1863,1753.605,6.238291975672969,0,Normal,18.29
2020-10-04 00:00:00,1627,1720.16,0.0,0,Normal,0.0
2020-10-04 01:00:00,965,1345.305,0.0,1,Normal,5.0
2020-10-04 02:00:00,1244,759.825,63.7219096502484,2,High,90.0
2020-10-04 03:00:00,1189,797.33,49.12269700124164,3,Critical,95.0
2020-10-04 04:00:00,817,899.52,0.0,0,Normal,0.0
2020-10-04 05:00:00,467,798.575,0.0,1,Normal,5.0
2020-10-04 06:00:00,581,724.855,0.0,0,Normal,0.0
2020-10-04 07:00:00,1841,1180.475,55.95417099049113,1,High,85.0
2020-10-04 08:00:00,2371,2529.06,0.0,0,Normal,0.0
2020-10-04 09:00:00,3398,3384.955,0.38538178498680403,0,Normal,1.13
2020-10-04 10:00:00,3913,3841.31,1.866290406137491,0,Normal,5.47
2020-10-04 11:00:00,3719,3945.325,0.0,0,Normal,0.0
2020-10-04 12:00:00,3792,3790.51,0.039308694608371476,0,Normal,0.12
2020-10-04 13:00:00,3481,3573.125,0.0,0,Normal,0.0
2020-10-04 14:00:00,3323,3275.135,1.461466473901069,0,Normal,4.29
2020-10-04 15:00:00,3067,2992.455,2.491098445924837,0,Normal,7.31
2020-10-04 16:00:00,2708,2860.085,0.0,0,Normal,0.0
2020-10-04 17:00:00,2897,2799.775,3.4726004768240273,0,Normal,10.18
2020-10-04 18:00:00,3103,2940.52,5.525553303497341,0,Normal,16.2
2020-10-04 19:00:00,3468,2959.685,17.174631759798764,0,Warning,50.36
2020-10-04 20:00:00,3118,2908.875,7.189205448841907,0,Normal,21.08
2020-10-04 21:00:00,2190,2255.385,0.0,0,Normal,0.0
2020-10-04 22:00:00,1915,1841.955,3.965623481572572,0,Normal,11.63
2020-10-04 23:00:00,1634,1705.625,0.0,0,Normal,0.0
2020-10-05 00:00:00,1373,1424.62,0.0,0,Normal,0.0
2020-10-05 01:00:00,1088,985.15,10.440034512510788,0,Normal,30.61
2020-10-05 02:00:00,913,955.565,0.0,0,Normal,0.0
2020-10-05 03:00:00,197,825.575,0.0,1,Normal,5.0
2020-10-05 04:00:00,719,786.4,0.0,0,Normal,0.0
2020-10-05 05:00:00,1346,1090.88,23.386623643297142,1,High,73.58
2020-10-05 06:00:00,2317,2095.685,10.560508855099886,0,Normal,30.97
2020-10-05 07:00:00,3602,3183.405,13.149285120806173,0,Warning,38.56
2020-10-05 08:00:00,3834,3548.905,8.03332295454513,0,Normal,23.56
2020-10-05 09:00:00,3680,3649.12,0.8462314201780184,0,Normal,2.48
2020-10-05 10:00:00,3445,3454.99,0.0,0,Normal,0.0
2020-10-05 11:00:00,3196,3285.95,0.0,0,Normal,0.0
2020-10-05 12:00:00,3204,3062.085,4.63458721753315,0,Normal,13.59
2020-10-05 13:00:00,3044,3052.165,0.0,0,Normal,0.0
2020-10-05 14:00:00,2920,2932.875,0.0,0,Normal,0.0
2020-10-05 15:00:00,2880,2807.18,2.594062368640421,0,Normal,7.61
2020-10-05 16:00:00,2675,2712.03,0.0,0,Normal,0.0
2020-10-05 17:00:00,2823,2829.67,0.0,0,Normal,0.0
2020-10-05 18:00:00,2801,2994.885,0.0,0,Normal,0.0
2020-10-05 19:00:00,2791,3030.065,0.0,0,Normal,0.0
2020-10-05 20:00:00,2881,2728.515,5.588571072543128,0,Normal,16.39
2020-10-05 21:00:00,2257,2472.605,0.0,0,Normal,0.0
2020-10-05 22:00:00,1955,2035.535,0.0,0,Normal,0.0
2020-10-05 23:00:00,1530,1660.405,0.0,0,Normal,0.0
2020-10-06 00:00:00,1426,1224.28,16.476622994739767,0,Warning,48.32
2020-10-06 01:00:00,1264,1076.77,17.388114453411593,0,Warning,50.99
2020-10-06 02:00:00,838,910.65,0.0,0,Normal,0.0
2020-10-06 03:00:00,449,542.37,0.0,0,Normal,0.0
2020-10-06 04:00:00,882,826.475,6.7182915393690035,0,Normal,19.7
2020-10-06 05:00:00,1263,1220.385,3.4919308251084704,0,Normal,10.24
2020-10-06 06:00:00,2219,2319.4,0.0,0,Normal,0.0
2020-10-06 07:00:00,3404,3346.5,1.718213058419244,0,Normal,5.04
2020-10-06 08:00:00,3474,3433.87,1.1686522786244125,0,Normal,3.43
2020-10-06 09:00:00,3581,3452.575,3.719687479634771,0,Normal,10.91
2020-10-06 10:00:00,3498,3460.885,1.072413558959624,0,Normal,3.14
2020-10-06 11:00:00,3193,3278.725,0.0,0,Normal,0.0
2020-10-06 12:00:00,3663,3023.33,21.157796204846978,0,High,62.04
2020-10-06 13:00:00,2989,3352.98,0.0,0,Normal,0.0
2020-10-06 14:00:00,3098,2872.035,7.867766235439337,0,Normal,23.07
2020-10-06 15:00:00,2873,2823.215,1.7634151136204594,0,Normal,5.17
2020-10-06 16:00:00,2185,2678.26,0.0,0,Normal,0.0
2020-10-06 17:00:00,2749,2442.175,12.563595974899416,0,Warning,36.84
2020-10-06 18:00:00,2955,2961.07,0.0,0,Normal,0.0
2020-10-06 19:00:00,3101,3046.665,1.7834254832743357,0,Normal,5.23
2020-10-06 20:00:00,3213,2932.335,9.571382533032548,0,Normal,28.07
2020-10-06 21:00:00,2400,2405.53,0.0,0,Normal,0.0
2020-10-06 22:00:00,2097,2028.225,3.390895980475544,0,Normal,9.94
2020-10-06 23:00:00,1618,1636.085,0.0,0,Normal,0.0
2020-10-07 00:00:00,1209,1458.135,0.0,0,Normal,0.0
2020-10-07 01:00:00,1333,1103.66,20.779950347027153,0,High,60.94
2020-10-07 02:00:00,1087,885.93,22.69592405720543,1,High,71.55
2020-10-07 03:00:00,648,808.875,0.0,0,Normal,0.0
2020-10-07 04:00:00,1322,799.85,65.2809901856598,1,High,85.0
2020-10-07 05:00:00,1692,1306.685,29.487979122741905,2,High,90.0
2020-10-07 06:00:00,2471,2334.1,5.865215714836558,0,Normal,17.2
2020-10-07 07:00:00,3401,3439.91,0.0,0,Normal,0.0
2020-10-07 08:00:00,3385,3422.975,0.0,0,Normal,0.0
2020-10-07 09:00:00,3349,3342.545,0.19311632304127327,0,Normal,0.57
2020-10-07 10:00:00,3133,3099.73,1.0733192890993726,0,Normal,3.15
2020-10-07 11:00:00,2997,2973.97,0.7743857537231446,0,Normal,2.27
2020-10-07 12:00:00,2811,2981.81,0.0,0,Normal,0.0
2020-10-07 13:00:00,2900,2755.5,5.244057339865723,0,Normal,15.38
2020-10-07 14:00:00,2787,2897.09,0.0,0,Normal,0.0
2020-10-07 15:00:00,2720,2693.205,0.9949112674304434,0,Normal,2.92
2020-10-07 16:00:00,2422,2599.845,0.0,0,Normal,0.0
2020-10-07 17:00:00,2906,2588.035,12.285962129569352,0,Warning,36.03
2020-10-07 18:00:00,3177,3041.085,4.469293031927749,0,Normal,13.11
2020-10-07 19:00:00,3304,3280.06,0.7298646975969969,0,Normal,2.14
2020-10-07 20:00:00,3022,3122.57,0.0,0,Normal,0.0
2020-10-07 21:00:00,2661,2603.55,2.2066025234775526,0,Normal,6.47
2020-10-07 22:00:00,2074,2104.775,0.0,0,Normal,0.0
2020-10-07 23:00:00,1689,1715.125,0.0,0,Normal,0.0
2020-10-08 00:00:00,1513,1241.275,21.890797768423585,0,High,64.19
2020-10-08 01:00:00,1220,1155.75,5.559160718148388,0,Normal,16.3
2020-10-08 02:00:00,1095,1012.23,8.176995346907322,0,Normal,23.98
2020-10-08 03:00:00,626,819.14,0.0,1,Normal,5.0
2020-10-08 04:00:00,903,1054.295,0.0,0,Normal,0.0
2020-10-08 05:00:00,1705,1640.145,3.9542235595023625,0,Normal,11.6
2020-10-08 06:00:00,2496,2534.22,0.0,0,Normal,0.0
2020-10-08 07:00:00,3298,3388.935,0.0,0,Normal,0.0
2020-10-08 08:00:00,3657,3349.665,9.175096614139026,0,Normal,26.91
2020-10-08 09:00:00,3150,3442.09,0.0,0,Normal,0.0
2020-10-08 10:00:00,2975,2946.665,0.9615955665133307,0,Normal,2.82
2020-10-08 11:00:00,3258,2887.64,12.825698494272144,0,Warning,37.61
2020-10-08 12:00:00,3104,2999.02,3.500476822428661,0,Normal,10.26
2020-10-08 13:00:00,2727,2930.36,0.0,0,Normal,0.0
2020-10-08 14:00:00,2939,2702.71,8.742706394692732,0,Normal,25.64
2020-10-08 15:00:00,2749,2756.185,0.0,0,Normal,0.0
2020-10-08 16:00:00,2658,2618.715,1.5001632480052183,0,Normal,4.4
2020-10-08 17:00:00,2833,2847.92,0.0,0,Normal,0.0
2020-10-08 18:00:00,2867,2974.57,0.0,0,Normal,0.0
2020-10-08 19:00:00,3052,3140.715,0.0,0,Normal,0.0
2020-10-08 20:00:00,3036,3053.52,0.0,0,Normal,0.0
2020-10-08 21:00:00,2457,2664.9,0.0,0,Normal,0.0
2020-10-08 22:00:00,1963,2017.72,0.0,0,Normal,0.0
2020-10-08 23:00:00,1577,1643.84,0.0,0,Normal,0.0
2020-10-09 00:00:00,1348,1415.255,0.0,0,Normal,0.0
2020-10-09 01:00:00,1330,1079.87,23.162973320862708,1,High,72.92
2020-10-09 02:00:00,987,1023.47,0.0,0,Normal,0.0
2020-10-09 03:00:00,429,712.26,0.0,1,Normal,5.0
2020-10-09 04:00:00,1009,871.87,15.728262240930412,0,Warning,46.12
2020-10-09 05:00:00,1733,1502.04,15.376421400229024,0,Warning,45.09
2020-10-09 06:00:00,2616,2356.94,10.991370166402197,0,Warning,32.23
2020-10-09 07:00:00,3458,3244.86,6.5685422483558575,0,Normal,19.26
2020-10-09 08:00:00,3590,3462.31,3.6880002079536514,0,Normal,10.81
2020-10-09 09:00:00,3241,3585.695,0.0,0,Normal,0.0
2020-10-09 10:00:00,3325,3046.53,9.140563198130325,0,Normal,26.8
2020-10-09 11:00:00,3076,3164.87,0.0,0,Normal,0.0
2020-10-09 12:00:00,3141,3016.13,4.140073537944316,0,Normal,12.14
2020-10-09 13:00:00,3217,2945.32,9.224125052625855,0,Normal,27.05
2020-10-09 14:00:00,3106,3014.61,3.031569589432791,0,Normal,8.89
2020-10-09 15:00:00,3029,2856.01,6.057051620967706,0,Normal,17.76
2020-10-09 16:00:00,3080,2759.435,11.617052041450517,0,Warning,34.07
2020-10-09 17:00:00,2924,2958.24,0.0,0,Normal,0.0
2020-10-09 18:00:00,3071,2956.245,3.8817824639026908,0,Normal,11.38
2020-10-09 19:00:00,3087,3045.365,1.367159601558441,0,Normal,4.01
2020-10-09 20:00:00,2672,2929.455,0.0,0,Normal,0.0
2020-10-09 21:00:00,2295,2239.23,2.4905882825792784,0,Normal,7.3
2020-10-09 22:00:00,1806,1980.53,0.0,0,Normal,0.0
2020-10-09 23:00:00,1728,1730.525,0.0,0,Normal,0.0
2020-10-10 00:00:00,1817,1511.545,20.208131415207614,0,High,59.26
2020-10-10 01:00:00,1537,1320.985,16.35257024114582,0,Warning,47.95
2020-10-10 02:00:00,1046,923.23,13.297878101881436,0,Warning,39.0
2020-10-10 03:00:00,1041,736.905,41.26651332261282,1,High,85.0
2020-10-10 04:00:00,1192,927.93,28.457965579300172,2,High,90.0
2020-10-10 05:00:00,1099,1128.82,0.0,0,Normal,0.0
2020-10-10 06:00:00,1134,993.845,14.10229965437266,0,Warning,41.35
2020-10-10 07:00:00,1723,1348.55,27.76686070223574,1,High,85.0
2020-10-10 08:00:00,2580,2860.9,0.0,0,Normal,0.0
2020-10-10 09:00:00,3887,3468.465,12.066865313618557,0,Warning,35.39
2020-10-10 10:00:00,4025,3940.625,2.141157811260904,0,Normal,6.28
2020-10-10 11:00:00,4061,3856.53,5.301916489694098,0,Normal,15.55
2020-10-10 12:00:00,3857,3828.31,0.7494168445084137,0,Normal,2.2
2020-10-10 13:00:00,3450,3703.535,0.0,0,Normal,0.0
2020-10-10 14:00:00,3146,3269.555,0.0,0,Normal,0.0
2020-10-10 15:00:00,3135,2971.205,5.512746511937078,0,Normal,16.17
2020-10-10 16:00:00,2970,2918.15,1.7768106505834145,0,Normal,5.21
2020-10-10 17:00:00,2784,2904.4,0.0,0,Normal,0.0
2020-10-10 18:00:00,3032,2789.505,8.69311938856535,0,Normal,25.49
2020-10-10 19:00:00,2854,2962.48,0.0,0,Normal,0.0
2020-10-10 20:00:00,2503,2555.91,0.0,0,Normal,0.0
2020-10-10 21:00:00,1834,2023.265,0.0,0,Normal,0.0
2020-10-10 22:00:00,1643,1653.065,0.0,0,Normal,0.0
2020-10-10 23:00:00,1611,1801.715,0.0,0,Normal,0.0
2020-10-11 00:00:00,1857,1416.19,31.126473142728017,1,High,85.0
2020-10-11 01:00:00,1180,1410.915,0.0,0,Normal,0.0
2020-10-11 02:00:00,651,1042.655,0.0,1,Normal,5.0
2020-10-11 03:00:00,875,943.175,0.0,0,Normal,0.0
2020-10-11 04:00:00,749,830.21,0.0,0,Normal,0.0
2020-10-11 05:00:00,827,752.88,9.844862395069601,0,Normal,28.87
2020-10-11 06:00:00,417,719.9,0.0,1,Normal,5.0
2020-10-11 07:00:00,1113,1318.15,0.0,0,Normal,0.0
2020-10-11 08:00:00,2244,2132.53,5.227124589103075,0,Normal,15.33
2020-10-11 09:00:00,3300,3363.13,0.0,0,Normal,0.0
2020-10-11 10:00:00,3825,3745.88,2.1121872563990274,0,Normal,6.19
2020-10-11 11:00:00,3883,3745.705,3.6653981026268774,0,Normal,10.75
2020-10-11 12:00:00,3700,3793.27,0.0,0,Normal,0.0
2020-10-11 13:00:00,3465,3472.44,0.0,0,Normal,0.0
2020-10-11 14:00:00,3153,3178.675,0.0,0,Normal,0.0
2020-10-11 15:00:00,2566,2919.61,0.0,0,Normal,0.0
2020-10-11 16:00:00,2650,2448.57,8.226434204454021,0,Normal,24.12
2020-10-11 17:00:00,2660,2750.225,0.0,0,Normal,0.0
2020-10-11 18:00:00,2919,2770.61,5.355860261819594,0,Normal,15.71
2020-10-11 19:00:00,2916,2939.925,0.0,0,Normal,0.0
2020-10-11 20:00:00,2217,2765.305,0.0,0,Normal,0.0
2020-10-11 21:00:00,1810,1963.18,0.0,0,Normal,0.0
2020-10-11 22:00:00,1764,1775.425,0.0,0,Normal,0.0
2020-10-11 23:00:00,1228,1633.825,0.0,1,Normal,5.0
2020-10-12 00:00:00,1300,1338.29,0.0,0,Normal,0.0
2020-10-12 01:00:00,864,1010.01,0.0,0,Normal,0.0
2020-10-12 02:00:00,357,734.115,0.0,1,Normal,5.0
2020-10-12 03:00:00,803,604.35,32.87002564738975,2,High,90.0
2020-10-12 04:00:00,1085,668.8,62.23086124401915,3,Critical,95.0
2020-10-12 05:00:00,1589,1268.12,25.30359902848312,4,High,94.2
2020-10-12 06:00:00,1995,2177.05,0.0,0,Normal,0.0
2020-10-12 07:00:00,2671,3374.4,0.0,0,Normal,0.0
2020-10-12 08:00:00,3364,3508.265,0.0,0,Normal,0.0
2020-10-12 09:00:00,3684,3496.965,5.348495052138063,0,Normal,15.68
2020-10-12 10:00:00,3448,3412.36,1.044438453152653,0,Normal,3.06
2020-10-12 11:00:00,3426,3263.625,4.975295874985637,0,Normal,14.59
2020-10-12 12:00:00,3422,3268.575,4.693941549451984,0,Normal,13.76
2020-10-12 13:00:00,3223,3194.33,0.8975278070831778,0,Normal,2.63
2020-10-12 14:00:00,2964,2949.385,0.49552703360191297,0,Normal,1.45
2020-10-12 15:00:00,2658,2759.195,0.0,0,Normal,0.0
2020-10-12 16:00:00,2622,2546.305,2.9727389295469386,0,Normal,8.72
2020-10-12 17:00:00,2659,2701.55,0.0,0,Normal,0.0
2020-10-12 18:00:00,2908,2950.995,0.0,0,Normal,0.0
2020-10-12 19:00:00,3036,2937.025,3.3699066231986414,0,Normal,9.88
2020-10-12 20:00:00,2738,2782.345,0.0,0,Normal,0.0
2020-10-12 21:00:00,2123,2167.55,0.0,0,Normal,0.0
2020-10-12 22:00:00,1904,1926.21,0.0,0,Normal,0.0
2020-10-12 23:00:00,1485,1513.62,0.0,0,Normal,0.0
2020-10-13 00:00:00,1513,1244.085,21.61548447252398,0,High,63.39
2020-10-13 01:00:00,1315,1060.925,23.948441218747796,1,High,75.23
2020-10-13 02:00:00,832,789.74,5.351128219413983,0,Normal,15.69
2020-10-13 03:00:00,446,787.29,0.0,1,Normal,5.0
2020-10-13 04:00:00,973,989.16,0.0,0,Normal,0.0
2020-10-13 05:00:00,1358,1339.395,1.389059986038474,0,Normal,4.07
2020-10-13 06:00:00,1817,2132.99,0.0,0,Normal,0.0
2020-10-13 07:00:00,2828,2783.15,1.6114833911215674,0,Normal,4.73
2020-10-13 08:00:00,3202,3409.62,0.0,0,Normal,0.0
2020-10-13 09:00:00,3754,3266.01,14.941472928741788,0,Warning,43.82
2020-10-13 10:00:00,3795,3550.74,6.879129420909451,0,Normal,20.17
2020-10-13 11:00:00,3578,3573.39,0.1290091481758254,0,Normal,0.38
2020-10-13 12:00:00,3425,3438.065,0.0,0,Normal,0.0
2020-10-13 13:00:00,3235,3156.75,2.4788152371901484,0,Normal,7.27
2020-10-13 14:00:00,2919,3020.095,0.0,0,Normal,0.0
2020-10-13 15:00:00,2652,2779.23,0.0,0,Normal,0.0
2020-10-13 16:00:00,2526,2492.08,1.3611120028249524,0,Normal,3.99
2020-10-13 17:00:00,2632,2671.765,0.0,0,Normal,0.0
2020-10-13 18:00:00,2567,2916.2,0.0,0,Normal,0.0
2020-10-13 19:00:00,3038,2832.65,7.24939544243023,0,Normal,21.26
2020-10-13 20:00:00,2636,2923.29,0.0,0,Normal,0.0
2020-10-13 21:00:00,2097,2270.82,0.0,0,Normal,0.0
2020-10-13 22:00:00,1782,1992.08,0.0,0,Normal,0.0
2020-10-13 23:00:00,1632,1491.675,9.407210015586509,0,Normal,27.59
2020-10-14 00:00:00,1537,1507.565,1.9524862941233012,0,Normal,5.73
2020-10-14 01:00:00,1148,1217.38,0.0,0,Normal,0.0
2020-10-14 02:00:00,693,854.03,0.0,0,Normal,0.0
2020-10-14 03:00:00,535,562.57,0.0,0,Normal,0.0
2020-10-14 04:00:00,984,937.79,4.927542413546747,0,Normal,14.45
2020-10-14 05:00:00,1093,1155.2,0.0,0,Normal,0.0
2020-10-14 06:00:00,1736,2036.99,0.0,0,Normal,0.0
2020-10-14 07:00:00,2592,2671.505,0.0,0,Normal,0.0
2020-10-14 08:00:00,3058,3291.865,0.0,0,Normal,0.0
2020-10-14 09:00:00,3400,3306.12,2.8395823503079174,0,Normal,8.33
2020-10-14 10:00:00,3225,3236.505,0.0,0,Normal,0.0
2020-10-14 11:00:00,2999,3093.14,0.0,0,Normal,0.0
2020-10-14 12:00:00,3122,2918.14,6.985956808103796,0,Normal,20.49
2020-10-14 13:00:00,2894,2964.54,0.0,0,Normal,0.0
2020-10-14 14:00:00,2709,2744.645,0.0,0,Normal,0.0
2020-10-14 15:00:00,2732,2558.58,6.7779784098992435,0,Normal,19.88
2020-10-14 16:00:00,2605,2554.565,1.9743087374954227,0,Normal,5.79
2020-10-14 17:00:00,2719,2691.17,1.0341227049944792,0,Normal,3.03
2020-10-14 18:00:00,3135,2813.855,11.412990363753641,0,Warning,33.47
2020-10-14 19:00:00,2973,3116.57,0.0,0,Normal,0.0
2020-10-14 20:00:00,2605,2824.045,0.0,0,Normal,0.0
2020-10-14 21:00:00,1957,2133.35,0.0,0,Normal,0.0
2020-10-14 22:00:00,1831,1859.58,0.0,0,Normal,0.0
2020-10-14 23:00:00,1644,1678.045,0.0,0,Normal,0.0
2020-10-15 00:00:00,1556,1460.465,6.5414097564816736,0,Normal,19.18
2020-10-15 01:00:00,1178,1095.855,7.495973463642542,0,Normal,21.98
2020-10-15 02:00:00,928,850.935,9.056508428963442,0,Normal,26.56
2020-10-15 03:00:00,539,622.47,0.0,0,Normal,0.0
2020-10-15 04:00:00,1034,869.82,18.875169575314427,0,Warning,55.35
2020-10-15 05:00:00,1433,1208.52,18.57478568827988,0,Warning,54.47
2020-10-15 06:00:00,1855,2146.8,0.0,0,Normal,0.0
2020-10-15 07:00:00,2359,2841.12,0.0,0,Normal,0.0
2020-10-15 08:00:00,3068,3193.05,0.0,0,Normal,0.0
2020-10-15 09:00:00,3407,3145.06,8.328616942125112,0,Normal,24.42
2020-10-15 10:00:00,3290,3105.645,5.936125989931239,0,Normal,17.41
2020-10-15 11:00:00,3163,3099.6,2.0454252161569264,0,Normal,6.0
2020-10-15 12:00:00,3074,3020.26,1.7793170124426299,0,Normal,5.22
2020-10-15 13:00:00,2886,2926.34,0.0,0,Normal,0.0
2020-10-15 14:00:00,2812,2805.22,0.24169227368977123,0,Normal,0.71
2020-10-15 15:00:00,2513,2691.64,0.0,0,Normal,0.0
2020-10-15 16:00:00,2473,2524.525,0.0,0,Normal,0.0
2020-10-15 17:00:00,2563,2623.33,0.0,0,Normal,0.0
2020-10-15 18:00:00,2727,2830.235,0.0,0,Normal,0.0
2020-10-15 19:00:00,3036,2876.545,5.543281958043414,0,Normal,16.26
2020-10-15 20:00:00,2657,2886.985,0.0,0,Normal,0.0
2020-10-15 21:00:00,2106,2180.63,0.0,0,Normal,0.0
2020-10-15 22:00:00,2094,1959.49,6.864541283701371,0,Normal,20.13
2020-10-15 23:00:00,1796,1806.805,0.0,0,Normal,0.0
2020-10-16 00:00:00,1490,1513.62,0.0,0,Normal,0.0
2020-10-16 01:00:00,1392,1186.04,17.365350241138582,0,Warning,50.92
2020-10-16 02:00:00,676,930.915,0.0,1,Normal,5.0
2020-10-16 03:00:00,645,599.035,7.673174355421643,0,Normal,22.5
2020-10-16 04:00:00,1208,939.63,28.56124219107521,1,High,85.0
2020-10-16 05:00:00,1353,1253.485,7.93906588431454,0,Normal,23.28
2020-10-16 06:00:00,1496,2001.83,0.0,1,Normal,5.0
2020-10-16 07:00:00,2323,2503.985,0.0,0,Normal,0.0
2020-10-16 08:00:00,3144,3336.76,0.0,0,Normal,0.0
2020-10-16 09:00:00,3568,3295.195,8.278872722251638,0,Normal,24.28
2020-10-16 10:00:00,3388,3408.255,0.0,0,Normal,0.0
2020-10-16 11:00:00,3346,3177.01,5.319152284695352,0,Normal,15.6
2020-10-16 12:00:00,3344,3155.55,5.9720175563689315,0,Normal,17.51
2020-10-16 13:00:00,3227,3172.17,1.7284697856672224,0,Normal,5.07
2020-10-16 14:00:00,3035,3019.405,0.5164924877583431,0,Normal,1.51
2020-10-16 15:00:00,2845,2914.005,0.0,0,Normal,0.0
2020-10-16 16:00:00,2841,2672.865,6.290441155838407,0,Normal,18.45
2020-10-16 17:00:00,2843,2826.315,0.5903446714184352,0,Normal,1.73
2020-10-16 18:00:00,2886,2895.915,0.0,0,Normal,0.0
2020-10-16 19:00:00,2936,2967.115,0.0,0,Normal,0.0
2020-10-16 20:00:00,2577,2666.265,0.0,0,Normal,0.0
2020-10-16 21:00:00,2021,2183.985,0.0,0,Normal,0.0
2020-10-16 22:00:00,2011,1937.105,3.8147131931413107,0,Normal,11.19
2020-10-16 23:00:00,1803,1845.045,0.0,0,Normal,0.0
2020-10-17 00:00:00,1755,1593.485,10.135959861561302,0,Normal,29.72
2020-10-17 01:00:00,1618,1457.555,11.007817886803581,0,Warning,32.28
2020-10-17 02:00:00,680,932.395,0.0,1,Normal,5.0
2020-10-17 03:00:00,816,818.71,0.0,0,Normal,0.0
2020-10-17 04:00:00,1042,1018.465,2.310830514548852,0,Normal,6.78
2020-10-17 05:00:00,865,968.53,0.0,0,Normal,0.0
2020-10-17 06:00:00,732,874.885,0.0,0,Normal,0.0
2020-10-17 07:00:00,1247,1629.855,0.0,1,Normal,5.0
2020-10-17 08:00:00,2460,2474.6,0.0,0,Normal,0.0
2020-10-17 09:00:00,3524,3472.05,1.4962342132169701,0,Normal,4.39
2020-10-17 10:00:00,4056,3667.43,10.595157917124531,0,Normal,31.07
2020-10-17 11:00:00,4038,3844.155,5.042590634352668,0,Normal,14.79
2020-10-17 12:00:00,3766,3793.015,0.0,0,Normal,0.0
2020-10-17 13:00:00,3611,3488.77,3.503527031016663,0,Normal,10.27
2020-10-17 14:00:00,3195,3236.365,0.0,0,Normal,0.0
2020-10-17 15:00:00,2941,2931.43,0.32646182920964045,0,Normal,0.96
2020-10-17 16:00:00,2820,2790.36,1.0622285296520833,0,Normal,3.11
2020-10-17 17:00:00,2736,2812.085,0.0,0,Normal,0.0
2020-10-17 18:00:00,2858,2842.64,0.540342779951036,0,Normal,1.58
2020-10-17 19:00:00,2792,2761.115,1.1185698531209392,0,Normal,3.28
2020-10-17 20:00:00,2346,2513.7,0.0,0,Normal,0.0
2020-10-17 21:00:00,1847,1773.15,4.164904266418516,0,Normal,12.21
2020-10-17 22:00:00,1609,1726.81,0.0,0,Normal,0.0
2020-10-17 23:00:00,1677,1665.765,0.6744648855030512,0,Normal,1.98
2020-10-18 00:00:00,2001,1699.03,17.77308228812911,0,Warning,52.12
2020-10-18 01:00:00,988,1375.905,0.0,1,Normal,5.0
2020-10-18 02:00:00,636,747.31,0.0,0,Normal,0.0
2020-10-18 03:00:00,949,737.62,28.657032076136762,1,High,85.0
2020-10-18 04:00:00,730,845.745,0.0,0,Normal,0.0
2020-10-18 05:00:00,512,742.135,0.0,1,Normal,5.0
2020-10-18 06:00:00,344,457.585,0.0,2,Normal,10.0
2020-10-18 07:00:00,1240,1118.02,10.910359385341946,0,Warning,31.99
2020-10-18 08:00:00,2365,2090.985,13.104589463817284,0,Warning,38.43
2020-10-18 09:00:00,3159,3326.845,0.0,0,Normal,0.0
2020-10-18 10:00:00,3851,3689.53,4.376438191314335,0,Normal,12.83
2020-10-18 11:00:00,3787,3830.325,0.0,0,Normal,0.0
2020-10-18 12:00:00,3781,3652.685,3.512895308519625,0,Normal,10.3
2020-10-18 13:00:00,3606,3532.315,2.0860257366627817,0,Normal,6.12
2020-10-18 14:00:00,3209,3282.97,0.0,0,Normal,0.0
2020-10-18 15:00:00,2869,2861.065,0.2773442756456056,0,Normal,0.81
2020-10-18 16:00:00,2701,2664.41,1.3732871442458237,0,Normal,4.03
2020-10-18 17:00:00,2536,2745.92,0.0,0,Normal,0.0
2020-10-18 18:00:00,3074,2768.175,11.0478925645958,0,Warning,32.4
2020-10-18 19:00:00,3312,2935.895,12.810573947637774,0,Warning,37.57
2020-10-18 20:00:00,2566,2825.99,0.0,0,Normal,0.0
2020-10-18 21:00:00,1994,1986.87,0.35885588891070425,0,Normal,1.05
2020-10-18 22:00:00,1630,1814.65,0.0,0,Normal,0.0
2020-10-18 23:00:00,1288,1526.915,0.0,0,Normal,0.0
2020-10-19 00:00:00,1426,1482.075,0.0,0,Normal,0.0
2020-10-19 01:00:00,1167,957.56,21.87225865742095,0,High,64.14
2020-10-19 02:00:00,644,773.66,0.0,0,Normal,0.0
2020-10-19 03:00:00,441,887.2,0.0,1,Normal,5.0
2020-10-19 04:00:00,805,777.5,3.536977491961415,0,Normal,10.37
2020-10-19 05:00:00,1352,1161.885,16.362634856289564,0,Warning,47.98
2020-10-19 06:00:00,1760,2058.2,0.0,0,Normal,0.0
2020-10-19 07:00:00,2437,2716.93,0.0,0,Normal,0.0
2020-10-19 08:00:00,3131,3107.94,0.741970565712335,0,Normal,2.18
2020-10-19 09:00:00,3649,3413.845,6.888274072197191,0,Normal,20.2
2020-10-19 10:00:00,3623,3413.4,6.140505068260383,0,Normal,18.01
2020-10-19 11:00:00,3513,3393.185,3.5310482629152276,0,Normal,10.35
2020-10-19 12:00:00,3445,3355.06,2.680727021275329,0,Normal,7.86
2020-10-19 13:00:00,3275,3264.87,0.31027269079626785,0,Normal,0.91
2020-10-19 14:00:00,3338,3057.33,9.180232425024453,0,Normal,26.92
2020-10-19 15:00:00,2985,2879.13,3.6771524731429244,0,Normal,10.78
2020-10-19 16:00:00,2676,2799.47,0.0,0,Normal,0.0
2020-10-19 17:00:00,2828,2796.01,1.1441303857997567,0,Normal,3.36
2020-10-19 18:00:00,2944,3004.245,0.0,0,Normal,0.0
2020-10-19 19:00:00,2948,3300.475,0.0,0,Normal,0.0
2020-10-19 20:00:00,2664,2755.65,0.0,0,Normal,0.0
2020-10-19 21:00:00,2092,2147.645,0.0,0,Normal,0.0
2020-10-19 22:00:00,2037,1974.04,3.189398391116697,0,Normal,9.35
2020-10-19 23:00:00,1611,1669.44,0.0,0,Normal,0.0
2020-10-20 00:00:00,1240,1410.15,0.0,0,Normal,0.0
2020-10-20 01:00:00,1244,1159.205,7.314927040514842,0,Normal,21.45
2020-10-20 02:00:00,1013,859.105,17.913409885869594,0,Warning,52.53
2020-10-20 03:00:00,436,699.055,0.0,1,Normal,5.0
2020-10-20 04:00:00,1011,829.205,21.924011553234717,0,High,64.29
2020-10-20 05:00:00,1336,1380.305,0.0,0,Normal,0.0
2020-10-20 06:00:00,1795,1794.49,0.028420331124720165,0,Normal,0.08
2020-10-20 07:00:00,2435,2643.92,0.0,0,Normal,0.0
2020-10-20 08:00:00,3347,3192.07,4.853590303470783,0,Normal,14.23
2020-10-20 09:00:00,3639,3476.94,4.66099501285613,0,Normal,13.67
2020-10-20 10:00:00,3744,3567.395,4.950531129858062,0,Normal,14.52
2020-10-20 11:00:00,3718,3551.205,4.696856419159133,0,Normal,13.77
2020-10-20 12:00:00,3555,3528.825,0.7417483156574833,0,Normal,2.18
2020-10-20 13:00:00,3326,3312.63,0.4036068018462639,0,Normal,1.18
2020-10-20 14:00:00,3200,3042.925,5.161974087432316,0,Normal,15.14
2020-10-20 15:00:00,2698,2872.245,0.0,0,Normal,0.0
2020-10-20 16:00:00,2642,2652.485,0.0,0,Normal,0.0
2020-10-20 17:00:00,2637,2789.645,0.0,0,Normal,0.0
2020-10-20 18:00:00,3065,2928.895,4.6469743708804865,0,Normal,13.63
2020-10-20 19:00:00,2953,3122.395,0.0,0,Normal,0.0
2020-10-20 20:00:00,2648,2738.245,0.0,0,Normal,0.0
2020-10-20 21:00:00,2351,2110.18,11.412296581334303,0,Warning,33.47
2020-10-20 22:00:00,1808,1972.14,0.0,0,Normal,0.0
2020-10-20 23:00:00,1599,1650.07,0.0,0,Normal,0.0
2020-10-21 00:00:00,1422,1351.67,5.203193087070064,0,Normal,15.26
2020-10-21 01:00:00,1307,1163.96,12.2890820990412,0,Warning,36.04
2020-10-21 02:00:00,923,833.29,10.765759819510619,0,Normal,31.57
2020-10-21 03:00:00,627,595.705,5.253439202289717,0,Normal,15.41
2020-10-21 04:00:00,1087,916.75,18.571038996454867,0,Warning,54.46
2020-10-21 05:00:00,1167,1220.135,0.0,0,Normal,0.0
2020-10-21 06:00:00,1666,1818.95,0.0,0,Normal,0.0
2020-10-21 07:00:00,2518,2511.025,0.2777750121962111,0,Normal,0.81
2020-10-21 08:00:00,3150,3197.81,0.0,0,Normal,0.0
2020-10-21 09:00:00,3417,3276.79,4.27888268701992,0,Normal,12.55
2020-10-21 10:00:00,3346,3295.4,1.535473690599014,0,Normal,4.5
2020-10-21 11:00:00,2961,3150.72,0.0,0,Normal,0.0
2020-10-21 12:00:00,3200,2955.5,8.272711893080697,0,Normal,24.26
2020-10-21 13:00:00,3057,3010.37,1.548979029155888,0,Normal,4.54
2020-10-21 14:00:00,2987,2892.65,3.261715036385318,0,Normal,9.56
2020-10-21 15:00:00,2939,2833.47,3.7244085873505,0,Normal,10.92
2020-10-21 16:00:00,2855,2680.93,6.492896121868164,0,Normal,19.04
2020-10-21 17:00:00,2978,2906.805,2.4492527018496313,0,Normal,7.18
2020-10-21 18:00:00,3033,3046.52,0.0,0,Normal,0.0
2020-10-21 19:00:00,3025,3149.505,0.0,0,Normal,0.0
2020-10-21 20:00:00,3085,2755.38,11.962778273777115,0,Warning,35.08
2020-10-21 21:00:00,2206,2434.06,0.0,0,Normal,0.0
2020-10-21 22:00:00,1986,1901.555,4.4408392079114165,0,Normal,13.02
2020-10-21 23:00:00,1563,1633.165,0.0,0,Normal,0.0
2020-10-22 00:00:00,1306,1401.66,0.0,0,Normal,0.0
2020-10-22 01:00:00,1358,1168.915,16.176112035520124,0,Warning,47.44
2020-10-22 02:00:00,1024,901.945,13.532421599986687,0,Warning,39.68
2020-10-22 03:00:00,530,709.24,0.0,1,Normal,5.0
2020-10-22 04:00:00,1061,958.68,10.673008720323784,0,Normal,31.3
2020-10-22 05:00:00,1585,1377.83,15.035962346588484,0,Warning,44.09
2020-10-22 06:00:00,1802,1755.24,2.6640231535288614,0,Normal,7.81
2020-10-22 07:00:00,2608,2441.28,6.829204351815433,0,Normal,20.03
2020-10-22 08:00:00,3379,3205.705,5.405831166623257,0,Normal,15.85
2020-10-22 09:00:00,3778,3458.99,9.222634352802414,0,Normal,27.04
2020-10-22 10:00:00,3624,3521.135,2.9213591640195498,0,Normal,8.57
2020-10-22 11:00:00,3358,3356.465,0.04573263835612332,0,Normal,0.13
2020-10-22 12:00:00,3346,3182.48,5.13813126869611,0,Normal,15.07
2020-10-22 13:00:00,3262,3076.47,6.0306130077654,0,Normal,17.68
2020-10-22 14:00:00,3000,2981.17,0.6316312051979568,0,Normal,1.85
2020-10-22 15:00:00,2856,2897.08,0.0,0,Normal,0.0
2020-10-22 16:00:00,2810,2745.025,2.367009407928886,0,Normal,6.94
2020-10-22 17:00:00,2764,2888.345,0.0,0,Normal,0.0
2020-10-22 18:00:00,2860,2902.275,0.0,0,Normal,0.0
2020-10-22 19:00:00,3012,3018.72,0.0,0,Normal,0.0
2020-10-22 20:00:00,2697,2849.2,0.0,0,Normal,0.0
2020-10-22 21:00:00,2131,2174.24,0.0,0,Normal,0.0
2020-10-22 22:00:00,2015,2020.03,0.0,0,Normal,0.0
2020-10-22 23:00:00,1845,1712.055,7.765229504893238,0,Normal,22.77
2020-10-23 00:00:00,1278,1500.305,0.0,0,Normal,0.0
2020-10-23 01:00:00,1299,1241.655,4.618432656414224,0,Normal,13.54
2020-10-23 02:00:00,985,816.505,20.636125926969218,0,High,60.51
2020-10-23 03:00:00,553,634.69,0.0,0,Normal,0.0
2020-10-23 04:00:00,1112,1019.725,9.049008311064256,0,Normal,26.54
2020-10-23 05:00:00,1471,1416.595,3.840547227683281,0,Normal,11.26
2020-10-23 06:00:00,1753,1673.21,4.768678169506515,0,Normal,13.98
2020-10-23 07:00:00,2412,2462.05,0.0,0,Normal,0.0
2020-10-23 08:00:00,3128,3229.285,0.0,0,Normal,0.0
2020-10-23 09:00:00,3580,3397.105,5.383848894867835,0,Normal,15.79
2020-10-23 10:00:00,3542,3452.045,2.605846679287203,0,Normal,7.64
2020-10-23 11:00:00,3449,3400.035,1.4401322339328904,0,Normal,4.22
2020-10-23 12:00:00,3402,3286.2,3.5238269125433686,0,Normal,10.33
2020-10-23 13:00:00,3209,3218.725,0.0,0,Normal,0.0
2020-10-23 14:00:00,3148,3044.67,3.3937996564488078,0,Normal,9.95
2020-10-23 15:00:00,3070,2853.185,7.5990515862098,0,Normal,22.28
2020-10-23 16:00:00,2899,2817.715,2.884784302173919,0,Normal,8.46
2020-10-23 17:00:00,2867,2937.895,0.0,0,Normal,0.0
2020-10-23 18:00:00,2813,2931.24,0.0,0,Normal,0.0
2020-10-23 19:00:00,2655,2886.735,0.0,0,Normal,0.0
2020-10-23 20:00:00,2563,2452.155,4.520309686785697,0,Normal,13.26
2020-10-23 21:00:00,2012,2102.725,0.0,0,Normal,0.0
2020-10-23 22:00:00,1849,1938.815,0.0,0,Normal,0.0
2020-10-23 23:00:00,1762,1830.715,0.0,0,Normal,0.0
2020-10-24 00:00:00,1611,1523.88,5.716985589416482,0,Normal,16.76
2020-10-24 01:00:00,1532,1436.075,6.679665059276149,0,Normal,19.59
2020-10-24 02:00:00,881,882.025,0.0,0,Normal,0.0
2020-10-24 03:00:00,600,803.005,0.0,1,Normal,5.0
2020-10-24 04:00:00,907,874.67,3.6962511575794346,0,Normal,10.84
2020-10-24 05:00:00,1025,931.53,10.034030036606447,0,Normal,29.42
2020-10-24 06:00:00,730,858.87,0.0,0,Normal,0.0
2020-10-24 07:00:00,1373,1305.78,5.147880960039212,0,Normal,15.1
2020-10-24 08:00:00,2572,2554.895,0.6694991379293481,0,Normal,1.96
2020-10-24 09:00:00,3754,3583.12,4.76902810958048,0,Normal,13.98
2020-10-24 10:00:00,4054,3897.765,4.008322718275733,0,Normal,11.75
2020-10-24 11:00:00,4140,3849.72,7.540288644368946,0,Normal,22.11
2020-10-24 12:00:00,3937,3819.815,3.067818729441084,0,Normal,9.0
2020-10-24 13:00:00,3568,3689.33,0.0,0,Normal,0.0
2020-10-24 14:00:00,3259,3275.025,0.0,0,Normal,0.0
2020-10-24 15:00:00,2988,2964.22,0.8022346519489175,0,Normal,2.35
2020-10-24 16:00:00,2955,2792.865,5.805328936414765,0,Normal,17.02
2020-10-24 17:00:00,3052,2904.375,5.08284914998924,0,Normal,14.91
2020-10-24 18:00:00,2973,2925.945,1.6081983769346258,0,Normal,4.72
2020-10-24 19:00:00,2696,2874.705,0.0,0,Normal,0.0
2020-10-24 20:00:00,2307,2375.485,0.0,0,Normal,0.0
2020-10-24 21:00:00,1932,1861.705,3.775839888704176,0,Normal,11.07
2020-10-24 22:00:00,1646,1818.11,0.0,0,Normal,0.0
2020-10-24 23:00:00,1638,1714.83,0.0,0,Normal,0.0
2020-10-25 00:00:00,1960,1773.135,10.538678668008924,0,Normal,30.9
2020-10-25 01:00:00,1226,1434.755,0.0,0,Normal,0.0
2020-10-25 02:00:00,635,847.77,0.0,1,Normal,5.0
2020-10-25 02:00:00,871,786.605,10.729019012083572,0,Normal,31.46
2020-10-25 03:00:00,679,845.61,0.0,0,Normal,0.0
2020-10-25 04:00:00,697,764.3,0.0,0,Normal,0.0
2020-10-25 05:00:00,362,623.735,0.0,1,Normal,5.0
2020-10-25 06:00:00,1056,998.06,5.805262208684855,0,Normal,17.02
2020-10-25 07:00:00,1815,2068.265,0.0,0,Normal,0.0
2020-10-25 08:00:00,2764,3059.245,0.0,0,Normal,0.0
2020-10-25 09:00:00,3560,3761.245,0.0,0,Normal,0.0
2020-10-25 10:00:00,3893,3884.7,0.21365871238448741,0,Normal,0.63
2020-10-25 11:00:00,3814,3819.2,0.0,0,Normal,0.0
2020-10-25 12:00:00,3734,3625.435,2.994537207259268,0,Normal,8.78
2020-10-25 13:00:00,3616,3441.4,5.073516592084614,0,Normal,14.88
2020-10-25 14:00:00,3195,3255.655,0.0,0,Normal,0.0
2020-10-25 15:00:00,2883,2780.88,3.67221886597048,0,Normal,10.77
2020-10-25 16:00:00,2803,2544.275,10.168908628194668,0,Normal,29.82
2020-10-25 17:00:00,3144,2951.06,6.537989739280126,0,Normal,19.17
2020-10-25 18:00:00,3375,3085.715,9.374974681718818,0,Normal,27.49
2020-10-25 19:00:00,2992,2878.2,3.9538600514210334,0,Normal,11.59
2020-10-25 20:00:00,2748,2297.35,19.61607939582563,0,Warning,57.52
2020-10-25 21:00:00,1816,1969.42,0.0,0,Normal,0.0
2020-10-25 22:00:00,1455,1603.875,0.0,0,Normal,0.0
2020-10-25 23:00:00,1364,1714.89,0.0,0,Normal,0.0
2020-10-26 00:00:00,1244,1099.025,13.191237687950675,0,Warning,38.68
2020-10-26 01:00:00,1107,795.21,39.20851095936922,1,High,85.0
2020-10-26 02:00:00,618,748.185,0.0,0,Normal,0.0
2020-10-26 03:00:00,102,757.065,0.0,1,Normal,5.0
2020-10-26 04:00:00,704,852.59,0.0,0,Normal,0.0
2020-10-26 05:00:00,1448,1122.285,29.022485375818075,1,High,85.0
2020-10-26 06:00:00,2386,2254.395,5.8377081212476085,0,Normal,17.12
2020-10-26 07:00:00,3758,3165.82,18.705422291854866,0,Warning,54.85
2020-10-26 08:00:00,3834,3746.185,2.344118082796233,0,Normal,6.87
2020-10-26 09:00:00,3584,3723.525,0.0,0,Normal,0.0
2020-10-26 10:00:00,3347,3436.46,0.0,0,Normal,0.0
2020-10-26 11:00:00,3038,3206.84,0.0,0,Normal,0.0
2020-10-26 12:00:00,3041,3130.945,0.0,0,Normal,0.0
2020-10-26 13:00:00,3050,3071.795,0.0,0,Normal,0.0
2020-10-26 14:00:00,2878,2964.69,0.0,0,Normal,0.0
2020-10-26 15:00:00,2635,2707.5,0.0,0,Normal,0.0
2020-10-26 16:00:00,2567,2572.205,0.0,0,Normal,0.0
2020-10-26 17:00:00,2792,2853.81,0.0,0,Normal,0.0
2020-10-26 18:00:00,2708,3019.38,0.0,0,Normal,0.0
2020-10-26 19:00:00,2786,2904.96,0.0,0,Normal,0.0
2020-10-26 20:00:00,2420,2545.345,0.0,0,Normal,0.0
2020-10-26 21:00:00,2050,2010.0,1.9900497512437811,0,Normal,5.84
2020-10-26 22:00:00,1839,1852.65,0.0,0,Normal,0.0
2020-10-26 23:00:00,1232,1613.34,0.0,1,Normal,5.0
2020-10-27 00:00:00,1186,1123.135,5.597279044816519,0,Normal,16.41
2020-10-27 01:00:00,1173,1043.61,12.398309713398694,0,Warning,36.36
2020-10-27 02:00:00,740,740.895,0.0,0,Normal,0.0
2020-10-27 03:00:00,570,674.93,0.0,0,Normal,0.0
2020-10-27 04:00:00,1057,812.09,30.157987415187964,1,High,85.0
2020-10-27 05:00:00,1434,1284.105,11.673110843739412,0,Warning,34.23
2020-10-27 06:00:00,2209,2396.37,0.0,0,Normal,0.0
2020-10-27 07:00:00,3378,3354.39,0.7038537558244606,0,Normal,2.06
2020-10-27 08:00:00,3589,3433.23,4.537126845565254,0,Normal,13.3
2020-10-27 09:00:00,3652,3614.38,1.0408424128066194,0,Normal,3.05
2020-10-27 10:00:00,3374,3559.76,0.0,0,Normal,0.0
2020-10-27 11:00:00,3233,3194.45,1.2067805099469449,0,Normal,3.54
2020-10-27 12:00:00,3017,3120.155,0.0,0,Normal,0.0
2020-10-27 13:00:00,2893,2969.795,0.0,0,Normal,0.0
2020-10-27 14:00:00,2677,2728.335,0.0,0,Normal,0.0
2020-10-27 15:00:00,2438,2571.86,0.0,0,Normal,0.0
2020-10-27 16:00:00,2573,2423.64,6.162631413906362,0,Normal,18.07
2020-10-27 17:00:00,2720,2770.085,0.0,0,Normal,0.0
2020-10-27 18:00:00,2964,2849.235,4.027923284671144,0,Normal,11.81
2020-10-27 19:00:00,2996,2920.94,2.5697207063479546,0,Normal,7.54
2020-10-27 20:00:00,2730,2578.955,5.856829607340961,0,Normal,17.17
2020-10-27 21:00:00,2142,2213.78,0.0,0,Normal,0.0
2020-10-27 22:00:00,1980,1897.415,4.35250063902731,0,Normal,12.76
2020-10-27 23:00:00,1405,1585.995,0.0,0,Normal,0.0
2020-10-28 00:00:00,1140,1110.755,2.6328938424765034,0,Normal,7.72
2020-10-28 01:00:00,1161,972.33,19.4039060812687,0,Warning,56.9
2020-10-28 02:00:00,1014,768.6,31.928181108508973,1,High,85.0
2020-10-28 03:00:00,387,856.62,0.0,2,Normal,10.0
2020-10-28 04:00:00,910,971.795,0.0,0,Normal,0.0
2020-10-28 05:00:00,1603,1277.965,25.433795135234543,1,High,79.58
2020-10-28 06:00:00,2342,2372.78,0.0,0,Normal,0.0
2020-10-28 07:00:00,3443,3269.775,5.29776513674488,0,Normal,15.54
2020-10-28 08:00:00,3425,3441.22,0.0,0,Normal,0.0
2020-10-28 09:00:00,3322,3374.79,0.0,0,Normal,0.0
2020-10-28 10:00:00,3050,3053.55,0.0,0,Normal,0.0
2020-10-28 11:00:00,3026,3069.35,0.0,0,Normal,0.0
2020-10-28 12:00:00,2986,2924.075,2.117763737250248,0,Normal,6.21
2020-10-28 13:00:00,2811,2919.29,0.0,0,Normal,0.0
2020-10-28 14:00:00,2846,2758.91,3.1566814430336674,0,Normal,9.26
2020-10-28 15:00:00,2722,2632.15,3.4135592576410883,0,Normal,10.01
2020-10-28 16:00:00,2637,2553.37,3.2752793367197124,0,Normal,9.6
2020-10-28 17:00:00,2985,2763.95,7.997612113099015,0,Normal,23.45
2020-10-28 18:00:00,3011,3076.45,0.0,0,Normal,0.0
2020-10-28 19:00:00,2964,3103.995,0.0,0,Normal,0.0
2020-10-28 20:00:00,2744,2618.02,4.812033521516261,0,Normal,14.11
2020-10-28 21:00:00,2154,2168.29,0.0,0,Normal,0.0
2020-10-28 22:00:00,1844,1901.59,0.0,0,Normal,0.0
2020-10-28 23:00:00,1389,1586.135,0.0,0,Normal,0.0
2020-10-29 00:00:00,1004,1225.125,0.0,0,Normal,0.0
2020-10-29 01:00:00,1132,1028.945,10.015598501377632,0,Normal,29.37
2020-10-29 02:00:00,967,854.045,13.225883881996856,0,Warning,38.78
2020-10-29 03:00:00,375,754.78,0.0,1,Normal,5.0
2020-10-29 04:00:00,880,903.225,0.0,0,Normal,0.0
2020-10-29 05:00:00,1740,1301.83,33.65800450135579,1,High,85.0
2020-10-29 06:00:00,2322,2504.795,0.0,0,Normal,0.0
2020-10-29 07:00:00,3339,3342.915,0.0,0,Normal,0.0
2020-10-29 08:00:00,3490,3429.37,1.7679632119018975,0,Normal,5.18
2020-10-29 09:00:00,3401,3557.47,0.0,0,Normal,0.0
2020-10-29 10:00:00,3293,3244.545,1.4934297413042485,0,Normal,4.38
2020-10-29 11:00:00,3016,3117.03,0.0,0,Normal,0.0
2020-10-29 12:00:00,2995,2938.455,1.924310564565395,0,Normal,5.64
2020-10-29 13:00:00,2967,2924.825,1.441966613387132,0,Normal,4.23
2020-10-29 14:00:00,2706,2825.225,0.0,0,Normal,0.0
2020-10-29 15:00:00,2635,2623.1,0.45366169799093026,0,Normal,1.33
2020-10-29 16:00:00,2573,2600.015,0.0,0,Normal,0.0
2020-10-29 17:00:00,2298,2780.77,0.0,0,Normal,0.0
2020-10-29 18:00:00,2899,2842.095,2.002220193202557,0,Normal,5.87
2020-10-29 19:00:00,3024,2928.57,3.258586955408265,0,Normal,9.56
2020-10-29 20:00:00,2659,2625.775,1.2653407089335493,0,Normal,3.71
2020-10-29 21:00:00,2222,2168.845,2.4508436518054637,0,Normal,7.19
2020-10-29 22:00:00,1926,1944.445,0.0,0,Normal,0.0
2020-10-29 23:00:00,1434,1653.735,0.0,0,Normal,0.0
2020-10-30 00:00:00,1174,1068.505,9.873140509403314,0,Normal,28.95
2020-10-30 01:00:00,1210,1052.14,15.003706731043387,0,Warning,44.0
2020-10-30 02:00:00,889,801.395,10.931563086867278,0,Warning,32.06
2020-10-30 03:00:00,505,744.07,0.0,1,Normal,5.0
2020-10-30 04:00:00,1015,897.225,13.12658474741564,0,Warning,38.49
2020-10-30 05:00:00,1519,1590.005,0.0,0,Normal,0.0
2020-10-30 06:00:00,2180,2346.575,0.0,0,Normal,0.0
2020-10-30 07:00:00,3212,3188.565,0.7349701197874261,0,Normal,2.16
2020-10-30 08:00:00,3310,3420.135,0.0,0,Normal,0.0
2020-10-30 09:00:00,3364,3431.97,0.0,0,Normal,0.0
2020-10-30 10:00:00,3156,3317.465,0.0,0,Normal,0.0
2020-10-30 11:00:00,3110,3072.77,1.2116103710983908,0,Normal,3.55
2020-10-30 12:00:00,3138,3014.985,4.0801198015910485,0,Normal,11.96
2020-10-30 13:00:00,2958,2974.705,0.0,0,Normal,0.0
2020-10-30 14:00:00,2966,2823.445,5.048973859947682,0,Normal,14.81
2020-10-30 15:00:00,2806,2778.34,0.9955584989598053,0,Normal,2.92
2020-10-30 16:00:00,2811,2668.095,5.356068655726284,0,Normal,15.71
2020-10-30 17:00:00,2881,2810.595,2.5049855991347103,0,Normal,7.35
2020-10-30 18:00:00,2794,2895.4,0.0,0,Normal,0.0
2020-10-30 19:00:00,2841,2710.915,4.798564322378239,0,Normal,14.07
2020-10-30 20:00:00,2307,2374.0,0.0,0,Normal,0.0
2020-10-30 21:00:00,1948,1982.25,0.0,0,Normal,0.0
2020-10-30 22:00:00,1582,1872.18,0.0,0,Normal,0.0
2020-10-30 23:00:00,1632,1543.29,5.748109558151744,0,Normal,16.86
2020-10-31 00:00:00,1605,1280.61,25.330896994401115,1,High,79.28
2020-10-31 01:00:00,1341,1198.805,11.861395306159043,0,Warning,34.78
2020-10-31 02:00:00,617,821.315,0.0,1,Normal,5.0
2020-10-31 03:00:00,547,726.925,0.0,2,Normal,10.0
2020-10-31 04:00:00,1042,822.22,26.730072243438492,3,High,93.38
2020-10-31 05:00:00,983,901.815,9.002400714115415,0,Normal,26.4
2020-10-31 06:00:00,594,1243.38,0.0,1,Normal,5.0
2020-10-31 07:00:00,1591,1766.48,0.0,0,Normal,0.0
2020-10-31 08:00:00,2989,2738.32,9.15451809868824,0,Normal,26.85
2020-10-31 09:00:00,3895,3762.065,3.533564677909604,0,Normal,10.36
2020-10-31 10:00:00,4254,3924.015,8.409371523809163,0,Normal,24.66
2020-10-31 11:00:00,3957,3961.705,0.0,0,Normal,0.0
2020-10-31 12:00:00,3838,3676.57,4.390777273382523,0,Normal,12.88
2020-10-31 13:00:00,3471,3483.0,0.0,0,Normal,0.0
2020-10-31 14:00:00,3307,3085.15,7.190898335575252,0,Normal,21.09
2020-10-31 15:00:00,3097,3009.915,2.893271072438924,0,Normal,8.48
2020-10-31 16:00:00,2772,2915.745,0.0,0,Normal,0.0
2020-10-31 17:00:00,2958,2823.47,4.7647044239889285,0,Normal,13.97
2020-10-31 18:00:00,2826,2879.125,0.0,0,Normal,0.0
2020-10-31 19:00:00,2475,2737.915,0.0,0,Normal,0.0
2020-10-31 20:00:00,2226,2087.115,6.65440093142928,0,Normal,19.51
2020-10-31 21:00:00,1666,1763.97,0.0,0,Normal,0.0
2020-10-31 22:00:00,1423,1670.63,0.0,0,Normal,0.0
2020-10-31 23:00:00,1767,1698.995,4.00266039629311,0,Normal,11.74
2020-11-01 00:00:00,1846,1477.085,24.97588155048626,1,High,78.24
2020-11-01 01:00:00,1013,1119.08,0.0,0,Normal,0.0
2020-11-01 02:00:00,558,881.375,0.0,1,Normal,5.0
2020-11-01 03:00:00,908,633.595,43.30921172042076,2,High,90.0
2020-11-01 04:00:00,885,773.565,14.40538287021775,0,Warning,42.24
2020-11-01 05:00:00,548,566.97,0.0,0,Normal,0.0
2020-11-01 06:00:00,331,826.05,0.0,1,Normal,5.0
2020-11-01 07:00:00,1543,1179.31,30.83921954363145,2,High,90.0
2020-11-01 08:00:00,2343,2429.295,0.0,0,Normal,0.0
2020-11-01 09:00:00,3356,3348.935,0.21096258959938172,0,Normal,0.62
2020-11-01 10:00:00,4005,3782.81,5.873675918166656,0,Normal,17.22
2020-11-01 11:00:00,3790,3905.18,0.0,0,Normal,0.0
2020-11-01 12:00:00,3853,3645.295,5.697892763137138,0,Normal,16.71
2020-11-01 13:00:00,3515,3640.685,0.0,0,Normal,0.0
2020-11-01 14:00:00,3360,3212.16,4.602510460251051,0,Normal,13.5
2020-11-01 15:00:00,3082,2974.19,3.624852480843522,0,Normal,10.63
2020-11-01 16:00:00,2778,2829.465,0.0,0,Normal,0.0
2020-11-01 17:00:00,3150,2952.345,6.694847654999676,0,Normal,19.63
2020-11-01 18:00:00,3031,3107.855,0.0,0,Normal,0.0
2020-11-01 19:00:00,2824,2996.59,0.0,0,Normal,0.0
2020-11-01 20:00:00,2719,2717.1,0.06992749622759895,0,Normal,0.21
2020-11-01 21:00:00,1900,2004.645,0.0,0,Normal,0.0
2020-11-01 22:00:00,1537,1678.365,0.0,0,Normal,0.0
2020-11-01 23:00:00,1328,1571.995,0.0,0,Normal,0.0
2020-11-02 00:00:00,1131,1353.025,0.0,0,Normal,0.0
2020-11-02 01:00:00,918,848.925,8.136761197985694,0,Normal,23.86
2020-11-02 02:00:00,507,645.61,0.0,0,Normal,0.0
2020-11-02 03:00:00,287,716.19,0.0,1,Normal,5.0
2020-11-02 04:00:00,1006,768.67,30.8754081725578,2,High,90.0
2020-11-02 05:00:00,1298,1255.52,3.3834586466165426,0,Normal,9.92
2020-11-02 06:00:00,2378,2051.4,15.920834552013256,0,Warning,46.69
2020-11-02 07:00:00,3699,3401.77,8.73751017852471,0,Normal,25.62
2020-11-02 08:00:00,3782,3739.21,1.1443593700273578,0,Normal,3.36
2020-11-02 09:00:00,3565,3714.665,0.0,0,Normal,0.0
2020-11-02 10:00:00,3297,3376.795,0.0,0,Normal,0.0
2020-11-02 11:00:00,3253,3163.16,2.8401977769066424,0,Normal,8.33
2020-11-02 12:00:00,3132,3090.13,1.3549591764747726,0,Normal,3.97
2020-11-02 13:00:00,3143,3094.645,1.562537867832983,0,Normal,4.58
2020-11-02 14:00:00,2946,2954.055,0.0,0,Normal,0.0
2020-11-02 15:00:00,2790,2799.74,0.0,0,Normal,0.0
2020-11-02 16:00:00,2718,2717.955,0.0016556565506078195,0,Normal,0.0
2020-11-02 17:00:00,2930,2904.515,0.8774270403148247,0,Normal,2.57
2020-11-02 18:00:00,3267,3078.365,6.127765875716499,0,Normal,17.97
2020-11-02 19:00:00,2989,2926.39,2.1394961027067523,0,Normal,6.27
2020-11-02 20:00:00,2530,2643.79,0.0,0,Normal,0.0
2020-11-02 21:00:00,2044,2081.43,0.0,0,Normal,0.0
2020-11-02 22:00:00,1811,1920.815,0.0,0,Normal,0.0
2020-11-02 23:00:00,1486,1576.94,0.0,0,Normal,0.0
2020-11-03 00:00:00,1499,1125.715,33.15981398488962,1,High,85.0
2020-11-03 01:00:00,1203,1056.24,13.894569416041808,0,Warning,40.75
2020-11-03 02:00:00,752,823.82,0.0,0,Normal,0.0
2020-11-03 03:00:00,460,593.305,0.0,1,Normal,5.0
2020-11-03 04:00:00,1052,890.8,18.096093399191744,0,Warning,53.07
2020-11-03 05:00:00,1693,1381.71,22.52932959883043,1,High,71.07
2020-11-03 06:00:00,2172,2279.505,0.0,0,Normal,0.0
2020-11-03 07:00:00,3444,3321.205,3.697302635639778,0,Normal,10.84
2020-11-03 08:00:00,3619,3460.66,4.575427808568312,0,Normal,13.42
2020-11-03 09:00:00,3733,3619.76,3.128384202267547,0,Normal,9.17
2020-11-03 10:00:00,3770,3506.13,7.525961672841562,0,Normal,22.07
2020-11-03 11:00:00,3520,3514.98,0.1428173133275291,0,Normal,0.42
2020-11-03 12:00:00,3551,3311.27,7.239820371035888,0,Normal,21.23
2020-11-03 13:00:00,3414,3344.775,2.0696459403098837,0,Normal,6.07
2020-11-03 14:00:00,2897,3006.475,0.0,0,Normal,0.0
2020-11-03 15:00:00,2778,2771.79,0.22404294697650384,0,Normal,0.66
2020-11-03 16:00:00,2668,2678.88,0.0,0,Normal,0.0
2020-11-03 17:00:00,2976,2819.375,5.555309244070051,0,Normal,16.29
2020-11-03 18:00:00,3310,3246.71,1.9493579654480988,0,Normal,5.72
2020-11-03 19:00:00,3170,3108.31,1.9846797777570466,0,Normal,5.82
2020-11-03 20:00:00,3205,2698.78,18.75736443874639,0,Warning,55.01
2020-11-03 21:00:00,2251,2338.62,0.0,0,Normal,0.0
2020-11-03 22:00:00,1999,1950.2,2.5023074556455724,0,Normal,7.34
2020-11-03 23:00:00,1434,1665.635,0.0,0,Normal,0.0
2020-11-04 00:00:00,1302,1310.335,0.0,0,Normal,0.0
2020-11-04 01:00:00,1125,1119.14,0.5236163482674107,0,Normal,1.54
2020-11-04 02:00:00,804,870.565,0.0,0,Normal,0.0
2020-11-04 03:00:00,597,540.95,10.36140123856178,0,Normal,30.38
2020-11-04 04:00:00,1330,836.815,58.93596553599062,1,High,85.0
2020-11-04 05:00:00,1426,1586.925,0.0,0,Normal,0.0
2020-11-04 06:00:00,2108,2290.095,0.0,0,Normal,0.0
2020-11-04 07:00:00,3611,3301.33,9.380158905653179,0,Normal,27.51
2020-11-04 08:00:00,3783,3595.755,5.207390381157779,0,Normal,15.27
2020-11-04 09:00:00,3667,3580.12,2.4267342994089613,0,Normal,7.12
2020-11-04 10:00:00,3510,3308.98,6.0749838318756835,0,Normal,17.81
2020-11-04 11:00:00,3283,3339.535,0.0,0,Normal,0.0
2020-11-04 12:00:00,3246,3085.705,5.19476100275302,0,Normal,15.23
2020-11-04 13:00:00,2948,2963.56,0.0,0,Normal,0.0
2020-11-04 14:00:00,2980,2879.47,3.4912674901978558,0,Normal,10.24
2020-11-04 15:00:00,2766,2836.31,0.0,0,Normal,0.0
2020-11-04 16:00:00,2697,2731.955,0.0,0,Normal,0.0
2020-11-04 17:00:00,3058,2832.815,7.949160111055608,0,Normal,23.31
2020-11-04 18:00:00,3211,3167.415,1.3760432403079494,0,Normal,4.04
2020-11-04 19:00:00,3264,3112.325,4.873366374013003,0,Normal,14.29
2020-11-04 20:00:00,2838,3021.85,0.0,0,Normal,0.0
2020-11-04 21:00:00,2259,2272.02,0.0,0,Normal,0.0
2020-11-04 22:00:00,1346,1986.7,0.0,1,Normal,5.0
2020-11-04 23:00:00,1523,1532.91,0.0,0,Normal,0.0
2020-11-05 00:00:00,1745,1178.905,48.018712279615414,1,High,85.0
2020-11-05 01:00:00,1096,1209.29,0.0,0,Normal,0.0
2020-11-05 02:00:00,769,822.205,0.0,0,Normal,0.0
2020-11-05 03:00:00,390,690.87,0.0,1,Normal,5.0
2020-11-05 04:00:00,1068,966.735,10.474949184626603,0,Normal,30.72
2020-11-05 05:00:00,1640,1322.005,24.05399374435043,1,High,75.54
2020-11-05 06:00:00,2284,2282.9,0.04818432695255635,0,Normal,0.14
2020-11-05 07:00:00,3636,3360.8,8.188526541299684,0,Normal,24.01
2020-11-05 08:00:00,3390,3609.42,0.0,0,Normal,0.0
2020-11-05 09:00:00,3448,3378.475,2.0578811445992673,0,Normal,6.03
2020-11-05 10:00:00,3516,3227.03,8.954673492344346,0,Normal,26.26
2020-11-05 11:00:00,3245,3287.955,0.0,0,Normal,0.0
2020-11-05 12:00:00,3206,3013.91,6.373448444047771,0,Normal,18.69
2020-11-05 13:00:00,3150,2995.905,5.143520906036733,0,Normal,15.08
2020-11-05 14:00:00,2939,2905.075,1.1677839642694314,0,Normal,3.42
2020-11-05 15:00:00,2974,2807.13,5.944505598244467,0,Normal,17.43
2020-11-05 16:00:00,2793,2779.885,0.471782106094309,0,Normal,1.38
2020-11-05 17:00:00,3025,2876.3,5.169836247957439,0,Normal,15.16
2020-11-05 18:00:00,3169,3202.25,0.0,0,Normal,0.0
2020-11-05 19:00:00,3224,3112.295,3.5891520566013155,0,Normal,10.53
2020-11-05 20:00:00,2881,2905.6,0.0,0,Normal,0.0
2020-11-05 21:00:00,2158,2268.075,0.0,0,Normal,0.0
2020-11-05 22:00:00,1839,1837.615,0.07536943266135675,0,Normal,0.22
2020-11-05 23:00:00,1453,1592.75,0.0,0,Normal,0.0
2020-11-06 00:00:00,1478,1394.955,5.95323863493805,0,Normal,17.46
2020-11-06 01:00:00,1018,1133.325,0.0,0,Normal,0.0
2020-11-06 02:00:00,351,802.645,0.0,1,Normal,5.0
2020-11-06 03:00:00,554,570.38,0.0,0,Normal,0.0
2020-11-06 04:00:00,936,971.445,0.0,0,Normal,0.0
2020-11-06 05:00:00,1500,1380.66,8.643692147233924,0,Normal,25.35
2020-11-06 06:00:00,2099,2226.4,0.0,0,Normal,0.0
2020-11-06 07:00:00,3389,3259.055,3.9871987431939675,0,Normal,11.69
2020-11-06 08:00:00,3653,3382.28,8.004068261645985,0,Normal,23.47
2020-11-06 09:00:00,3597,3456.54,4.063601173427764,0,Normal,11.92
2020-11-06 10:00:00,3508,3326.64,5.451747108193256,0,Normal,15.99
2020-11-06 11:00:00,3273,3328.595,0.0,0,Normal,0.0
2020-11-06 12:00:00,3299,3051.285,8.118382910806437,0,Normal,23.81
2020-11-06 13:00:00,3260,3094.62,5.344113332170028,0,Normal,15.67
2020-11-06 14:00:00,3179,2941.045,8.090831660175207,0,Normal,23.73
2020-11-06 15:00:00,3124,2852.655,9.512015999130627,0,Normal,27.89
2020-11-06 16:00:00,2928,2790.25,4.936833617059403,0,Normal,14.48
2020-11-06 17:00:00,3179,2994.285,6.168918456325972,0,Normal,18.09
2020-11-06 18:00:00,3165,3013.86,5.014831478569007,0,Normal,14.71
2020-11-06 19:00:00,2915,3034.975,0.0,0,Normal,0.0
2020-11-06 20:00:00,2484,2509.68,0.0,0,Normal,0.0
2020-11-06 21:00:00,1904,1994.895,0.0,0,Normal,0.0
2020-11-06 22:00:00,1809,1792.765,0.9055843905921802,0,Normal,2.66
2020-11-06 23:00:00,1649,1558.18,5.828594899177241,0,Normal,17.09
2020-11-07 00:00:00,1785,1539.82,15.922640308607505,0,Warning,46.69
2020-11-07 01:00:00,1296,1312.015,0.0,0,Normal,0.0
2020-11-07 02:00:00,491,862.705,0.0,1,Normal,5.0
2020-11-07 03:00:00,838,560.835,49.42006115880784,2,High,90.0
2020-11-07 04:00:00,1096,906.06,20.96329161424189,0,High,61.47
2020-11-07 05:00:00,1151,1022.635,12.552376947786845,0,Warning,36.81
2020-11-07 06:00:00,925,996.23,0.0,0,Normal,0.0
2020-11-07 07:00:00,1698,1512.635,12.25444340505145,0,Warning,35.94
2020-11-07 08:00:00,3243,2769.25,17.107520086666064,0,Warning,50.17
2020-11-07 09:00:00,4135,4004.4,3.2614124463090572,0,Normal,9.56
2020-11-07 10:00:00,4368,4044.995,7.985300352658041,0,Normal,23.42
2020-11-07 11:00:00,4240,3939.71,7.622134624122079,0,Normal,22.35
2020-11-07 12:00:00,3791,3882.04,0.0,0,Normal,0.0
2020-11-07 13:00:00,3618,3525.795,2.61515487996324,0,Normal,7.67
2020-11-07 14:00:00,3407,3352.735,1.6185293499187938,0,Normal,4.75
2020-11-07 15:00:00,3296,3121.73,5.582481508650652,0,Normal,16.37
2020-11-07 16:00:00,3159,2998.52,5.35197364032923,0,Normal,15.69
2020-11-07 17:00:00,3165,3111.625,1.715341662314707,0,Normal,5.03
2020-11-07 18:00:00,3132,3091.66,1.3048006572520958,0,Normal,3.83
2020-11-07 19:00:00,2561,2885.155,0.0,0,Normal,0.0
2020-11-07 20:00:00,2261,2243.33,0.7876683323452223,0,Normal,2.31
2020-11-07 21:00:00,1861,1752.165,6.211458395756109,0,Normal,18.21
2020-11-07 22:00:00,1279,1670.89,0.0,1,Normal,5.0
2020-11-07 23:00:00,1730,1672.605,3.4314736593517288,0,Normal,10.06
2020-11-08 00:00:00,1875,1732.0,8.25635103926097,0,Normal,24.21
2020-11-08 01:00:00,920,1187.625,0.0,1,Normal,5.0
2020-11-08 02:00:00,702,615.09,14.129639564941709,0,Warning,41.43
2020-11-08 03:00:00,1056,823.045,28.30404169881356,1,High,85.0
2020-11-08 04:00:00,1110,885.39,25.368481686036663,2,High,84.39
2020-11-08 05:00:00,931,911.74,2.112444337201394,0,Normal,6.19
2020-11-08 06:00:00,708,781.165,0.0,0,Normal,0.0
2020-11-08 07:00:00,1829,1328.31,37.6937612454924,1,High,85.0
2020-11-08 08:00:00,2751,2792.77,0.0,0,Normal,0.0
2020-11-08 09:00:00,3722,3640.57,2.2367376537190555,0,Normal,6.56
2020-11-08 10:00:00,4243,4027.65,5.346790311968515,0,Normal,15.68
2020-11-08 11:00:00,4097,4161.555,0.0,0,Normal,0.0
2020-11-08 12:00:00,3924,3865.115,1.5234993007970066,0,Normal,4.47
2020-11-08 13:00:00,3631,3655.42,0.0,0,Normal,0.0
2020-11-08 14:00:00,3237,3372.91,0.0,0,Normal,0.0
2020-11-08 15:00:00,3031,2958.655,2.4451989163995056,0,Normal,7.17
2020-11-08 16:00:00,2742,2725.215,0.6159147076469143,0,Normal,1.81
2020-11-08 17:00:00,3166,2797.84,13.158722443027473,0,Warning,38.59
2020-11-08 18:00:00,3266,3121.56,4.627173592690836,0,Normal,13.57
2020-11-08 19:00:00,3102,2884.185,7.552046765377396,0,Normal,22.15
2020-11-08 20:00:00,2624,2750.125,0.0,0,Normal,0.0
2020-11-08 21:00:00,1870,1963.625,0.0,0,Normal,0.0
2020-11-08 22:00:00,1699,1597.77,6.335705389386459,0,Normal,18.58
2020-11-08 23:00:00,1390,1600.735,0.0,0,Normal,0.0
2020-11-09 00:00:00,1376,1354.325,1.6004282576191058,0,Normal,4.69
2020-11-09 01:00:00,1043,928.79,12.296644020715128,0,Warning,36.06
2020-11-09 02:00:00,730,750.99,0.0,0,Normal,0.0
2020-11-09 03:00:00,456,856.165,0.0,1,Normal,5.0
2020-11-09 04:00:00,1077,953.52,12.949911905361189,0,Warning,37.97
2020-11-09 05:00:00,1530,1314.325,16.409563844558992,0,Warning,48.12
2020-11-09 06:00:00,2293,2208.905,3.8070899382273025,0,Normal,11.16
2020-11-09 07:00:00,3674,3331.54,10.279330279690475,0,Normal,30.14
2020-11-09 08:00:00,3748,3730.75,0.4623735173892649,0,Normal,1.36
2020-11-09 09:00:00,3607,3574.225,0.9169820030915818,0,Normal,2.69
2020-11-09 10:00:00,3537,3537.72,0.0,0,Normal,0.0
2020-11-09 11:00:00,3357,3407.57,0.0,0,Normal,0.0
2020-11-09 12:00:00,3385,3241.105,4.439689550323115,0,Normal,13.02
2020-11-09 13:00:00,3239,3248.34,0.0,0,Normal,0.0
2020-11-09 14:00:00,2877,3000.79,0.0,0,Normal,0.0
2020-11-09 15:00:00,2910,2840.415,2.449818072359146,0,Normal,7.18
2020-11-09 16:00:00,2835,2757.565,2.808093372232384,0,Normal,8.23
2020-11-09 17:00:00,3031,3007.525,0.7805421401318329,0,Normal,2.29
2020-11-09 18:00:00,3111,3271.66,0.0,0,Normal,0.0
2020-11-09 19:00:00,3050,3095.965,0.0,0,Normal,0.0
2020-11-09 20:00:00,2779,2669.255,4.111446826923613,0,Normal,12.06
2020-11-09 21:00:00,2151,2144.655,0.2958517803562717,0,Normal,0.87
2020-11-09 22:00:00,2018,1895.945,6.437686747242144,0,Normal,18.88
2020-11-09 23:00:00,1486,1658.495,0.0,0,Normal,0.0
2020-11-10 00:00:00,1297,1264.26,2.5896571907677224,0,Normal,7.59
2020-11-10 01:00:00,1224,1025.765,19.32557652093802,0,Warning,56.67
2020-11-10 02:00:00,816,896.48,0.0,0,Normal,0.0
2020-11-10 03:00:00,588,586.805,0.20364516321436424,0,Normal,0.6
2020-11-10 04:00:00,1017,992.675,2.45044954290176,0,Normal,7.19
2020-11-10 05:00:00,1531,1446.335,5.853761403824146,0,Normal,17.17
2020-11-10 06:00:00,2068,2237.8,0.0,0,Normal,0.0
2020-11-10 07:00:00,3265,3248.46,0.5091643424884396,0,Normal,1.49
2020-11-10 08:00:00,3477,3392.16,2.501061270694783,0,Normal,7.33
2020-11-10 09:00:00,3421,3451.49,0.0,0,Normal,0.0
2020-11-10 10:00:00,3535,3252.18,8.696320621859805,0,Normal,25.5
2020-11-10 11:00:00,3403,3434.53,0.0,0,Normal,0.0
2020-11-10 12:00:00,3363,3242.87,3.704434652021207,0,Normal,10.86
2020-11-10 13:00:00,3215,3172.23,1.3482628939263541,0,Normal,3.95
2020-11-10 14:00:00,2950,2986.91,0.0,0,Normal,0.0
2020-11-10 15:00:00,2721,2822.215,0.0,0,Normal,0.0
2020-11-10 16:00:00,2708,2689.1,0.7028373805362422,0,Normal,2.06
2020-11-10 17:00:00,3013,2823.065,6.727971194428749,0,Normal,19.73
2020-11-10 18:00:00,2979,3146.385,0.0,0,Normal,0.0
2020-11-10 19:00:00,3082,3094.78,0.0,0,Normal,0.0
2020-11-10 20:00:00,2929,2951.57,0.0,0,Normal,0.0
2020-11-10 21:00:00,2353,2361.3,0.0,0,Normal,0.0
2020-11-10 22:00:00,2215,2013.795,9.991334768434717,0,Normal,29.3
2020-11-10 23:00:00,1797,1690.265,6.314690300041703,0,Normal,18.52
2020-11-11 00:00:00,1305,1344.745,0.0,0,Normal,0.0
2020-11-11 01:00:00,1107,1114.14,0.0,0,Normal,0.0
2020-11-11 02:00:00,824,838.24,0.0,0,Normal,0.0
2020-11-11 03:00:00,883,630.155,40.124255143575795,1,High,85.0
2020-11-11 04:00:00,1228,960.75,27.8168097840229,2,High,90.0
2020-11-11 05:00:00,1588,1449.85,9.528571921233238,0,Normal,27.94
2020-11-11 06:00:00,2437,2152.105,13.237969336997962,0,Warning,38.82
2020-11-11 07:00:00,3466,3280.2,5.664288762880318,0,Normal,16.61
2020-11-11 08:00:00,3594,3468.155,3.628586380943176,0,Normal,10.64
2020-11-11 09:00:00,3660,3636.635,0.6424895542170105,0,Normal,1.88
2020-11-11 10:00:00,3342,3510.565,0.0,0,Normal,0.0
2020-11-11 11:00:00,3133,3176.985,0.0,0,Normal,0.0
2020-11-11 12:00:00,3079,3030.25,1.6087781536176884,0,Normal,4.72
2020-11-11 13:00:00,2949,2960.205,0.0,0,Normal,0.0
2020-11-11 14:00:00,2960,2908.685,1.764199285931617,0,Normal,5.17
2020-11-11 15:00:00,2801,2807.235,0.0,0,Normal,0.0
2020-11-11 16:00:00,2695,2724.84,0.0,0,Normal,0.0
2020-11-11 17:00:00,3050,2817.695,8.244504816880458,0,Normal,24.18
2020-11-11 18:00:00,3144,3110.415,1.0797594533205388,0,Normal,3.17
2020-11-11 19:00:00,3218,3165.335,1.6638049369182082,0,Normal,4.88
2020-11-11 20:00:00,2766,2959.1,0.0,0,Normal,0.0
2020-11-11 21:00:00,2004,2270.73,0.0,0,Normal,0.0
2020-11-11 22:00:00,2000,1888.565,5.900511764223097,0,Normal,17.3
2020-11-11 23:00:00,1476,1696.91,0.0,0,Normal,0.0
2020-11-12 00:00:00,1330,1284.22,3.5648097677967927,0,Normal,10.45
2020-11-12 01:00:00,1208,1029.785,17.30603961020989,0,Warning,50.75
2020-11-12 02:00:00,591,827.54,0.0,1,Normal,5.0
2020-11-12 03:00:00,486,760.18,0.0,2,Normal,10.0
2020-11-12 04:00:00,992,997.53,0.0,0,Normal,0.0
2020-11-12 05:00:00,1563,1288.99,21.257728919541655,0,High,62.34
2020-11-12 06:00:00,2228,2337.86,0.0,0,Normal,0.0
2020-11-12 07:00:00,3385,3368.145,0.5004238237961851,0,Normal,1.47
2020-11-12 08:00:00,3593,3367.13,6.708086708858876,0,Normal,19.67
2020-11-12 09:00:00,3552,3439.205,3.2796823684543397,0,Normal,9.62
2020-11-12 10:00:00,3304,3458.915,0.0,0,Normal,0.0
2020-11-12 11:00:00,3055,3110.835,0.0,0,Normal,0.0
2020-11-12 12:00:00,3028,3046.815,0.0,0,Normal,0.0
2020-11-12 13:00:00,3008,2936.455,2.4364412190890063,0,Normal,7.14
2020-11-12 14:00:00,2718,2908.39,0.0,0,Normal,0.0
2020-11-12 15:00:00,2669,2621.965,1.7938835949373793,0,Normal,5.26
2020-11-12 16:00:00,2577,2584.76,0.0,0,Normal,0.0
2020-11-12 17:00:00,2855,2778.11,2.7677089820057477,0,Normal,8.12
2020-11-12 18:00:00,3109,3058.525,1.6503052942186152,0,Normal,4.84
2020-11-12 19:00:00,3030,3187.34,0.0,0,Normal,0.0
2020-11-12 20:00:00,2829,2845.715,0.0,0,Normal,0.0
2020-11-12 21:00:00,2095,2186.47,0.0,0,Normal,0.0
2020-11-12 22:00:00,2046,1950.775,4.881393292409422,0,Normal,14.31
2020-11-12 23:00:00,1501,1692.17,0.0,0,Normal,0.0
2020-11-13 00:00:00,1346,1241.955,8.37751770394258,0,Normal,24.57
2020-11-13 01:00:00,1240,1101.31,12.593184480300737,0,Warning,36.93
2020-11-13 02:00:00,654,793.695,0.0,0,Normal,0.0
2020-11-13 03:00:00,403,580.875,0.0,1,Normal,5.0
2020-11-13 04:00:00,1091,912.05,19.620634833616585,0,Warning,57.54
2020-11-13 05:00:00,1415,1328.28,6.528743939530823,0,Normal,19.15
2020-11-13 06:00:00,1999,2205.79,0.0,0,Normal,0.0
2020-11-13 07:00:00,3345,3209.28,4.228985940771755,0,Normal,12.4
2020-11-13 08:00:00,3476,3431.43,1.2988753959719466,0,Normal,3.81
2020-11-13 09:00:00,3569,3522.66,1.3154831860014917,0,Normal,3.86
2020-11-13 10:00:00,3428,3507.43,0.0,0,Normal,0.0
2020-11-13 11:00:00,3220,3277.765,0.0,0,Normal,0.0
2020-11-13 12:00:00,3222,3080.315,4.5996919146256126,0,Normal,13.49
2020-11-13 13:00:00,3147,3051.13,3.142114560834835,0,Normal,9.21
2020-11-13 14:00:00,2879,2947.585,0.0,0,Normal,0.0
2020-11-13 15:00:00,2881,2794.705,3.087803542771064,0,Normal,9.05
2020-11-13 16:00:00,2859,2795.975,2.2541331735798815,0,Normal,6.61
2020-11-13 17:00:00,2975,2930.82,1.507427955316254,0,Normal,4.42
2020-11-13 18:00:00,2849,3035.075,0.0,0,Normal,0.0
2020-11-13 19:00:00,2664,2960.42,0.0,0,Normal,0.0
2020-11-13 20:00:00,2567,2454.83,4.569359181694866,0,Normal,13.4
2020-11-13 21:00:00,2025,2155.455,0.0,0,Normal,0.0
2020-11-13 22:00:00,1827,1910.015,0.0,0,Normal,0.0
2020-11-13 23:00:00,1788,1581.845,13.03256640189146,0,Warning,38.22
2020-11-14 00:00:00,1753,1503.61,16.5860828273289,0,Warning,48.64
2020-11-14 01:00:00,1208,1178.79,2.4779646926085257,0,Normal,7.27
2020-11-14 02:00:00,526,759.935,0.0,1,Normal,5.0
2020-11-14 03:00:00,848,744.945,13.833907201202766,0,Warning,40.57
2020-11-14 04:00:00,861,935.01,0.0,0,Normal,0.0
2020-11-14 05:00:00,767,938.685,0.0,0,Normal,0.0
2020-11-14 06:00:00,575,879.955,0.0,1,Normal,5.0
2020-11-14 07:00:00,1434,1508.03,0.0,0,Normal,0.0
2020-11-14 08:00:00,2902,2737.57,6.006421753598988,0,Normal,17.61
2020-11-14 09:00:00,3768,3812.82,0.0,0,Normal,0.0
2020-11-14 10:00:00,3957,3927.325,0.7556033687051665,0,Normal,2.22
2020-11-14 11:00:00,3811,3799.68,0.2979198248273582,0,Normal,0.87
2020-11-14 12:00:00,3615,3549.48,1.8459041887825818,0,Normal,5.41
2020-11-14 13:00:00,3420,3409.495,0.3081101453441084,0,Normal,0.9
2020-11-14 14:00:00,3325,3189.935,4.234098813925677,0,Normal,12.42
2020-11-14 15:00:00,2928,3174.735,0.0,0,Normal,0.0
2020-11-14 16:00:00,2895,2769.075,4.547547466211648,0,Normal,13.34
2020-11-14 17:00:00,3009,2950.79,1.9726920587368142,0,Normal,5.78
2020-11-14 18:00:00,2853,2974.445,0.0,0,Normal,0.0
2020-11-14 19:00:00,2761,2669.685,3.4204409883563063,0,Normal,10.03
2020-11-14 20:00:00,2252,2451.965,0.0,0,Normal,0.0
2020-11-14 21:00:00,1784,1821.75,0.0,0,Normal,0.0
2020-11-14 22:00:00,1413,1651.34,0.0,0,Normal,0.0
2020-11-14 23:00:00,1467,1749.095,0.0,0,Normal,0.0
2020-11-15 00:00:00,1723,1594.845,8.035577125049768,0,Normal,23.56
2020-11-15 01:00:00,1153,1120.155,2.932183492463099,0,Normal,8.6
2020-11-15 02:00:00,576,797.54,0.0,1,Normal,5.0
2020-11-15 03:00:00,878,750.93,16.921683778780984,0,Warning,49.62
2020-11-15 04:00:00,865,876.805,0.0,0,Normal,0.0
2020-11-15 05:00:00,848,748.71,13.261476406085126,0,Warning,38.89
2020-11-15 06:00:00,335,876.44,0.0,1,Normal,5.0
2020-11-15 07:00:00,1206,1270.69,0.0,0,Normal,0.0
2020-11-15 08:00:00,2449,2174.99,12.598218842385494,0,Warning,36.94
2020-11-15 09:00:00,3408,3429.605,0.0,0,Normal,0.0
2020-11-15 10:00:00,4001,3797.285,5.364754028206999,0,Normal,15.73
2020-11-15 11:00:00,3752,3903.755,0.0,0,Normal,0.0
2020-11-15 12:00:00,3674,3625.65,1.3335539834236594,0,Normal,3.91
2020-11-15 13:00:00,3459,3535.745,0.0,0,Normal,0.0
2020-11-15 14:00:00,3376,3188.23,5.889474724220021,0,Normal,17.27
2020-11-15 15:00:00,3001,3003.615,0.0,0,Normal,0.0
2020-11-15 16:00:00,2699,2735.09,0.0,0,Normal,0.0
2020-11-15 17:00:00,3160,2788.475,13.323590851630376,0,Warning,39.07
2020-11-15 18:00:00,3066,3065.8,0.006523582751641272,0,Normal,0.02
2020-11-15 19:00:00,3085,3000.5,2.8161973004499252,0,Normal,8.26
2020-11-15 20:00:00,2589,2692.34,0.0,0,Normal,0.0
2020-11-15 21:00:00,2011,1982.84,1.420185188920946,0,Normal,4.16
2020-11-15 22:00:00,1811,1806.68,0.23911262647507786,0,Normal,0.7
2020-11-15 23:00:00,1457,1582.37,0.0,0,Normal,0.0
2020-11-16 00:00:00,1413,1387.01,1.8738148967923813,0,Normal,5.49
2020-11-16 01:00:00,1157,1045.4,10.675339582934752,0,Normal,31.3
2020-11-16 02:00:00,787,818.46,0.0,0,Normal,0.0
2020-11-16 03:00:00,485,757.03,0.0,1,Normal,5.0
2020-11-16 04:00:00,1068,775.74,37.67499419908732,2,High,90.0
2020-11-16 05:00:00,1431,1346.81,6.251067336892365,0,Normal,18.33
2020-11-16 06:00:00,2033,2076.59,0.0,0,Normal,0.0
2020-11-16 07:00:00,3336,3291.085,1.3647474920884743,0,Normal,4.0
2020-11-16 08:00:00,3559,3559.685,0.0,0,Normal,0.0
2020-11-16 09:00:00,3644,3586.415,1.605642403347076,0,Normal,4.71
2020-11-16 10:00:00,3586,3458.045,3.700212114070231,0,Normal,10.85
2020-11-16 11:00:00,3172,3383.295,0.0,0,Normal,0.0
2020-11-16 12:00:00,3045,3049.315,0.0,0,Normal,0.0
2020-11-16 13:00:00,3005,3097.415,0.0,0,Normal,0.0
2020-11-16 14:00:00,2795,2899.85,0.0,0,Normal,0.0
2020-11-16 15:00:00,2634,2786.095,0.0,0,Normal,0.0
2020-11-16 16:00:00,2362,2568.775,0.0,0,Normal,0.0
2020-11-16 17:00:00,2726,2756.88,0.0,0,Normal,0.0
2020-11-16 18:00:00,2688,2886.91,0.0,0,Normal,0.0
2020-11-16 19:00:00,2719,2852.455,0.0,0,Normal,0.0
2020-11-16 20:00:00,2675,2626.785,1.835513755408233,0,Normal,5.38
2020-11-16 21:00:00,2064,2205.68,0.0,0,Normal,0.0
2020-11-16 22:00:00,1995,1922.565,3.7676229412269517,0,Normal,11.05
2020-11-16 23:00:00,1596,1722.91,0.0,0,Normal,0.0
2020-11-17 00:00:00,1589,1285.145,23.643635543071017,1,High,74.33
2020-11-17 01:00:00,1147,1157.2,0.0,0,Normal,0.0
2020-11-17 02:00:00,453,814.225,0.0,1,Normal,5.0
2020-11-17 03:00:00,691,632.3,9.28356792661712,0,Normal,27.22
2020-11-17 04:00:00,994,990.295,0.3741309407802767,0,Normal,1.1
2020-11-17 05:00:00,1480,1265.295,16.968770128705156,0,Warning,49.76
2020-11-17 06:00:00,1935,2139.86,0.0,0,Normal,0.0
2020-11-17 07:00:00,3193,3203.78,0.0,0,Normal,0.0
2020-11-17 08:00:00,3435,3338.01,2.9056234103552647,0,Normal,8.52
2020-11-17 09:00:00,3457,3422.28,1.014528326145137,0,Normal,2.98
2020-11-17 10:00:00,3528,3277.035,7.658294769509638,0,Normal,22.46
2020-11-17 11:00:00,3302,3362.26,0.0,0,Normal,0.0
2020-11-17 12:00:00,3098,3104.97,0.0,0,Normal,0.0
2020-11-17 13:00:00,3165,3016.42,4.925706632365516,0,Normal,14.44
2020-11-17 14:00:00,2756,2955.45,0.0,0,Normal,0.0
2020-11-17 15:00:00,2644,2686.79,0.0,0,Normal,0.0
2020-11-17 16:00:00,2441,2582.53,0.0,0,Normal,0.0
2020-11-17 17:00:00,2801,2586.615,8.288245448201616,0,Normal,24.3
2020-11-17 18:00:00,2733,2879.935,0.0,0,Normal,0.0
2020-11-17 19:00:00,2952,2859.94,3.21894864927236,0,Normal,9.44
2020-11-17 20:00:00,2545,2832.07,0.0,0,Normal,0.0
2020-11-17 21:00:00,2193,2181.9,0.5087309225903986,0,Normal,1.49
2020-11-17 22:00:00,2015,2041.79,0.0,0,Normal,0.0
2020-11-17 23:00:00,1713,1690.0,1.36094674556213,0,Normal,3.99
2020-11-18 00:00:00,1634,1525.38,7.120848575436933,0,Normal,20.88
2020-11-18 01:00:00,1240,1224.485,1.2670632959979176,0,Normal,3.72
2020-11-18 02:00:00,791,729.43,8.440837366162627,0,Normal,24.75
2020-11-18 03:00:00,478,765.23,0.0,1,Normal,5.0
2020-11-18 04:00:00,877,976.43,0.0,0,Normal,0.0
2020-11-18 05:00:00,1438,1202.71,19.563319503454697,0,Warning,57.37
2020-11-18 06:00:00,1989,2115.435,0.0,0,Normal,0.0
2020-11-18 07:00:00,3363,3232.5,4.037122969837587,0,Normal,11.84
2020-11-18 08:00:00,3421,3503.88,0.0,0,Normal,0.0
2020-11-18 09:00:00,3421,3538.095,0.0,0,Normal,0.0
2020-11-18 10:00:00,3411,3310.49,3.036106437415616,0,Normal,8.9
2020-11-18 11:00:00,3034,3180.55,0.0,0,Normal,0.0
2020-11-18 12:00:00,3095,2954.965,4.738973219648958,0,Normal,13.9
2020-11-18 13:00:00,3054,2976.175,2.6149335976547015,0,Normal,7.67
2020-11-18 14:00:00,2789,2904.5,0.0,0,Normal,0.0
2020-11-18 15:00:00,2772,2685.215,3.231957217578475,0,Normal,9.48
2020-11-18 16:00:00,2660,2702.795,0.0,0,Normal,0.0
2020-11-18 17:00:00,2879,2836.245,1.5074508725445126,0,Normal,4.42
2020-11-18 18:00:00,3117,2962.315,5.221760683789534,0,Normal,15.31
2020-11-18 19:00:00,3039,3116.785,0.0,0,Normal,0.0
2020-11-18 20:00:00,2725,2777.95,0.0,0,Normal,0.0
2020-11-18 21:00:00,2319,2141.21,8.303249097472923,0,Normal,24.35
2020-11-18 22:00:00,1920,2007.445,0.0,0,Normal,0.0
2020-11-18 23:00:00,1624,1684.36,0.0,0,Normal,0.0
2020-11-19 00:00:00,1303,1398.405,0.0,0,Normal,0.0
2020-11-19 01:00:00,1144,1045.45,9.426562724185752,0,Normal,27.64
2020-11-19 02:00:00,903,806.865,11.914632559350077,0,Warning,34.94
2020-11-19 03:00:00,407,573.025,0.0,1,Normal,5.0
2020-11-19 04:00:00,1073,801.18,33.927457000923646,2,High,90.0
2020-11-19 05:00:00,1624,1316.03,23.401442216362852,3,High,83.62
2020-11-19 06:00:00,2181,2170.625,0.47797293406276997,0,Normal,1.4
2020-11-19 07:00:00,3173,3324.565,0.0,0,Normal,0.0
2020-11-19 08:00:00,3392,3455.075,0.0,0,Normal,0.0
2020-11-19 09:00:00,3385,3506.72,0.0,0,Normal,0.0
2020-11-19 10:00:00,3199,3197.12,0.05880292263037074,0,Normal,0.17
2020-11-19 11:00:00,2987,3068.555,0.0,0,Normal,0.0
2020-11-19 12:00:00,2979,2935.06,1.4970733136630956,0,Normal,4.39
2020-11-19 13:00:00,3021,2932.07,3.033010808063922,0,Normal,8.89
2020-11-19 14:00:00,2693,2823.96,0.0,0,Normal,0.0
2020-11-19 15:00:00,2645,2670.345,0.0,0,Normal,0.0
2020-11-19 16:00:00,2673,2573.835,3.8528110776331803,0,Normal,11.3
2020-11-19 17:00:00,2748,2855.54,0.0,0,Normal,0.0
2020-11-19 18:00:00,3011,2898.63,3.8766589733770744,0,Normal,11.37
2020-11-19 19:00:00,2963,3022.685,0.0,0,Normal,0.0
2020-11-19 20:00:00,2842,2802.17,1.4213984162274211,0,Normal,4.17
2020-11-19 21:00:00,2140,2241.295,0.0,0,Normal,0.0
2020-11-19 22:00:00,2074,2037.15,1.8088996882900086,0,Normal,5.3
2020-11-19 23:00:00,1478,1719.55,0.0,0,Normal,0.0
2020-11-20 00:00:00,1501,1257.285,19.38422871504869,0,Warning,56.84
2020-11-20 01:00:00,1205,1157.54,4.100074295488712,0,Normal,12.02
2020-11-20 02:00:00,609,889.445,0.0,1,Normal,5.0
2020-11-20 03:00:00,469,648.545,0.0,2,Normal,10.0
2020-11-20 04:00:00,1029,992.975,3.6279866059064907,0,Normal,10.64
2020-11-20 05:00:00,1721,1408.29,22.204943584062946,0,High,65.11
2020-11-20 06:00:00,2101,2120.62,0.0,0,Normal,0.0
2020-11-20 07:00:00,3111,3264.54,0.0,0,Normal,0.0
2020-11-20 08:00:00,3429,3459.345,0.0,0,Normal,0.0
2020-11-20 09:00:00,3461,3566.285,0.0,0,Normal,0.0
2020-11-20 10:00:00,3397,3326.345,2.1241031823217438,0,Normal,6.23
2020-11-20 11:00:00,3148,3243.67,0.0,0,Normal,0.0
2020-11-20 12:00:00,3222,3023.865,6.552375850112364,0,Normal,19.21
2020-11-20 13:00:00,2985,3103.28,0.0,0,Normal,0.0
2020-11-20 14:00:00,3036,2901.815,4.624174869865927,0,Normal,13.56
2020-11-20 15:00:00,3034,2837.17,6.937546921756536,0,Normal,20.34
2020-11-20 16:00:00,2782,2808.11,0.0,0,Normal,0.0
2020-11-20 17:00:00,2908,2838.88,2.4347630051287794,0,Normal,7.14
2020-11-20 18:00:00,2992,2903.39,3.0519496175160805,0,Normal,8.95
2020-11-20 19:00:00,2796,2913.505,0.0,0,Normal,0.0
2020-11-20 20:00:00,2660,2617.635,1.6184456580080788,0,Normal,4.75
2020-11-20 21:00:00,1968,2094.2,0.0,0,Normal,0.0
2020-11-20 22:00:00,1723,1939.91,0.0,0,Normal,0.0
2020-11-20 23:00:00,1632,1674.93,0.0,0,Normal,0.0
2020-11-21 00:00:00,1609,1621.85,0.0,0,Normal,0.0
2020-11-21 01:00:00,1276,1212.44,5.242321269506115,0,Normal,15.37
2020-11-21 02:00:00,481,771.29,0.0,1,Normal,5.0
2020-11-21 03:00:00,711,690.675,2.9427733738733917,0,Normal,8.63
2020-11-21 04:00:00,906,795.5,13.890634820867378,0,Warning,40.73
2020-11-21 05:00:00,910,965.62,0.0,0,Normal,0.0
2020-11-21 06:00:00,426,711.775,0.0,1,Normal,5.0
2020-11-21 07:00:00,1455,1364.69,6.617620118854828,0,Normal,19.41
2020-11-21 08:00:00,2622,2757.945,0.0,0,Normal,0.0
2020-11-21 09:00:00,3656,3661.96,0.0,0,Normal,0.0
2020-11-21 10:00:00,3795,3837.82,0.0,0,Normal,0.0
2020-11-21 11:00:00,3786,3595.505,5.2981430981183415,0,Normal,15.54
2020-11-21 12:00:00,3619,3554.745,1.8075839476530697,0,Normal,5.3
2020-11-21 13:00:00,3326,3387.405,0.0,0,Normal,0.0
2020-11-21 14:00:00,3245,3157.52,2.770528769413971,0,Normal,8.12
2020-11-21 15:00:00,2924,2951.73,0.0,0,Normal,0.0
2020-11-21 16:00:00,2806,2787.56,0.6615104248877174,0,Normal,1.94
2020-11-21 17:00:00,2843,2827.665,0.542320253636836,0,Normal,1.59
2020-11-21 18:00:00,2789,2835.035,0.0,0,Normal,0.0
2020-11-21 19:00:00,2668,2688.68,0.0,0,Normal,0.0
2020-11-21 20:00:00,2206,2344.505,0.0,0,Normal,0.0
2020-11-21 21:00:00,1696,1753.75,0.0,0,Normal,0.0
2020-11-21 22:00:00,1253,1583.065,0.0,0,Normal,0.0
2020-11-21 23:00:00,1568,1509.96,3.843810432064423,0,Normal,11.27
2020-11-22 00:00:00,1797,1409.43,27.49835039696898,1,High,85.0
2020-11-22 01:00:00,798,1204.855,0.0,2,Normal,10.0
2020-11-22 02:00:00,527,601.71,0.0,0,Normal,0.0
2020-11-22 03:00:00,760,625.245,21.552351478220537,0,High,63.2
2020-11-22 04:00:00,692,813.455,0.0,0,Normal,0.0
2020-11-22 05:00:00,410,751.88,0.0,1,Normal,5.0
2020-11-22 06:00:00,259,477.205,0.0,2,Normal,10.0
2020-11-22 07:00:00,1257,1224.285,2.672171920753739,0,Normal,7.84
2020-11-22 08:00:00,2244,2126.095,5.545612966494922,0,Normal,16.26
2020-11-22 09:00:00,3011,3334.275,0.0,0,Normal,0.0
2020-11-22 10:00:00,3750,3644.775,2.887009486182272,0,Normal,8.47
2020-11-22 11:00:00,3653,3738.655,0.0,0,Normal,0.0
2020-11-22 12:00:00,3677,3614.965,1.7160608747249242,0,Normal,5.03
2020-11-22 13:00:00,3564,3456.9,3.098151523040872,0,Normal,9.09
2020-11-22 14:00:00,3273,3303.27,0.0,0,Normal,0.0
2020-11-22 15:00:00,2891,2934.435,0.0,0,Normal,0.0
2020-11-22 16:00:00,2758,2676.62,3.0404017006523194,0,Normal,8.92
2020-11-22 17:00:00,3008,2962.0,1.5530047265361242,0,Normal,4.55
2020-11-22 18:00:00,3015,2915.425,3.4154540075632136,0,Normal,10.02
2020-11-22 19:00:00,3149,2901.38,8.534559416553499,0,Normal,25.03
2020-11-22 20:00:00,2657,2693.23,0.0,0,Normal,0.0
2020-11-22 21:00:00,1940,2056.9,0.0,0,Normal,0.0
2020-11-22 22:00:00,1776,1798.925,0.0,0,Normal,0.0
2020-11-22 23:00:00,1455,1525.865,0.0,0,Normal,0.0
2020-11-23 00:00:00,1355,1400.52,0.0,0,Normal,0.0
2020-11-23 01:00:00,1089,819.07,32.95566923461975,1,High,85.0
2020-11-23 02:00:00,602,669.29,0.0,0,Normal,0.0
2020-11-23 03:00:00,473,694.18,0.0,1,Normal,5.0
2020-11-23 04:00:00,964,734.27,31.286856333501305,2,High,90.0
2020-11-23 05:00:00,1297,1387.935,0.0,0,Normal,0.0
2020-11-23 06:00:00,2089,2123.425,0.0,0,Normal,0.0
2020-11-23 07:00:00,3294,3314.455,0.0,0,Normal,0.0
2020-11-23 08:00:00,3520,3570.17,0.0,0,Normal,0.0
2020-11-23 09:00:00,3381,3520.585,0.0,0,Normal,0.0
2020-11-23 10:00:00,3384,3289.105,2.8851313655234474,0,Normal,8.46
2020-11-23 11:00:00,3323,3207.145,3.612402931579334,0,Normal,10.59
2020-11-23 12:00:00,3158,3163.075,0.0,0,Normal,0.0
2020-11-23 13:00:00,3195,3087.315,3.4879822758610617,0,Normal,10.23
2020-11-23 14:00:00,2950,2850.31,3.497514305461513,0,Normal,10.26
2020-11-23 15:00:00,2729,2786.38,0.0,0,Normal,0.0
2020-11-23 16:00:00,2639,2628.38,0.40405116459567836,0,Normal,1.18
2020-11-23 17:00:00,2685,2868.49,0.0,0,Normal,0.0
2020-11-23 18:00:00,3004,2732.215,9.947423610513809,0,Normal,29.17
2020-11-23 19:00:00,2877,3043.31,0.0,0,Normal,0.0
2020-11-23 20:00:00,2669,2701.47,0.0,0,Normal,0.0
2020-11-23 21:00:00,2260,2157.105,4.7700506002257645,0,Normal,13.99
2020-11-23 22:00:00,1951,2032.14,0.0,0,Normal,0.0
2020-11-23 23:00:00,1813,1596.0,13.596491228070176,0,Warning,39.87
2020-11-24 00:00:00,1582,1453.25,8.859452950283847,0,Normal,25.98
2020-11-24 01:00:00,1200,1182.155,1.5095313220347608,0,Normal,4.43
2020-11-24 02:00:00,505,817.565,0.0,1,Normal,5.0
2020-11-24 03:00:00,774,666.475,16.133388349150376,0,Warning,47.31
2020-11-24 04:00:00,1116,925.255,20.6153979173309,0,High,60.45
2020-11-24 05:00:00,1504,1354.65,11.024988004281541,0,Warning,32.33
2020-11-24 06:00:00,1993,2226.595,0.0,0,Normal,0.0
2020-11-24 07:00:00,3057,3174.39,0.0,0,Normal,0.0
2020-11-24 08:00:00,3291,3351.925,0.0,0,Normal,0.0
2020-11-24 09:00:00,3576,3416.71,4.662087212552425,0,Normal,13.67
2020-11-24 10:00:00,3545,3497.315,1.3634745511914124,0,Normal,4.0
2020-11-24 11:00:00,3555,3388.68,4.908105811112297,0,Normal,14.39
2020-11-24 12:00:00,3339,3343.455,0.0,0,Normal,0.0
2020-11-24 13:00:00,3030,3144.46,0.0,0,Normal,0.0
2020-11-24 14:00:00,2856,2931.285,0.0,0,Normal,0.0
2020-11-24 15:00:00,2734,2751.19,0.0,0,Normal,0.0
2020-11-24 16:00:00,2632,2592.765,1.513249368916972,0,Normal,4.44
2020-11-24 17:00:00,2839,2665.88,6.49391570513301,0,Normal,19.04
2020-11-24 18:00:00,2947,2943.945,0.10377231911601052,0,Normal,0.3
2020-11-24 19:00:00,2945,2973.87,0.0,0,Normal,0.0
2020-11-24 20:00:00,2717,2715.765,0.04547521600728073,0,Normal,0.13
2020-11-24 21:00:00,2083,2251.055,0.0,0,Normal,0.0
2020-11-24 22:00:00,1864,1961.255,0.0,0,Normal,0.0
2020-11-24 23:00:00,1561,1785.805,0.0,0,Normal,0.0
2020-11-25 00:00:00,1260,1453.215,0.0,0,Normal,0.0
2020-11-25 01:00:00,1100,1148.56,0.0,0,Normal,0.0
2020-11-25 02:00:00,857,773.895,10.73853688161831,0,Normal,31.49
2020-11-25 03:00:00,402,856.95,0.0,1,Normal,5.0
2020-11-25 04:00:00,918,999.175,0.0,0,Normal,0.0
2020-11-25 05:00:00,1482,1393.775,6.329931301680681,0,Normal,18.56
2020-11-25 06:00:00,2164,2153.99,0.4647189634120966,0,Normal,1.36
2020-11-25 07:00:00,3280,3160.76,3.772510408888994,0,Normal,11.06
2020-11-25 08:00:00,3397,3474.57,0.0,0,Normal,0.0
2020-11-25 09:00:00,3453,3452.02,0.028389175033748885,0,Normal,0.08
2020-11-25 10:00:00,3128,3301.455,0.0,0,Normal,0.0
2020-11-25 11:00:00,3110,3043.57,2.1826342091688327,0,Normal,6.4
2020-11-25 12:00:00,3140,2992.005,4.946348685914625,0,Normal,14.5
2020-11-25 13:00:00,2971,2963.21,0.2628905814977664,0,Normal,0.77
2020-11-25 14:00:00,2786,2810.345,0.0,0,Normal,0.0
2020-11-25 15:00:00,2676,2672.115,0.14539044913861188,0,Normal,0.43
2020-11-25 16:00:00,2599,2615.825,0.0,0,Normal,0.0
2020-11-25 17:00:00,2772,2857.475,0.0,0,Normal,0.0
2020-11-25 18:00:00,2948,2883.785,2.226761010269495,0,Normal,6.53
2020-11-25 19:00:00,3021,2980.52,1.3581522687316314,0,Normal,3.98
2020-11-25 20:00:00,2861,2796.275,2.314686502579321,0,Normal,6.79
2020-11-25 21:00:00,2180,2285.415,0.0,0,Normal,0.0
2020-11-25 22:00:00,1933,2013.1,0.0,0,Normal,0.0
2020-11-25 23:00:00,1645,1680.725,0.0,0,Normal,0.0
2020-11-26 00:00:00,1354,1304.235,3.815646720107964,0,Normal,11.19
2020-11-26 01:00:00,1213,1040.545,16.573526373198654,0,Warning,48.6
2020-11-26 02:00:00,672,920.2,0.0,1,Normal,5.0
2020-11-26 03:00:00,547,582.83,0.0,0,Normal,0.0
2020-11-26 04:00:00,1234,877.685,40.59713906469862,1,High,85.0
2020-11-26 05:00:00,1613,1336.185,20.716816907838364,0,High,60.75
2020-11-26 06:00:00,2060,2210.08,0.0,0,Normal,0.0
2020-11-26 07:00:00,3228,3155.16,2.3085992469478613,0,Normal,6.77
2020-11-26 08:00:00,3209,3377.995,0.0,0,Normal,0.0
2020-11-26 09:00:00,3413,3333.65,2.380273873981969,0,Normal,6.98
2020-11-26 10:00:00,3116,3258.53,0.0,0,Normal,0.0
2020-11-26 11:00:00,3133,2981.29,5.088736754894694,0,Normal,14.92
2020-11-26 12:00:00,2996,2991.825,0.13954693205652677,0,Normal,0.41
2020-11-26 13:00:00,2882,2928.78,0.0,0,Normal,0.0
2020-11-26 14:00:00,2710,2743.755,0.0,0,Normal,0.0
2020-11-26 15:00:00,2730,2625.88,3.9651469221746574,0,Normal,11.63
2020-11-26 16:00:00,2720,2646.56,2.774922918807813,0,Normal,8.14
2020-11-26 17:00:00,2755,2830.865,0.0,0,Normal,0.0
2020-11-26 18:00:00,3118,2906.155,7.289528603945756,0,Normal,21.38
2020-11-26 19:00:00,3041,3018.575,0.7429002095359626,0,Normal,2.18
2020-11-26 20:00:00,2869,2869.46,0.0,0,Normal,0.0
2020-11-26 21:00:00,2113,2277.285,0.0,0,Normal,0.0
2020-11-26 22:00:00,2156,1993.74,8.138473421810266,0,Normal,23.87
2020-11-26 23:00:00,1595,1753.925,0.0,0,Normal,0.0
2020-11-27 00:00:00,1682,1340.875,25.44047730027035,1,High,79.6
2020-11-27 01:00:00,1301,1229.64,5.803324550274869,0,Normal,17.02
2020-11-27 02:00:00,808,829.23,0.0,0,Normal,0.0
2020-11-27 03:00:00,465,780.515,0.0,1,Normal,5.0
2020-11-27 04:00:00,1099,1036.385,6.041673702340347,0,Normal,17.72
2020-11-27 05:00:00,1734,1405.58,23.365443446833343,1,High,73.52
2020-11-27 06:00:00,2163,2155.45,0.35027488459487266,0,Normal,1.03
2020-11-27 07:00:00,3217,3197.205,0.6191345253119545,0,Normal,1.82
2020-11-27 08:00:00,3403,3454.86,0.0,0,Normal,0.0
2020-11-27 09:00:00,3251,3491.28,0.0,0,Normal,0.0
2020-11-27 10:00:00,3324,3097.005,7.329500598158539,0,Normal,21.49
2020-11-27 11:00:00,3065,3142.05,0.0,0,Normal,0.0
2020-11-27 12:00:00,3150,3030.965,3.9272970819524424,0,Normal,11.52
2020-11-27 13:00:00,3054,2969.185,2.8565077622310517,0,Normal,8.38
2020-11-27 14:00:00,3001,2893.97,3.6983797344132876,0,Normal,10.85
2020-11-27 15:00:00,2792,2912.93,0.0,0,Normal,0.0
2020-11-27 16:00:00,2496,2746.25,0.0,0,Normal,0.0
2020-11-27 17:00:00,3047,2714.195,12.261646639242937,0,Warning,35.96
2020-11-27 18:00:00,2769,3006.915,0.0,0,Normal,0.0
2020-11-27 19:00:00,2704,2788.935,0.0,0,Normal,0.0
2020-11-27 20:00:00,2834,2514.03,12.727373977239722,0,Warning,37.32
2020-11-27 21:00:00,2085,2213.78,0.0,0,Normal,0.0
2020-11-27 22:00:00,1691,2002.775,0.0,0,Normal,0.0
2020-11-27 23:00:00,1707,1690.495,0.9763412491607553,0,Normal,2.86
2020-11-28 00:00:00,1656,1574.655,5.165893481429267,0,Normal,15.15
2020-11-28 01:00:00,1345,1267.11,6.147059055646322,0,Normal,18.03
2020-11-28 02:00:00,593,778.375,0.0,1,Normal,5.0
2020-11-28 03:00:00,872,638.315,36.609667640584966,2,High,90.0
2020-11-28 04:00:00,883,838.435,5.315259978412168,0,Normal,15.59
2020-11-28 05:00:00,883,1012.875,0.0,0,Normal,0.0
2020-11-28 06:00:00,484,734.93,0.0,1,Normal,5.0
2020-11-28 07:00:00,1421,1427.595,0.0,0,Normal,0.0
2020-11-28 08:00:00,2741,2728.95,0.4415617728430416,0,Normal,1.29
2020-11-28 09:00:00,3830,3698.095,3.566836438761043,0,Normal,10.46
2020-11-28 10:00:00,3933,3920.655,0.3148708570379133,0,Normal,0.92
2020-11-28 11:00:00,3848,3755.195,2.471376320004682,0,Normal,7.25
2020-11-28 12:00:00,3687,3559.785,3.573670881808878,0,Normal,10.48
2020-11-28 13:00:00,3645,3392.475,7.443680498750915,0,Normal,21.83
2020-11-28 14:00:00,3200,3297.56,0.0,0,Normal,0.0
2020-11-28 15:00:00,3069,2895.345,5.997730840366181,0,Normal,17.59
2020-11-28 16:00:00,2878,2818.24,2.120472351538557,0,Normal,6.22
2020-11-28 17:00:00,2606,2961.785,0.0,0,Normal,0.0
2020-11-28 18:00:00,2726,2694.225,1.1793744026575395,0,Normal,3.46
2020-11-28 19:00:00,2588,2625.535,0.0,0,Normal,0.0
2020-11-28 20:00:00,2296,2420.895,0.0,0,Normal,0.0
2020-11-28 21:00:00,1732,1780.9,0.0,0,Normal,0.0
2020-11-28 22:00:00,1682,1610.825,4.41854329303307,0,Normal,12.96
2020-11-28 23:00:00,1581,1681.145,0.0,0,Normal,0.0
2020-11-29 00:00:00,1866,1567.05,19.077247056571267,0,Warning,55.94
2020-11-29 01:00:00,1157,1028.3,12.515802781289512,0,Warning,36.7
2020-11-29 02:00:00,561,728.585,0.0,1,Normal,5.0
2020-11-29 03:00:00,918,707.71,29.71414845063655,2,High,90.0
2020-11-29 04:00:00,942,737.78,27.680338312234003,3,Critical,95.0
2020-11-29 05:00:00,743,608.64,22.075446898002106,0,High,64.74
2020-11-29 06:00:00,348,690.475,0.0,1,Normal,5.0
2020-11-29 07:00:00,1515,1228.455,23.325640743861197,2,High,78.4
2020-11-29 08:00:00,2268,2273.535,0.0,0,Normal,0.0
2020-11-29 09:00:00,3200,3333.865,0.0,0,Normal,0.0
2020-11-29 10:00:00,3853,3711.785,3.804503763014295,0,Normal,11.16
2020-11-29 11:00:00,3793,3740.81,1.3951523867825433,0,Normal,4.09
2020-11-29 12:00:00,3864,3622.115,6.678004425591132,0,Normal,19.58
2020-11-29 13:00:00,3588,3617.955,0.0,0,Normal,0.0
2020-11-29 14:00:00,3399,3298.305,3.05293173311747,0,Normal,8.95
2020-11-29 15:00:00,3052,3059.58,0.0,0,Normal,0.0
2020-11-29 16:00:00,2557,2796.31,0.0,0,Normal,0.0
2020-11-29 17:00:00,2643,2665.155,0.0,0,Normal,0.0
2020-11-29 18:00:00,3177,2836.455,12.006007498796917,0,Warning,35.21
2020-11-29 19:00:00,3393,2994.095,13.3230575516141,0,Warning,39.07
2020-11-29 20:00:00,2683,2741.685,0.0,0,Normal,0.0
2020-11-29 21:00:00,2096,1990.535,5.298324319843656,0,Normal,15.54
2020-11-29 22:00:00,1788,1849.505,0.0,0,Normal,0.0
2020-11-29 23:00:00,1431,1591.285,0.0,0,Normal,0.0
2020-11-30 00:00:00,1464,1511.85,0.0,0,Normal,0.0
2020-11-30 01:00:00,1175,1074.395,9.363874552655217,0,Normal,27.46
2020-11-30 02:00:00,737,862.9,0.0,0,Normal,0.0
2020-11-30 03:00:00,283,721.34,0.0,1,Normal,5.0
2020-11-30 04:00:00,710,950.865,0.0,2,Normal,10.0
2020-11-30 05:00:00,1364,1431.215,0.0,0,Normal,0.0
2020-11-30 06:00:00,2130,2227.485,0.0,0,Normal,0.0
2020-11-30 07:00:00,3235,3260.695,0.0,0,Normal,0.0
2020-11-30 08:00:00,3423,3448.075,0.0,0,Normal,0.0
2020-11-30 09:00:00,3472,3361.565,3.2852257802541365,0,Normal,9.63
2020-11-30 10:00:00,3397,3379.6,0.5148538288554886,0,Normal,1.51
2020-11-30 11:00:00,3150,3250.91,0.0,0,Normal,0.0
2020-11-30 12:00:00,3065,3075.555,0.0,0,Normal,0.0
2020-11-30 13:00:00,2948,3120.045,0.0,0,Normal,0.0
2020-11-30 14:00:00,2883,2777.755,3.788851068578758,0,Normal,11.11
2020-11-30 15:00:00,2700,2736.905,0.0,0,Normal,0.0
2020-11-30 16:00:00,2681,2639.46,1.5738067635046549,0,Normal,4.62
2020-11-30 17:00:00,2855,2737.47,4.293380384077277,0,Normal,12.59
2020-11-30 18:00:00,2865,3110.675,0.0,0,Normal,0.0
2020-11-30 19:00:00,2838,3185.74,0.0,0,Normal,0.0
2020-11-30 20:00:00,2582,2690.905,0.0,0,Normal,0.0
2020-11-30 21:00:00,2284,2241.7,1.8869607886871653,0,Normal,5.53
2020-11-30 22:00:00,2069,2033.17,1.7622727071518822,0,Normal,5.17
2020-11-30 23:00:00,1649,1844.23,0.0,0,Normal,0.0
2020-12-01 00:00:00,1483,1449.1,2.339383065350914,0,Normal,6.86
2020-12-01 01:00:00,1237,1060.1,16.687104990095282,0,Warning,48.93
2020-12-01 02:00:00,629,740.645,0.0,0,Normal,0.0
2020-12-01 03:00:00,646,659.24,0.0,0,Normal,0.0
2020-12-01 04:00:00,1160,903.515,28.38746451359413,1,High,85.0
2020-12-01 05:00:00,1669,1247.945,33.739868343556815,2,High,90.0
2020-12-01 06:00:00,1999,2139.135,0.0,0,Normal,0.0
2020-12-01 07:00:00,2983,3131.71,0.0,0,Normal,0.0
2020-12-01 08:00:00,2965,3364.285,0.0,0,Normal,0.0
2020-12-01 09:00:00,3739,3427.045,9.1027401157557,0,Normal,26.69
2020-12-01 10:00:00,3395,3572.175,0.0,0,Normal,0.0
2020-12-01 11:00:00,3106,3245.285,0.0,0,Normal,0.0
2020-12-01 12:00:00,3217,2982.035,7.879350845982698,0,Normal,23.11
2020-12-01 13:00:00,3198,2990.645,6.93345415453857,0,Normal,20.33
2020-12-01 14:00:00,2822,2894.645,0.0,0,Normal,0.0
2020-12-01 15:00:00,2609,2700.57,0.0,0,Normal,0.0
2020-12-01 16:00:00,2707,2592.075,4.433706586422082,0,Normal,13.0
2020-12-01 17:00:00,2802,2846.66,0.0,0,Normal,0.0
2020-12-01 18:00:00,3068,2934.29,4.556809313326223,0,Normal,13.36
2020-12-01 19:00:00,3350,3021.12,10.886029022349332,0,Normal,31.92
2020-12-01 20:00:00,2608,2838.17,0.0,0,Normal,0.0
2020-12-01 21:00:00,2428,2246.34,8.086932521345828,0,Normal,23.71
2020-12-01 22:00:00,2038,1979.26,2.9677758354132355,0,Normal,8.7
2020-12-01 23:00:00,1573,1705.67,0.0,0,Normal,0.0
2020-12-02 00:00:00,1407,1297.62,8.42927821704352,0,Normal,24.72
2020-12-02 01:00:00,1169,1086.35,7.6080452892714225,0,Normal,22.31
2020-12-02 02:00:00,528,892.275,0.0,1,Normal,5.0
2020-12-02 03:00:00,479,688.685,0.0,2,Normal,10.0
2020-12-02 04:00:00,1053,947.325,11.155094608502884,0,Warning,32.71
2020-12-02 05:00:00,1560,1439.885,8.341985644686902,0,Normal,24.46
2020-12-02 06:00:00,2127,2181.61,0.0,0,Normal,0.0
2020-12-02 07:00:00,3068,3118.74,0.0,0,Normal,0.0
2020-12-02 08:00:00,3099,3398.37,0.0,0,Normal,0.0
2020-12-02 09:00:00,3574,3321.24,7.61041056954632,0,Normal,22.32
2020-12-02 10:00:00,3189,3235.12,0.0,0,Normal,0.0
2020-12-02 11:00:00,2976,2997.05,0.0,0,Normal,0.0
2020-12-02 12:00:00,3010,2890.935,4.1185637172748635,0,Normal,12.08
2020-12-02 13:00:00,2916,2918.44,0.0,0,Normal,0.0
2020-12-02 14:00:00,2728,2796.085,0.0,0,Normal,0.0
2020-12-02 15:00:00,2630,2654.435,0.0,0,Normal,0.0
2020-12-02 16:00:00,2865,2574.545,11.281799308227276,0,Warning,33.08
2020-12-02 17:00:00,2931,2935.585,0.0,0,Normal,0.0
2020-12-02 18:00:00,3130,3096.065,1.0960687194874768,0,Normal,3.21
2020-12-02 19:00:00,3179,3084.31,3.0700545664994783,0,Normal,9.0
2020-12-02 20:00:00,3143,2884.915,8.946017473651738,0,Normal,26.23
2020-12-02 21:00:00,2530,2376.79,6.44608905288225,0,Normal,18.9
2020-12-02 22:00:00,1862,2125.435,0.0,0,Normal,0.0
2020-12-02 23:00:00,1677,1717.45,0.0,0,Normal,0.0
2020-12-03 00:00:00,1451,1392.625,4.1917242617359305,0,Normal,12.29
2020-12-03 01:00:00,1204,1101.2,9.335270613875768,0,Normal,27.38
2020-12-03 02:00:00,825,795.175,3.750746690979979,0,Normal,11.0
2020-12-03 03:00:00,367,669.855,0.0,1,Normal,5.0
2020-12-03 04:00:00,838,960.87,0.0,0,Normal,0.0
2020-12-03 05:00:00,1463,1226.95,19.238762785769588,0,Warning,56.42
2020-12-03 06:00:00,2060,2155.55,0.0,0,Normal,0.0
2020-12-03 07:00:00,3309,3178.795,4.0960489745328,0,Normal,12.01
2020-12-03 08:00:00,3126,3336.03,0.0,0,Normal,0.0
2020-12-03 09:00:00,2881,3341.855,0.0,0,Normal,0.0
2020-12-03 10:00:00,3174,3062.43,3.643185313623501,0,Normal,10.68
2020-12-03 11:00:00,3096,2998.015,3.2683292111613893,0,Normal,9.58
2020-12-03 12:00:00,3149,2936.085,7.251663354432858,0,Normal,21.27
2020-12-03 13:00:00,3008,2946.57,2.0847968994457906,0,Normal,6.11
2020-12-03 14:00:00,2839,2838.23,0.027129584283161756,0,Normal,0.08
2020-12-03 15:00:00,2641,2748.77,0.0,0,Normal,0.0
2020-12-03 16:00:00,2658,2634.54,0.8904780341160141,0,Normal,2.61
2020-12-03 17:00:00,2870,2847.035,0.806628650508341,0,Normal,2.37
2020-12-03 18:00:00,3037,3082.705,0.0,0,Normal,0.0
2020-12-03 19:00:00,3088,3163.495,0.0,0,Normal,0.0
2020-12-03 20:00:00,2870,3005.71,0.0,0,Normal,0.0
2020-12-03 21:00:00,2923,2389.0,22.352448723315195,0,High,65.55
2020-12-03 22:00:00,1964,2196.55,0.0,0,Normal,0.0
2020-12-03 23:00:00,1479,1738.115,0.0,0,Normal,0.0
2020-12-04 00:00:00,1296,1316.06,0.0,0,Normal,0.0
2020-12-04 01:00:00,1276,1114.565,14.48412609403668,0,Warning,42.47
2020-12-04 02:00:00,881,841.26,4.7238665810807605,0,Normal,13.85
2020-12-04 03:00:00,356,606.98,0.0,1,Normal,5.0
2020-12-04 04:00:00,1099,859.745,27.828600340798726,2,High,90.0
2020-12-04 05:00:00,1536,1208.79,27.06921797830889,3,High,94.38
2020-12-04 06:00:00,2008,2100.335,0.0,0,Normal,0.0
2020-12-04 07:00:00,3026,3228.84,0.0,0,Normal,0.0
2020-12-04 08:00:00,2933,3426.59,0.0,0,Normal,0.0
2020-12-04 09:00:00,3531,3320.755,6.331240937678325,0,Normal,18.57
2020-12-04 10:00:00,3453,3359.17,2.793249522947631,0,Normal,8.19
2020-12-04 11:00:00,3285,3248.41,1.1263972220255494,0,Normal,3.3
2020-12-04 12:00:00,3192,3084.37,3.4895294663091687,0,Normal,10.23
2020-12-04 13:00:00,2999,3043.0,0.0,0,Normal,0.0
2020-12-04 14:00:00,3178,2905.52,9.378011509127454,0,Normal,27.5
2020-12-04 15:00:00,2958,2816.905,5.008866113695698,0,Normal,14.69
2020-12-04 16:00:00,2755,2620.125,5.1476551691236105,0,Normal,15.1
2020-12-04 17:00:00,2678,2833.79,0.0,0,Normal,0.0
2020-12-04 18:00:00,3137,2788.31,12.505424432720897,0,Warning,36.67
2020-12-04 19:00:00,3028,2946.605,2.7623315646311597,0,Normal,8.1
2020-12-04 20:00:00,2504,2948.505,0.0,0,Normal,0.0
2020-12-04 21:00:00,2076,2321.7,0.0,0,Normal,0.0
2020-12-04 22:00:00,1922,1867.79,2.902360543744213,0,Normal,8.51
2020-12-04 23:00:00,1623,1685.46,0.0,0,Normal,0.0
2020-12-05 00:00:00,1887,1444.78,30.608120267445564,1,High,85.0
2020-12-05 01:00:00,1429,1301.68,9.781205826316755,0,Normal,28.68
2020-12-05 02:00:00,659,821.905,0.0,0,Normal,0.0
2020-12-05 03:00:00,657,682.23,0.0,0,Normal,0.0
2020-12-05 04:00:00,984,834.84,17.86689665085525,0,Warning,52.39
2020-12-05 05:00:00,1121,939.725,19.29021788289127,0,Warning,56.57
2020-12-05 06:00:00,339,865.25,0.0,1,Normal,5.0
2020-12-05 07:00:00,1358,1401.03,0.0,0,Normal,0.0
2020-12-05 08:00:00,2699,2250.495,19.92917113790522,0,Warning,58.44
2020-12-05 09:00:00,3636,3721.58,0.0,0,Normal,0.0
2020-12-05 10:00:00,4028,3859.55,4.364498451892055,0,Normal,12.8
2020-12-05 11:00:00,4000,3837.765,4.227330229964579,0,Normal,12.4
2020-12-05 12:00:00,3794,3764.895,0.7730627281770147,0,Normal,2.27
2020-12-05 13:00:00,3479,3537.045,0.0,0,Normal,0.0
2020-12-05 14:00:00,3221,3182.95,1.195431910648932,0,Normal,3.51
2020-12-05 15:00:00,3088,2974.955,3.7998894100919203,0,Normal,11.14
2020-12-05 16:00:00,2916,2885.445,1.058935450164527,0,Normal,3.11
2020-12-05 17:00:00,2913,2742.71,6.208822660798989,0,Normal,18.21
2020-12-05 18:00:00,2877,2974.5,0.0,0,Normal,0.0
2020-12-05 19:00:00,2890,2754.05,4.936366442148828,0,Normal,14.48
2020-12-05 20:00:00,2459,2496.885,0.0,0,Normal,0.0
2020-12-05 21:00:00,1861,1852.785,0.4433865775035915,0,Normal,1.3
2020-12-05 22:00:00,1846,1793.81,2.909449718755055,0,Normal,8.53
2020-12-05 23:00:00,1805,1724.14,4.689874372150747,0,Normal,13.75
2020-12-06 00:00:00,1860,1794.995,3.6214585555948684,0,Normal,10.62
2020-12-06 01:00:00,1177,1327.51,0.0,0,Normal,0.0
2020-12-06 02:00:00,566,708.59,0.0,0,Normal,0.0
2020-12-06 03:00:00,880,726.365,21.15121185629814,0,High,62.02
2020-12-06 04:00:00,1006,841.19,19.592482078959563,0,Warning,57.45
2020-12-06 05:00:00,856,786.7,8.808948773357054,0,Normal,25.83
2020-12-06 06:00:00,322,715.8,0.0,1,Normal,5.0
2020-12-06 07:00:00,1376,1216.145,13.144403011154099,0,Warning,38.55
2020-12-06 08:00:00,2356,2143.855,9.895491999225694,0,Normal,29.02
2020-12-06 09:00:00,3341,3259.12,2.5123346179336785,0,Normal,7.37
2020-12-06 10:00:00,3731,3814.94,0.0,0,Normal,0.0
2020-12-06 11:00:00,3743,3744.69,0.0,0,Normal,0.0
2020-12-06 12:00:00,3788,3699.67,2.38751023739955,0,Normal,7.0
2020-12-06 13:00:00,3501,3626.7,0.0,0,Normal,0.0
2020-12-06 14:00:00,3306,3208.6,3.0355918469114282,0,Normal,8.9
2020-12-06 15:00:00,3074,3015.83,1.9288222479383812,0,Normal,5.66
2020-12-06 16:00:00,2902,2815.865,3.05891795238764,0,Normal,8.97
2020-12-06 17:00:00,2942,2822.095,4.2487938924805935,0,Normal,12.46
2020-12-06 18:00:00,3119,2940.17,6.082301363526596,0,Normal,17.84
2020-12-06 19:00:00,3336,3053.19,9.262771068947558,0,Normal,27.16
2020-12-06 20:00:00,3249,2843.375,14.265617444058556,0,Warning,41.83
2020-12-06 21:00:00,2219,2259.22,0.0,0,Normal,0.0
2020-12-06 22:00:00,1905,1805.52,5.509770038548453,0,Normal,16.16
2020-12-06 23:00:00,1496,1693.91,0.0,0,Normal,0.0
2020-12-07 00:00:00,1442,1520.415,0.0,0,Normal,0.0
2020-12-07 01:00:00,1177,1096.29,7.36210309315966,0,Normal,21.59
2020-12-07 02:00:00,880,820.86,7.204639037107421,0,Normal,21.13
2020-12-07 03:00:00,418,827.135,0.0,1,Normal,5.0
2020-12-07 04:00:00,963,758.8,26.91091196626253,2,High,88.91
2020-12-07 05:00:00,1274,1310.26,0.0,0,Normal,0.0
2020-12-07 06:00:00,2076,2266.215,0.0,0,Normal,0.0
2020-12-07 07:00:00,3142,3304.58,0.0,0,Normal,0.0
2020-12-07 08:00:00,3003,3458.24,0.0,0,Normal,0.0
2020-12-07 09:00:00,3449,3354.955,2.8031672555965748,0,Normal,8.22
2020-12-07 10:00:00,3395,3353.785,1.2289100225566083,0,Normal,3.6
2020-12-07 11:00:00,3297,3225.94,2.2027688053714556,0,Normal,6.46
2020-12-07 12:00:00,3093,3139.885,0.0,0,Normal,0.0
2020-12-07 13:00:00,3210,2982.87,7.614478673224114,0,Normal,22.33
2020-12-07 14:00:00,3375,2952.95,14.292487173843114,0,Warning,41.91
2020-12-07 15:00:00,2994,3011.945,0.0,0,Normal,0.0
2020-12-07 16:00:00,2883,2885.635,0.0,0,Normal,0.0
2020-12-07 17:00:00,2443,2965.085,0.0,0,Normal,0.0
2020-12-07 18:00:00,3006,2896.62,3.776125277047045,0,Normal,11.07
2020-12-07 19:00:00,3340,3313.745,0.7923059861274815,0,Normal,2.32
2020-12-07 20:00:00,2700,3096.875,0.0,0,Normal,0.0
2020-12-07 21:00:00,2112,2393.5,0.0,0,Normal,0.0
2020-12-07 22:00:00,1859,2030.505,0.0,0,Normal,0.0
2020-12-07 23:00:00,1483,1552.685,0.0,0,Normal,0.0
2020-12-08 00:00:00,1352,1338.055,1.042184364618789,0,Normal,3.06
2020-12-08 01:00:00,1161,1168.045,0.0,0,Normal,0.0
2020-12-08 02:00:00,509,893.365,0.0,1,Normal,5.0
2020-12-08 03:00:00,383,652.35,0.0,2,Normal,10.0
2020-12-08 04:00:00,632,954.875,0.0,3,Normal,15.0
2020-12-08 05:00:00,1603,1161.24,38.0420929351383,4,Critical,100.0
2020-12-08 06:00:00,2105,2123.965,0.0,0,Normal,0.0
2020-12-08 07:00:00,3176,3104.085,2.3167857838944474,0,Normal,6.79
2020-12-08 08:00:00,3001,3096.19,0.0,0,Normal,0.0
2020-12-08 09:00:00,3578,3413.465,4.8201753936249485,0,Normal,14.13
2020-12-08 10:00:00,3546,3434.765,3.238503944229085,0,Normal,9.5
2020-12-08 11:00:00,3364,3267.32,2.959000036727343,0,Normal,8.68
2020-12-08 12:00:00,3263,3153.215,3.481684566387,0,Normal,10.21
2020-12-08 13:00:00,3139,3037.975,3.3254059036035546,0,Normal,9.75
2020-12-08 14:00:00,3342,2911.97,14.767665875678674,0,Warning,43.31
2020-12-08 15:00:00,3008,2916.535,3.1360844289542262,0,Normal,9.2
2020-12-08 16:00:00,2452,2851.075,0.0,0,Normal,0.0
2020-12-08 17:00:00,2637,2532.065,4.144245902060174,0,Normal,12.15
2020-12-08 18:00:00,3228,2936.38,9.931275924778124,0,Normal,29.12
2020-12-08 19:00:00,3276,3299.37,0.0,0,Normal,0.0
2020-12-08 20:00:00,2782,2777.99,0.14434897173856703,0,Normal,0.42
2020-12-08 21:00:00,2346,2379.765,0.0,0,Normal,0.0
2020-12-08 22:00:00,2088,2044.865,2.1094302068840727,0,Normal,6.19
2020-12-08 23:00:00,1606,1655.23,0.0,0,Normal,0.0
2020-12-09 00:00:00,1415,1364.215,3.7226536872853684,0,Normal,10.92
2020-12-09 01:00:00,1236,1126.205,9.749113172113432,0,Normal,28.59
2020-12-09 02:00:00,872,808.09,7.9087725377123785,0,Normal,23.19
2020-12-09 03:00:00,386,735.34,0.0,1,Normal,5.0
2020-12-09 04:00:00,881,831.57,5.94417788039491,0,Normal,17.43
2020-12-09 05:00:00,1614,1324.295,21.876168074333886,0,High,64.15
2020-12-09 06:00:00,2169,2197.815,0.0,0,Normal,0.0
2020-12-09 07:00:00,3074,3223.925,0.0,0,Normal,0.0
2020-12-09 08:00:00,2883,3052.855,0.0,0,Normal,0.0
2020-12-09 09:00:00,3344,3398.5,0.0,0,Normal,0.0
2020-12-09 10:00:00,3242,3177.585,2.027168431371622,0,Normal,5.94
2020-12-09 11:00:00,2904,3033.135,0.0,0,Normal,0.0
2020-12-09 12:00:00,2834,2853.34,0.0,0,Normal,0.0
2020-12-09 13:00:00,2869,2797.785,2.545406455463881,0,Normal,7.46
2020-12-09 14:00:00,3070,2758.68,11.285107370191549,0,Warning,33.09
2020-12-09 15:00:00,2863,2797.33,2.347595743083586,0,Normal,6.88
2020-12-09 16:00:00,2403,2737.735,0.0,0,Normal,0.0
2020-12-09 17:00:00,2520,2562.15,0.0,0,Normal,0.0
2020-12-09 18:00:00,3128,2886.75,8.357149043041483,0,Normal,24.51
2020-12-09 19:00:00,3353,3130.375,7.111767759453739,0,Normal,20.85
2020-12-09 20:00:00,2827,2940.63,0.0,0,Normal,0.0
2020-12-09 21:00:00,2387,2444.705,0.0,0,Normal,0.0
2020-12-09 22:00:00,2040,2071.635,0.0,0,Normal,0.0
2020-12-09 23:00:00,1651,1696.835,0.0,0,Normal,0.0
2020-12-10 00:00:00,1468,1433.86,2.3809855913408633,0,Normal,6.98
2020-12-10 01:00:00,1263,1145.46,10.261379707715674,0,Normal,30.09
2020-12-10 02:00:00,905,889.865,1.7008197872711017,0,Normal,4.99
2020-12-10 03:00:00,351,691.985,0.0,1,Normal,5.0
2020-12-10 04:00:00,1209,792.77,52.503248104746646,2,High,90.0
2020-12-10 05:00:00,1630,1418.815,14.884604405789334,0,Warning,43.65
2020-12-10 06:00:00,1978,2158.415,0.0,0,Normal,0.0
2020-12-10 07:00:00,3063,3117.6,0.0,0,Normal,0.0
2020-12-10 08:00:00,2909,3045.625,0.0,0,Normal,0.0
2020-12-10 09:00:00,3464,3243.165,6.80924343966465,0,Normal,19.97
2020-12-10 10:00:00,3233,3227.23,0.17879109948779548,0,Normal,0.52
2020-12-10 11:00:00,3069,3074.61,0.0,0,Normal,0.0
2020-12-10 12:00:00,3032,2947.47,2.8678833033075892,0,Normal,8.41
2020-12-10 13:00:00,2932,2922.915,0.31081984936270934,0,Normal,0.91
2020-12-10 14:00:00,3184,2854.07,11.559982761459944,0,Warning,33.9
2020-12-10 15:00:00,2913,2841.115,2.53016861337891,0,Normal,7.42
2020-12-10 16:00:00,2469,2691.945,0.0,0,Normal,0.0
2020-12-10 17:00:00,2606,2563.935,1.6406422159688159,0,Normal,4.81
2020-12-10 18:00:00,2988,2866.035,4.255530724502672,0,Normal,12.48
2020-12-10 19:00:00,3382,3295.675,2.619342016430619,0,Normal,7.68
2020-12-10 20:00:00,2920,2878.425,1.444366276696451,0,Normal,4.24
2020-12-10 21:00:00,2429,2567.58,0.0,0,Normal,0.0
2020-12-10 22:00:00,2236,2032.8,9.99606454151909,0,Normal,29.31
2020-12-10 23:00:00,1645,1813.185,0.0,0,Normal,0.0
2020-12-11 00:00:00,1378,1427.5,0.0,0,Normal,0.0
2020-12-11 01:00:00,1434,1198.515,19.648064479793735,0,Warning,57.62
2020-12-11 02:00:00,893,884.375,0.9752650176678446,0,Normal,2.86
2020-12-11 03:00:00,753,702.61,7.171830745363714,0,Normal,21.03
2020-12-11 04:00:00,979,1058.395,0.0,0,Normal,0.0
2020-12-11 05:00:00,1633,1321.3,23.59040339060017,1,High,74.18
2020-12-11 06:00:00,1998,2097.12,0.0,0,Normal,0.0
2020-12-11 07:00:00,3086,3040.245,1.5049773949139005,0,Normal,4.41
2020-12-11 08:00:00,3532,3019.395,16.977076533543972,0,Warning,49.78
2020-12-11 09:00:00,3270,3575.52,0.0,0,Normal,0.0
2020-12-11 10:00:00,2698,3189.08,0.0,0,Normal,0.0
2020-12-11 11:00:00,3252,2803.475,15.998894229483057,0,Warning,46.92
2020-12-11 12:00:00,3179,3068.305,3.6076921948763294,0,Normal,10.58
2020-12-11 13:00:00,3016,2996.295,0.6576455255573942,0,Normal,1.93
2020-12-11 14:00:00,2931,3067.115,0.0,0,Normal,0.0
2020-12-11 15:00:00,2838,2911.78,0.0,0,Normal,0.0
2020-12-11 16:00:00,2909,2843.34,2.3092560158123847,0,Normal,6.77
2020-12-11 17:00:00,2851,2797.61,1.9084146825325856,0,Normal,5.6
2020-12-11 18:00:00,3014,2873.56,4.887317473795573,0,Normal,14.33
2020-12-11 19:00:00,3026,3068.795,0.0,0,Normal,0.0
2020-12-11 20:00:00,2520,2834.43,0.0,0,Normal,0.0
2020-12-11 21:00:00,2044,2121.655,0.0,0,Normal,0.0
2020-12-11 22:00:00,2036,2003.52,1.621146781664272,0,Normal,4.75
2020-12-11 23:00:00,1811,1691.355,7.073914110284357,0,Normal,20.74
2020-12-12 00:00:00,1848,1443.625,28.011083210667593,1,High,85.0
2020-12-12 01:00:00,1349,1353.685,0.0,0,Normal,0.0
2020-12-12 02:00:00,584,854.01,0.0,1,Normal,5.0
2020-12-12 03:00:00,933,752.36,24.00978255090648,2,High,80.41
2020-12-12 04:00:00,872,873.875,0.0,0,Normal,0.0
2020-12-12 05:00:00,773,935.14,0.0,0,Normal,0.0
2020-12-12 06:00:00,512,704.995,0.0,1,Normal,5.0
2020-12-12 07:00:00,1704,1381.385,23.354459473644205,2,High,78.49
2020-12-12 08:00:00,2649,2733.18,0.0,0,Normal,0.0
2020-12-12 09:00:00,3696,3580.5,3.225806451612903,0,Normal,9.46
2020-12-12 10:00:00,3725,3903.27,0.0,0,Normal,0.0
2020-12-12 11:00:00,3753,3605.12,4.101943902006039,0,Normal,12.03
2020-12-12 12:00:00,3632,3575.62,1.576789479866432,0,Normal,4.62
2020-12-12 13:00:00,3636,3445.155,5.539518541255757,0,Normal,16.24
2020-12-12 14:00:00,3230,3278.71,0.0,0,Normal,0.0
2020-12-12 15:00:00,3006,2975.27,1.0328474390559517,0,Normal,3.03
2020-12-12 16:00:00,2864,2852.555,0.4012192578232554,0,Normal,1.18
2020-12-12 17:00:00,2753,2824.855,0.0,0,Normal,0.0
2020-12-12 18:00:00,2922,2839.955,2.888954226387393,0,Normal,8.47
2020-12-12 19:00:00,2634,2925.52,0.0,0,Normal,0.0
2020-12-12 20:00:00,2383,2361.36,0.9164210454991985,0,Normal,2.69
2020-12-12 21:00:00,1934,1853.12,4.364531169055437,0,Normal,12.8
2020-12-12 22:00:00,1713,1783.07,0.0,0,Normal,0.0
2020-12-12 23:00:00,1784,1821.885,0.0,0,Normal,0.0
2020-12-13 00:00:00,1780,1765.375,0.828435884727041,0,Normal,2.43
2020-12-13 01:00:00,1334,1195.35,11.59911323043461,0,Warning,34.01
2020-12-13 02:00:00,581,766.645,0.0,1,Normal,5.0
2020-12-13 03:00:00,821,760.625,7.937551355792934,0,Normal,23.28
2020-12-13 04:00:00,1059,796.57,32.945001694766304,1,High,85.0
2020-12-13 05:00:00,857,854.245,0.32250700911331004,0,Normal,0.95
2020-12-13 06:00:00,410,638.05,0.0,1,Normal,5.0
2020-12-13 07:00:00,1214,1269.16,0.0,0,Normal,0.0
2020-12-13 08:00:00,2279,2091.295,8.975539079852432,0,Normal,26.32
2020-12-13 09:00:00,3120,3269.01,0.0,0,Normal,0.0
2020-12-13 10:00:00,3815,3669.94,3.9526531768911735,0,Normal,11.59
2020-12-13 11:00:00,3879,3752.145,3.3808661445653097,0,Normal,9.91
2020-12-13 12:00:00,3736,3727.59,0.22561494155740985,0,Normal,0.66
2020-12-13 13:00:00,3531,3523.91,0.20119696587030164,0,Normal,0.59
2020-12-13 14:00:00,3368,3280.115,2.6793267918960226,0,Normal,7.86
2020-12-13 15:00:00,2962,3046.02,0.0,0,Normal,0.0
2020-12-13 16:00:00,2817,2766.935,1.809402822979219,0,Normal,5.31
2020-12-13 17:00:00,2997,2886.75,3.819173811379579,0,Normal,11.2
2020-12-13 18:00:00,3055,2950.21,3.5519505391141633,0,Normal,10.42
2020-12-13 19:00:00,2991,3031.8,0.0,0,Normal,0.0
2020-12-13 20:00:00,2638,2839.175,0.0,0,Normal,0.0
2020-12-13 21:00:00,1862,2225.34,0.0,0,Normal,0.0
2020-12-13 22:00:00,1707,1866.955,0.0,0,Normal,0.0
2020-12-13 23:00:00,1557,1633.51,0.0,0,Normal,0.0
2020-12-14 00:00:00,1553,1434.5,8.260718020216103,0,Normal,24.22
2020-12-14 01:00:00,1181,1133.235,4.214924530216601,0,Normal,12.36
2020-12-14 02:00:00,744,807.5,0.0,0,Normal,0.0
2020-12-14 03:00:00,665,746.315,0.0,0,Normal,0.0
2020-12-14 04:00:00,1014,969.615,4.577590074410977,0,Normal,13.42
2020-12-14 05:00:00,1542,1200.42,28.455040735742482,1,High,85.0
2020-12-14 06:00:00,1881,2080.965,0.0,0,Normal,0.0
2020-12-14 07:00:00,2628,3079.745,0.0,0,Normal,0.0
2020-12-14 08:00:00,3032,3221.5,0.0,0,Normal,0.0
2020-12-14 09:00:00,3396,3405.98,0.0,0,Normal,0.0
2020-12-14 10:00:00,3270,3328.925,0.0,0,Normal,0.0
2020-12-14 11:00:00,3102,3114.285,0.0,0,Normal,0.0
2020-12-14 12:00:00,3060,3027.64,1.0688192783818462,0,Normal,3.13
2020-12-14 13:00:00,3041,3059.89,0.0,0,Normal,0.0
2020-12-14 14:00:00,3115,3002.185,3.757763095878504,0,Normal,11.02
2020-12-14 15:00:00,2826,2910.76,0.0,0,Normal,0.0
2020-12-14 16:00:00,2459,2720.305,0.0,0,Normal,0.0
2020-12-14 17:00:00,2497,2569.035,0.0,0,Normal,0.0
2020-12-14 18:00:00,2767,2820.835,0.0,0,Normal,0.0
2020-12-14 19:00:00,2891,2925.95,0.0,0,Normal,0.0
2020-12-14 20:00:00,3039,2735.2,11.107048844691437,0,Warning,32.57
2020-12-14 21:00:00,2209,2245.57,0.0,0,Normal,0.0
2020-12-14 22:00:00,1848,2026.06,0.0,0,Normal,0.0
2020-12-14 23:00:00,1879,1630.245,15.258749451769527,0,Warning,44.75
2020-12-15 00:00:00,1578,1483.62,6.361467222064957,0,Normal,18.65
2020-12-15 01:00:00,1030,1159.72,0.0,0,Normal,0.0
2020-12-15 02:00:00,337,650.645,0.0,1,Normal,5.0
2020-12-15 03:00:00,786,741.14,6.052837520576411,0,Normal,17.75
2020-12-15 04:00:00,1003,863.58,16.144422057018453,0,Warning,47.34
2020-12-15 05:00:00,1117,1277.41,0.0,0,Normal,0.0
2020-12-15 06:00:00,1635,1918.265,0.0,0,Normal,0.0
2020-12-15 07:00:00,2332,2577.115,0.0,0,Normal,0.0
2020-12-15 08:00:00,3154,3119.735,1.0983304671710858,0,Normal,3.22
2020-12-15 09:00:00,3633,3329.715,9.10843720858992,0,Normal,26.71
2020-12-15 10:00:00,3652,3552.475,2.801567920956519,0,Normal,8.22
2020-12-15 11:00:00,3316,3469.135,0.0,0,Normal,0.0
2020-12-15 12:00:00,3353,3102.79,8.064032693156806,0,Normal,23.65
2020-12-15 13:00:00,3219,3119.74,3.1816753960265993,0,Normal,9.33
2020-12-15 14:00:00,3093,2936.55,5.327680441334212,0,Normal,15.62
2020-12-15 15:00:00,2781,2794.525,0.0,0,Normal,0.0
2020-12-15 16:00:00,2253,2610.695,0.0,0,Normal,0.0
2020-12-15 17:00:00,2214,2438.575,0.0,0,Normal,0.0
2020-12-15 18:00:00,2878,2786.56,3.2814653192466716,0,Normal,9.62
2020-12-15 19:00:00,2987,2945.64,1.404109123993432,0,Normal,4.12
2020-12-15 20:00:00,2556,2971.775,0.0,0,Normal,0.0
2020-12-15 21:00:00,2179,2318.23,0.0,0,Normal,0.0
2020-12-15 22:00:00,2182,2034.455,7.25231081542723,0,Normal,21.27
2020-12-15 23:00:00,1971,1910.27,3.179131745774159,0,Normal,9.32
2020-12-16 00:00:00,1585,1532.235,3.443662362496621,0,Normal,10.1
2020-12-16 01:00:00,1205,1101.425,9.40372699003564,0,Normal,27.58
2020-12-16 02:00:00,471,676.175,0.0,1,Normal,5.0
2020-12-16 03:00:00,950,789.6,20.314083080040525,0,High,59.57
2020-12-16 04:00:00,1210,958.02,26.302164881735244,1,High,82.13
2020-12-16 05:00:00,1337,1275.59,4.8142428209691275,0,Normal,14.12
2020-12-16 06:00:00,1614,1902.835,0.0,0,Normal,0.0
2020-12-16 07:00:00,2522,2550.005,0.0,0,Normal,0.0
2020-12-16 08:00:00,2771,3218.365,0.0,0,Normal,0.0
2020-12-16 09:00:00,3406,3395.765,0.30140483808508917,0,Normal,0.88
2020-12-16 10:00:00,3512,3333.32,5.360421441685761,0,Normal,15.72
2020-12-16 11:00:00,3447,3259.45,5.754038257988317,0,Normal,16.87
2020-12-16 12:00:00,3335,3106.325,7.36159287904518,0,Normal,21.59
2020-12-16 13:00:00,3208,3047.29,5.2738662877507565,0,Normal,15.47
2020-12-16 14:00:00,3481,3035.885,14.661787254787312,0,Warning,42.99
2020-12-16 15:00:00,3010,2964.93,1.5201033413942375,0,Normal,4.46
2020-12-16 16:00:00,2716,2379.5,14.14162639209918,0,Warning,41.47
2020-12-16 17:00:00,2390,2674.21,0.0,0,Normal,0.0
2020-12-16 18:00:00,3096,2836.83,9.135901693087005,0,Normal,26.79
2020-12-16 19:00:00,3265,3154.815,3.4925978226932464,0,Normal,10.24
2020-12-16 20:00:00,2929,2840.15,3.1283558966955933,0,Normal,9.17
2020-12-16 21:00:00,2061,2399.345,0.0,0,Normal,0.0
2020-12-16 22:00:00,1915,2031.925,0.0,0,Normal,0.0
2020-12-16 23:00:00,1711,1796.33,0.0,0,Normal,0.0
2020-12-17 00:00:00,1436,1541.175,0.0,0,Normal,0.0
2020-12-17 01:00:00,1250,1161.775,7.59398334445137,0,Normal,22.27
2020-12-17 02:00:00,774,789.755,0.0,0,Normal,0.0
2020-12-17 03:00:00,357,750.255,0.0,1,Normal,5.0
2020-12-17 04:00:00,1059,1008.645,4.992341210237499,0,Normal,14.64
2020-12-17 05:00:00,1381,1082.075,27.62516461428274,1,High,85.0
2020-12-17 06:00:00,1873,1774.295,5.56305462169481,0,Normal,16.31
2020-12-17 07:00:00,2576,2827.3,0.0,0,Normal,0.0
2020-12-17 08:00:00,3161,3166.4,0.0,0,Normal,0.0
2020-12-17 09:00:00,3155,3342.0,0.0,0,Normal,0.0
2020-12-17 10:00:00,2835,3011.825,0.0,0,Normal,0.0
2020-12-17 11:00:00,3381,2928.86,15.43740568002567,0,Warning,45.27
2020-12-17 12:00:00,3309,3105.085,6.567131012516564,0,Normal,19.26
2020-12-17 13:00:00,3181,3071.645,3.560144482842256,0,Normal,10.44
2020-12-17 14:00:00,3039,3014.69,0.8063847360756808,0,Normal,2.36
2020-12-17 15:00:00,2906,2914.295,0.0,0,Normal,0.0
2020-12-17 16:00:00,2913,2637.005,10.466229681020698,0,Normal,30.69
2020-12-17 17:00:00,2962,2680.975,10.482193977937134,0,Normal,30.74
2020-12-17 18:00:00,2934,3050.955,0.0,0,Normal,0.0
2020-12-17 19:00:00,3371,3255.06,3.561839105884379,0,Normal,10.44
2020-12-17 20:00:00,2939,2911.24,0.9535455682114913,0,Normal,2.8
2020-12-17 21:00:00,2188,2372.68,0.0,0,Normal,0.0
2020-12-17 22:00:00,2050,2020.94,1.4379447187942218,0,Normal,4.22
2020-12-17 23:00:00,1694,1770.14,0.0,0,Normal,0.0
2020-12-18 00:00:00,1239,1428.51,0.0,0,Normal,0.0
2020-12-18 01:00:00,1376,1182.035,16.409412580845736,0,Warning,48.12
2020-12-18 02:00:00,861,920.01,0.0,0,Normal,0.0
2020-12-18 03:00:00,421,632.23,0.0,1,Normal,5.0
2020-12-18 04:00:00,1009,929.05,8.605564824282876,0,Normal,25.24
2020-12-18 05:00:00,1367,1205.98,13.35179687888688,0,Warning,39.15
2020-12-18 06:00:00,2214,1968.04,12.497713461108516,0,Warning,36.65
2020-12-18 07:00:00,2432,3021.865,0.0,0,Normal,0.0
2020-12-18 08:00:00,2931,3380.06,0.0,0,Normal,0.0
2020-12-18 09:00:00,3630,3517.135,3.2090039193832416,0,Normal,9.41
2020-12-18 10:00:00,3711,3203.025,15.859226824642327,0,Warning,46.51
2020-12-18 11:00:00,3543,3486.43,1.6225766758546756,0,Normal,4.76
2020-12-18 12:00:00,3456,3355.09,3.0076689447973033,0,Normal,8.82
2020-12-18 13:00:00,3331,3214.225,3.633068624629579,0,Normal,10.65
2020-12-18 14:00:00,3630,3076.005,18.010211296795678,0,Warning,52.81
2020-12-18 15:00:00,3156,3234.695,0.0,0,Normal,0.0
2020-12-18 16:00:00,2850,2872.44,0.0,0,Normal,0.0
2020-12-18 17:00:00,2547,2836.855,0.0,0,Normal,0.0
2020-12-18 18:00:00,3189,2819.6,13.101149099163006,0,Warning,38.42
2020-12-18 19:00:00,3138,3113.655,0.7818785318219199,0,Normal,2.29
2020-12-18 20:00:00,2685,2846.24,0.0,0,Normal,0.0
2020-12-18 21:00:00,2065,2162.615,0.0,0,Normal,0.0
2020-12-18 22:00:00,1887,1978.915,0.0,0,Normal,0.0
2020-12-18 23:00:00,1870,1774.75,5.3669530919847865,0,Normal,15.74
2020-12-19 00:00:00,1729,1441.175,19.971550991378567,0,Warning,58.57
2020-12-19 01:00:00,1549,1352.12,14.56083779546195,0,Warning,42.7
2020-12-19 02:00:00,682,985.775,0.0,1,Normal,5.0
2020-12-19 03:00:00,754,703.735,7.142603394743759,0,Normal,20.95
2020-12-19 04:00:00,995,744.565,33.63507551389065,1,High,85.0
2020-12-19 05:00:00,839,910.97,0.0,0,Normal,0.0
2020-12-19 06:00:00,810,784.455,3.2564009407805363,0,Normal,9.55
2020-12-19 07:00:00,1552,1578.125,0.0,0,Normal,0.0
2020-12-19 08:00:00,2528,2323.115,8.819408423603663,0,Normal,25.86
2020-12-19 09:00:00,3736,3544.76,5.395005585709605,0,Normal,15.82
2020-12-19 10:00:00,4207,3937.38,6.847700755324604,0,Normal,20.08
2020-12-19 11:00:00,4077,3949.7,3.2230295971846012,0,Normal,9.45
2020-12-19 12:00:00,4001,3802.355,5.224262332159937,0,Normal,15.32
2020-12-19 13:00:00,3749,3721.34,0.7432806462188312,0,Normal,2.18
2020-12-19 14:00:00,3403,3405.2,0.0,0,Normal,0.0
2020-12-19 15:00:00,3116,3061.485,1.7806717981633051,0,Normal,5.22
2020-12-19 16:00:00,3064,2856.955,7.247051493635709,0,Normal,21.25
2020-12-19 17:00:00,3040,2771.395,9.692050393393941,0,Normal,28.42
2020-12-19 18:00:00,3021,3021.105,0.0,0,Normal,0.0
2020-12-19 19:00:00,2746,2879.45,0.0,0,Normal,0.0
2020-12-19 20:00:00,2293,2422.18,0.0,0,Normal,0.0
2020-12-19 21:00:00,1777,1866.215,0.0,0,Normal,0.0
2020-12-19 22:00:00,1713,1812.45,0.0,0,Normal,0.0
2020-12-19 23:00:00,1690,1828.56,0.0,0,Normal,0.0
2020-12-20 00:00:00,1750,1680.68,4.12452102720327,0,Normal,12.09
2020-12-20 01:00:00,1334,1424.675,0.0,0,Normal,0.0
2020-12-20 02:00:00,834,791.855,5.322312797166146,0,Normal,15.61
2020-12-20 03:00:00,781,822.665,0.0,0,Normal,0.0
2020-12-20 04:00:00,639,866.495,0.0,1,Normal,5.0
2020-12-20 05:00:00,813,746.845,8.857929021416757,0,Normal,25.98
2020-12-20 06:00:00,783,642.705,21.828832823768284,0,High,64.01
2020-12-20 07:00:00,1396,1262.525,10.572067879843955,0,Normal,31.0
2020-12-20 08:00:00,2246,2163.825,3.7976731020299788,0,Normal,11.14
2020-12-20 09:00:00,3316,3292.78,0.7051792102721651,0,Normal,2.07
2020-12-20 10:00:00,3909,3788.67,3.1760485869711514,0,Normal,9.31
2020-12-20 11:00:00,4040,3867.6,4.457544730582276,0,Normal,13.07
2020-12-20 12:00:00,3904,3899.03,0.12746760091612014,0,Normal,0.37
2020-12-20 13:00:00,3668,3665.06,0.0802169677986187,0,Normal,0.24
2020-12-20 14:00:00,3257,3382.98,0.0,0,Normal,0.0
2020-12-20 15:00:00,3165,2944.51,7.488172904829658,0,Normal,21.96
2020-12-20 16:00:00,2936,2832.535,3.6527350941824253,0,Normal,10.71
2020-12-20 17:00:00,2944,2960.82,0.0,0,Normal,0.0
2020-12-20 18:00:00,3003,2991.62,0.380395905897143,0,Normal,1.12
2020-12-20 19:00:00,2888,2918.12,0.0,0,Normal,0.0
2020-12-20 20:00:00,2592,2635.625,0.0,0,Normal,0.0
2020-12-20 21:00:00,2003,1981.82,1.0687146158581537,0,Normal,3.13
2020-12-20 22:00:00,1880,1791.345,4.949074578040521,0,Normal,14.51
2020-12-20 23:00:00,1659,1689.81,0.0,0,Normal,0.0
2020-12-21 00:00:00,1643,1569.99,4.650348091389116,0,Normal,13.64
2020-12-21 01:00:00,1193,1198.71,0.0,0,Normal,0.0
2020-12-21 02:00:00,624,805.17,0.0,1,Normal,5.0
2020-12-21 03:00:00,857,767.575,11.650327329576909,0,Warning,34.16
2020-12-21 04:00:00,1160,883.955,31.228399635728053,1,High,85.0
2020-12-21 05:00:00,1328,1292.46,2.7497949646410693,0,Normal,8.06
2020-12-21 06:00:00,1729,1910.22,0.0,0,Normal,0.0
2020-12-21 07:00:00,2149,2690.35,0.0,0,Normal,0.0
2020-12-21 08:00:00,2789,3011.625,0.0,0,Normal,0.0
2020-12-21 09:00:00,3770,3367.695,11.946004611462731,0,Warning,35.03
2020-12-21 10:00:00,3693,3568.62,3.485380903542549,0,Normal,10.22
2020-12-21 11:00:00,3547,3423.795,3.5984923162747746,0,Normal,10.55
2020-12-21 12:00:00,3517,3294.08,6.767291626190016,0,Normal,19.84
2020-12-21 13:00:00,3399,3319.745,2.387382163389059,0,Normal,7.0
2020-12-21 14:00:00,3515,3115.14,12.836020210969657,0,Warning,37.64
2020-12-21 15:00:00,3072,3155.6,0.0,0,Normal,0.0
2020-12-21 16:00:00,2499,2840.14,0.0,0,Normal,0.0
2020-12-21 17:00:00,2430,2593.735,0.0,0,Normal,0.0
2020-12-21 18:00:00,2966,2773.515,6.940110293256035,0,Normal,20.35
2020-12-21 19:00:00,3097,2949.655,4.99532996231762,0,Normal,14.65
2020-12-21 20:00:00,2481,2901.79,0.0,0,Normal,0.0
2020-12-21 21:00:00,2071,2015.875,2.734544552613629,0,Normal,8.02
2020-12-21 22:00:00,2067,1980.14,4.386558526164811,0,Normal,12.86
2020-12-21 23:00:00,1719,1850.14,0.0,0,Normal,0.0
2020-12-22 00:00:00,1695,1563.615,8.40264387333199,0,Normal,24.64
2020-12-22 01:00:00,1542,1164.105,32.46227788730398,1,High,85.0
2020-12-22 02:00:00,650,1051.065,0.0,2,Normal,10.0
2020-12-22 03:00:00,722,818.435,0.0,0,Normal,0.0
2020-12-22 04:00:00,1049,989.025,6.0640529814716535,0,Normal,17.78
2020-12-22 05:00:00,1399,1208.91,15.724082024302877,0,Warning,46.11
2020-12-22 06:00:00,1371,1681.865,0.0,0,Normal,0.0
2020-12-22 07:00:00,1990,2060.25,0.0,0,Normal,0.0
2020-12-22 08:00:00,2862,2955.365,0.0,0,Normal,0.0
2020-12-22 09:00:00,3841,3399.805,12.977067802418086,0,Warning,38.05
2020-12-22 10:00:00,3955,3645.075,8.502568534255131,0,Normal,24.93
2020-12-22 11:00:00,3897,3794.325,2.706014903836656,0,Normal,7.94
2020-12-22 12:00:00,3722,3666.575,1.5116286998084094,0,Normal,4.43
2020-12-22 13:00:00,3567,3432.11,3.9302353362800106,0,Normal,11.53
2020-12-22 14:00:00,3537,3180.09,11.223267266020768,0,Warning,32.91
2020-12-22 15:00:00,3128,3239.005,0.0,0,Normal,0.0
2020-12-22 16:00:00,2637,2479.025,6.3724649811921985,0,Normal,18.69
2020-12-22 17:00:00,2746,2414.89,13.711183532169175,0,Warning,40.21
2020-12-22 18:00:00,3225,2886.535,11.725650303911097,0,Warning,34.38
2020-12-22 19:00:00,3325,3126.755,6.340279299145596,0,Normal,18.59
2020-12-22 20:00:00,2619,2822.2,0.0,0,Normal,0.0
2020-12-22 21:00:00,2165,2248.525,0.0,0,Normal,0.0
2020-12-22 22:00:00,2136,2032.13,5.111385590488792,0,Normal,14.99
2020-12-22 23:00:00,1849,1913.66,0.0,0,Normal,0.0
2020-12-23 00:00:00,1722,1633.805,5.398135028354053,0,Normal,15.83
2020-12-23 01:00:00,1381,1543.75,0.0,0,Normal,0.0
2020-12-23 02:00:00,491,852.535,0.0,1,Normal,5.0
2020-12-23 03:00:00,875,734.075,19.197629669992843,0,Warning,56.3
2020-12-23 04:00:00,1007,1034.515,0.0,0,Normal,0.0
2020-12-23 05:00:00,1447,1388.935,4.180541206031964,0,Normal,12.26
2020-12-23 06:00:00,1276,1624.505,0.0,0,Normal,0.0
2020-12-23 07:00:00,1698,2058.93,0.0,0,Normal,0.0
2020-12-23 08:00:00,2848,2706.485,5.228737643105352,0,Normal,15.33
2020-12-23 09:00:00,3775,3448.045,9.482329841982919,0,Normal,27.81
2020-12-23 10:00:00,3913,3630.51,7.781000465499331,0,Normal,22.82
2020-12-23 11:00:00,3723,3739.06,0.0,0,Normal,0.0
2020-12-23 12:00:00,3669,3529.415,3.9549047080040185,0,Normal,11.6
2020-12-23 13:00:00,3523,3403.96,3.4971033737176684,0,Normal,10.26
2020-12-23 14:00:00,3656,3315.19,10.28025543030716,0,Normal,30.15
2020-12-23 15:00:00,3337,3313.06,0.7225948217056152,0,Normal,2.12
2020-12-23 16:00:00,2925,2948.165,0.0,0,Normal,0.0
2020-12-23 17:00:00,2963,2841.22,4.286186919703515,0,Normal,12.57
2020-12-23 18:00:00,3413,3191.065,6.954888101621244,0,Normal,20.39
2020-12-23 19:00:00,3325,3268.305,1.7346912237383036,0,Normal,5.09
2020-12-23 20:00:00,2777,2939.89,0.0,0,Normal,0.0
2020-12-23 21:00:00,2289,2168.465,5.558540257739915,0,Normal,16.3
2020-12-23 22:00:00,2173,2005.675,8.34257793510913,0,Normal,24.46
2020-12-23 23:00:00,1922,1820.07,5.600334053085874,0,Normal,16.42
2020-12-24 00:00:00,1555,1602.94,0.0,0,Normal,0.0
2020-12-24 01:00:00,1533,1255.215,22.130471672183656,0,High,64.9
2020-12-24 02:00:00,1115,957.4,16.46124921662837,0,Warning,48.27
2020-12-24 03:00:00,646,824.06,0.0,0,Normal,0.0
2020-12-24 04:00:00,891,967.81,0.0,0,Normal,0.0
2020-12-24 05:00:00,1150,1383.165,0.0,0,Normal,0.0
2020-12-24 06:00:00,1029,1749.62,0.0,1,Normal,5.0
2020-12-24 07:00:00,1166,1836.515,0.0,2,Normal,10.0
2020-12-24 08:00:00,2014,2399.4,0.0,0,Normal,0.0
2020-12-24 09:00:00,3915,3147.555,24.382258610254635,1,High,76.5
2020-12-24 10:00:00,4154,3653.235,13.70744011814186,0,Warning,40.2
2020-12-24 11:00:00,4298,3941.235,9.052111838040611,0,Normal,26.54
2020-12-24 12:00:00,4173,3996.985,4.403694284566989,0,Normal,12.91
2020-12-24 13:00:00,3993,3911.45,2.084904575029725,0,Normal,6.11
2020-12-24 14:00:00,4419,3834.37,15.247094046740406,0,Warning,44.71
2020-12-24 15:00:00,3905,3700.385,5.529559762024756,0,Normal,16.22
2020-12-24 16:00:00,3260,3644.885,0.0,0,Normal,0.0
2020-12-24 17:00:00,2152,3083.365,0.0,1,Normal,5.0
2020-12-24 18:00:00,2157,2766.325,0.0,0,Normal,0.0
2020-12-24 19:00:00,2159,2811.085,0.0,1,Normal,5.0
2020-12-24 20:00:00,1782,2278.915,0.0,0,Normal,0.0
2020-12-24 21:00:00,1535,1989.075,0.0,1,Normal,5.0
2020-12-24 22:00:00,2187,1937.555,12.87421518356898,0,Warning,37.75
2020-12-24 23:00:00,1862,1896.58,0.0,0,Normal,0.0
2020-12-25 00:00:00,1290,1555.635,0.0,0,Normal,0.0
2020-12-25 01:00:00,1373,1396.9,0.0,0,Normal,0.0
2020-12-25 02:00:00,1276,1013.475,25.903450997804576,1,High,80.96
2020-12-25 03:00:00,856,777.03,10.16305676743498,0,Normal,29.8
2020-12-25 04:00:00,284,897.515,0.0,1,Normal,5.0
2020-12-25 05:00:00,788,1136.505,0.0,2,Normal,10.0
2020-12-25 06:00:00,1000,1827.365,0.0,3,Normal,15.0
2020-12-25 07:00:00,1124,2035.375,0.0,4,Normal,20.0
2020-12-25 08:00:00,1538,2018.59,0.0,5,Normal,20.0
2020-12-25 09:00:00,2707,2588.43,4.58076903760195,0,Normal,13.43
2020-12-25 10:00:00,3500,3475.105,0.7163812316462375,0,Normal,2.1
2020-12-25 11:00:00,3437,3556.445,0.0,0,Normal,0.0
2020-12-25 12:00:00,3600,3460.68,4.02579839800271,0,Normal,11.81
2020-12-25 13:00:00,3183,3324.99,0.0,0,Normal,0.0
2020-12-25 14:00:00,2811,3191.675,0.0,0,Normal,0.0
2020-12-25 15:00:00,2391,2844.0,0.0,0,Normal,0.0
2020-12-25 16:00:00,2485,2662.825,0.0,0,Normal,0.0
2020-12-25 17:00:00,2420,2458.03,0.0,0,Normal,0.0
2020-12-25 18:00:00,2200,2523.755,0.0,0,Normal,0.0
2020-12-25 19:00:00,2385,2354.445,1.2977580703732656,0,Normal,3.81
2020-12-25 20:00:00,2281,2212.38,3.101637150941515,0,Normal,9.1
2020-12-25 21:00:00,1857,1772.06,4.793291423540967,0,Normal,14.06
2020-12-25 22:00:00,2269,1882.91,20.50496306249369,0,High,60.13
2020-12-25 23:00:00,1624,1906.93,0.0,0,Normal,0.0
2020-12-26 00:00:00,1214,1297.055,0.0,0,Normal,0.0
2020-12-26 01:00:00,1360,1185.94,14.676965107846934,0,Warning,43.04
2020-12-26 02:00:00,1018,854.15,19.1828133231868,0,Warning,56.25
2020-12-26 03:00:00,743,677.375,9.688134342129544,0,Normal,28.41
2020-12-26 04:00:00,505,602.595,0.0,0,Normal,0.0
2020-12-26 05:00:00,860,597.945,43.82593716813418,1,High,85.0
2020-12-26 06:00:00,883,763.805,15.605422850072998,0,Warning,45.76
2020-12-26 07:00:00,1134,1469.2,0.0,1,Normal,5.0
2020-12-26 08:00:00,1491,1854.32,0.0,0,Normal,0.0
2020-12-26 09:00:00,2742,2610.675,5.0303082536125645,0,Normal,14.75
2020-12-26 10:00:00,3423,3450.685,0.0,0,Normal,0.0
2020-12-26 11:00:00,3633,3437.04,5.701417498778019,0,Normal,16.72
2020-12-26 12:00:00,3722,3594.335,3.5518392136514807,0,Normal,10.42
2020-12-26 13:00:00,3554,3597.26,0.0,0,Normal,0.0
2020-12-26 14:00:00,3041,3278.695,0.0,0,Normal,0.0
2020-12-26 15:00:00,2746,2792.82,0.0,0,Normal,0.0
2020-12-26 16:00:00,2511,2599.455,0.0,0,Normal,0.0
2020-12-26 17:00:00,2344,2556.585,0.0,0,Normal,0.0
2020-12-26 18:00:00,2345,2411.36,0.0,0,Normal,0.0
2020-12-26 19:00:00,2408,2357.97,2.121740310521347,0,Normal,6.22
2020-12-26 20:00:00,2114,2064.04,2.420495726827001,0,Normal,7.1
2020-12-26 21:00:00,1625,1728.165,0.0,0,Normal,0.0
2020-12-26 22:00:00,1942,1772.155,9.584093942121317,0,Normal,28.1
2020-12-26 23:00:00,2047,1704.38,20.1023245989744,0,High,58.95
2020-12-27 00:00:00,1325,1288.42,2.839136306483905,0,Normal,8.33
2020-12-27 01:00:00,1294,1188.49,8.877651473718752,0,Normal,26.03
2020-12-27 02:00:00,1140,986.115,15.605177895073089,0,Warning,45.76
2020-12-27 03:00:00,1003,789.09,27.10844136917208,1,High,84.49
2020-12-27 04:00:00,333,631.35,0.0,2,Normal,10.0
2020-12-27 05:00:00,652,661.61,0.0,0,Normal,0.0
2020-12-27 06:00:00,1034,707.535,46.14118029496775,1,High,85.0
2020-12-27 07:00:00,1019,1459.25,0.0,2,Normal,10.0
2020-12-27 08:00:00,1555,1939.61,0.0,0,Normal,0.0
2020-12-27 09:00:00,2549,2526.43,0.8933554462225419,0,Normal,2.62
2020-12-27 10:00:00,3480,3418.775,1.7908461364085062,0,Normal,5.25
2020-12-27 11:00:00,3544,3528.265,0.4459699030543377,0,Normal,1.31
2020-12-27 12:00:00,3653,3612.285,1.127125905071171,0,Normal,3.31
2020-12-27 13:00:00,3413,3574.56,0.0,0,Normal,0.0
2020-12-27 14:00:00,3141,3134.255,0.21520265581453615,0,Normal,0.63
2020-12-27 15:00:00,2799,2824.845,0.0,0,Normal,0.0
2020-12-27 16:00:00,2654,2607.755,1.7733644456630278,0,Normal,5.2
2020-12-27 17:00:00,2829,2671.155,5.909241507887029,0,Normal,17.33
2020-12-27 18:00:00,2882,2871.37,0.37020655645215034,0,Normal,1.09
2020-12-27 19:00:00,2609,2863.785,0.0,0,Normal,0.0
2020-12-27 20:00:00,2222,2362.365,0.0,0,Normal,0.0
2020-12-27 21:00:00,1913,1784.19,7.219522584478106,0,Normal,21.17
2020-12-27 22:00:00,1777,1797.995,0.0,0,Normal,0.0
2020-12-27 23:00:00,1689,1648.635,2.4483891219099445,0,Normal,7.18
2020-12-28 00:00:00,1731,1365.025,26.81086426988516,1,High,83.62
2020-12-28 01:00:00,1050,1063.46,0.0,0,Normal,0.0
2020-12-28 02:00:00,600,734.0,0.0,0,Normal,0.0
2020-12-28 03:00:00,1049,821.81,27.64507611248343,1,High,85.0
2020-12-28 04:00:00,989,806.61,22.611919019104647,2,High,76.31
2020-12-28 05:00:00,1034,1147.725,0.0,0,Normal,0.0
2020-12-28 06:00:00,925,1636.935,0.0,1,Normal,5.0
2020-12-28 07:00:00,1907,2117.935,0.0,0,Normal,0.0
2020-12-28 08:00:00,2469,2714.355,0.0,0,Normal,0.0
2020-12-28 09:00:00,3388,3363.495,0.7285576461389154,0,Normal,2.14
2020-12-28 10:00:00,3820,3460.97,10.373681366784462,0,Normal,30.42
2020-12-28 11:00:00,3712,3615.73,2.6625328771783288,0,Normal,7.81
2020-12-28 12:00:00,3645,3529.905,3.260569335435367,0,Normal,9.56
2020-12-28 13:00:00,3581,3366.415,6.374288375022094,0,Normal,18.69
2020-12-28 14:00:00,3349,3376.52,0.0,0,Normal,0.0
2020-12-28 15:00:00,3091,2954.57,4.617592407693838,0,Normal,13.54
2020-12-28 16:00:00,2893,2692.595,7.44282003049104,0,Normal,21.83
2020-12-28 17:00:00,2840,2868.575,0.0,0,Normal,0.0
2020-12-28 18:00:00,2871,2933.615,0.0,0,Normal,0.0
2020-12-28 19:00:00,2765,2917.96,0.0,0,Normal,0.0
2020-12-28 20:00:00,2564,2541.72,0.8765717702972871,0,Normal,2.57
2020-12-28 21:00:00,1973,2080.265,0.0,0,Normal,0.0
2020-12-28 22:00:00,1848,1840.48,0.4085890637225062,0,Normal,1.2
2020-12-28 23:00:00,1937,1749.47,10.719246400338386,0,Normal,31.43
2020-12-29 00:00:00,1878,1722.355,9.03675490825062,0,Normal,26.5
2020-12-29 01:00:00,1371,1246.625,9.976937731876065,0,Normal,29.26
2020-12-29 02:00:00,760,881.835,0.0,0,Normal,0.0
2020-12-29 03:00:00,1143,843.42,35.51966991534468,1,High,85.0
2020-12-29 04:00:00,1331,1043.37,27.56740178460183,2,High,90.0
2020-12-29 05:00:00,1275,1299.99,0.0,0,Normal,0.0
2020-12-29 06:00:00,992,1696.5,0.0,1,Normal,5.0
2020-12-29 07:00:00,2199,1998.08,10.055653427290203,0,Normal,29.49
2020-12-29 08:00:00,2629,2959.605,0.0,0,Normal,0.0
2020-12-29 09:00:00,3527,3456.92,2.02723811948208,0,Normal,5.94
2020-12-29 10:00:00,4013,3508.46,14.38066844142444,0,Warning,42.17
2020-12-29 11:00:00,3963,3876.06,2.2429993343756305,0,Normal,6.58
2020-12-29 12:00:00,3840,3782.395,1.5229768440366493,0,Normal,4.47
2020-12-29 13:00:00,3636,3575.58,1.6897957813837219,0,Normal,4.96
2020-12-29 14:00:00,3184,3430.77,0.0,0,Normal,0.0
2020-12-29 15:00:00,2992,2956.54,1.1993749450371054,0,Normal,3.52
2020-12-29 16:00:00,2792,2845.615,0.0,0,Normal,0.0
2020-12-29 17:00:00,2818,2806.63,0.40511218080045786,0,Normal,1.19
2020-12-29 18:00:00,2863,2907.27,0.0,0,Normal,0.0
2020-12-29 19:00:00,2870,2932.615,0.0,0,Normal,0.0
2020-12-29 20:00:00,2568,2725.77,0.0,0,Normal,0.0
2020-12-29 21:00:00,2214,2159.335,2.531566431331867,0,Normal,7.42
2020-12-29 22:00:00,1999,2038.065,0.0,0,Normal,0.0
2020-12-29 23:00:00,1848,1890.355,0.0,0,Normal,0.0
2020-12-30 00:00:00,1942,1701.58,14.12922107688149,0,Warning,41.43
2020-12-30 01:00:00,1357,1385.25,0.0,0,Normal,0.0
2020-12-30 02:00:00,763,836.55,0.0,0,Normal,0.0
2020-12-30 03:00:00,1099,992.94,10.68141075996535,0,Normal,31.32
2020-12-30 04:00:00,1304,1025.445,27.164304277655077,1,High,84.66
2020-12-30 05:00:00,1278,1426.915,0.0,0,Normal,0.0
2020-12-30 06:00:00,1162,1693.175,0.0,1,Normal,5.0
2020-12-30 07:00:00,1968,2110.955,0.0,0,Normal,0.0
2020-12-30 08:00:00,2338,2810.765,0.0,0,Normal,0.0
2020-12-30 09:00:00,3208,3416.81,0.0,0,Normal,0.0
2020-12-30 10:00:00,3747,3438.865,8.960369191579206,0,Normal,26.28
2020-12-30 11:00:00,3656,3622.225,0.9324379352469847,0,Normal,2.73
2020-12-30 12:00:00,3490,3604.13,0.0,0,Normal,0.0
2020-12-30 13:00:00,3330,3339.555,0.0,0,Normal,0.0
2020-12-30 14:00:00,3173,3146.975,0.8269846439835108,0,Normal,2.43
2020-12-30 15:00:00,2964,3067.535,0.0,0,Normal,0.0
2020-12-30 16:00:00,2936,2822.145,4.034342671974687,0,Normal,11.83
2020-12-30 17:00:00,2833,2967.375,0.0,0,Normal,0.0
2020-12-30 18:00:00,2750,2912.895,0.0,0,Normal,0.0
2020-12-30 19:00:00,2724,2899.43,0.0,0,Normal,0.0
2020-12-30 20:00:00,2380,2592.035,0.0,0,Normal,0.0
2020-12-30 21:00:00,1954,2133.35,0.0,0,Normal,0.0
2020-12-30 22:00:00,1780,1965.285,0.0,0,Normal,0.0
2020-12-30 23:00:00,1839,1919.335,0.0,0,Normal,0.0
2020-12-31 00:00:00,1862,1737.125,7.1886018565157945,0,Normal,21.08
2020-12-31 01:00:00,1488,1420.94,4.719411094064489,0,Normal,13.84
2020-12-31 02:00:00,681,900.815,0.0,1,Normal,5.0
2020-12-31 03:00:00,844,808.49,4.392138430902051,0,Normal,12.88
2020-12-31 04:00:00,1076,1012.3,6.292601007606445,0,Normal,18.45
2020-12-31 05:00:00,787,1159.41,0.0,1,Normal,5.0
2020-12-31 06:00:00,462,1063.365,0.0,2,Normal,10.0
2020-12-31 07:00:00,1267,1721.255,0.0,3,Normal,15.0
2020-12-31 08:00:00,2346,2067.32,13.480254629181735,0,Warning,39.53
2020-12-31 09:00:00,3072,3218.135,0.0,0,Normal,0.0
2020-12-31 10:00:00,3739,3338.935,11.98181456063086,0,Warning,35.14
2020-12-31 11:00:00,3883,3640.545,6.6598544998070315,0,Normal,19.53
2020-12-31 12:00:00,3950,3745.11,5.470867344350363,0,Normal,16.04
2020-12-31 13:00:00,3782,3818.72,0.0,0,Normal,0.0
2020-12-31 14:00:00,3586,3627.58,0.0,0,Normal,0.0
2020-12-31 15:00:00,3408,3459.04,0.0,0,Normal,0.0
2020-12-31 16:00:00,3579,3169.69,12.91325019165912,0,Warning,37.87
2020-12-31 17:00:00,3557,3032.53,17.294800051442188,0,Warning,50.72
2020-12-31 18:00:00,3291,3047.02,8.007167658892952,0,Normal,23.48
2020-12-31 19:00:00,2461,2910.925,0.0,0,Normal,0.0
2020-12-31 20:00:00,1963,2047.79,0.0,0,Normal,0.0
2020-12-31 21:00:00,1332,1747.11,0.0,1,Normal,5.0
2020-12-31 22:00:00,1293,1894.15,0.0,2,Normal,10.0
2020-12-31 23:00:00,1812,1663.59,8.921068292067162,0,Normal,26.16
2021-01-01 00:00:00,1659,1648.005,0.6671703059153273,0,Normal,1.96
2021-01-01 01:00:00,1425,1432.165,0.0,0,Normal,0.0
2021-01-01 02:00:00,1717,1076.345,59.521343063794596,1,High,85.0
2021-01-01 03:00:00,1680,1032.265,62.74890653078423,2,High,90.0
2021-01-01 04:00:00,715,1176.735,0.0,3,Normal,15.0
2021-01-01 05:00:00,356,987.36,0.0,4,Normal,20.0
2021-01-01 06:00:00,827,797.29,3.726373088838445,0,Normal,10.93
2021-01-01 07:00:00,1011,1219.28,0.0,0,Normal,0.0
2021-01-01 08:00:00,1041,2018.94,0.0,1,Normal,5.0
2021-01-01 09:00:00,1718,2115.1,0.0,0,Normal,0.0
2021-01-01 10:00:00,3102,2691.005,15.27291848212842,0,Warning,44.79
2021-01-01 11:00:00,3261,3066.8,6.332333376809697,0,Normal,18.57
2021-01-01 12:00:00,3566,3276.145,8.84744112363769,0,Normal,25.94
2021-01-01 13:00:00,3259,3338.84,0.0,0,Normal,0.0
2021-01-01 14:00:00,3052,2957.865,3.1825319952060096,0,Normal,9.33
2021-01-01 15:00:00,2756,2782.22,0.0,0,Normal,0.0
2021-01-01 16:00:00,2633,2693.51,0.0,0,Normal,0.0
2021-01-01 17:00:00,2551,2768.45,0.0,0,Normal,0.0
2021-01-01 18:00:00,2597,2698.94,0.0,0,Normal,0.0
2021-01-01 19:00:00,2436,2545.885,0.0,0,Normal,0.0
2021-01-01 20:00:00,2083,2125.48,0.0,0,Normal,0.0
2021-01-01 21:00:00,1705,1717.87,0.0,0,Normal,0.0
2021-01-01 22:00:00,1495,1826.725,0.0,0,Normal,0.0
2021-01-01 23:00:00,1833,1538.68,19.128083812098676,0,Warning,56.09
2021-01-02 00:00:00,970,1329.795,0.0,1,Normal,5.0
2021-01-02 01:00:00,717,1201.765,0.0,2,Normal,10.0
2021-01-02 02:00:00,735,780.765,0.0,0,Normal,0.0
2021-01-02 03:00:00,759,720.89,5.286520828420427,0,Normal,15.5
2021-01-02 04:00:00,278,534.055,0.0,1,Normal,5.0
2021-01-02 05:00:00,360,583.27,0.0,2,Normal,10.0
2021-01-02 06:00:00,703,776.215,0.0,0,Normal,0.0
2021-01-02 07:00:00,1429,989.09,44.47623573183431,1,High,85.0
2021-01-02 08:00:00,1841,1554.22,18.45169924463718,0,Warning,54.11
2021-01-02 09:00:00,3269,2594.9,25.9778796870785,1,High,81.18
2021-01-02 10:00:00,4001,3569.955,12.07424183217996,0,Warning,35.41
2021-01-02 11:00:00,4046,3777.045,7.120778280375265,0,Normal,20.88
2021-01-02 12:00:00,4029,3777.55,6.656430755383775,0,Normal,19.52
2021-01-02 13:00:00,3654,3716.66,0.0,0,Normal,0.0
2021-01-02 14:00:00,3932,3239.225,21.387060176431095,0,High,62.72
2021-01-02 15:00:00,3229,2960.295,9.076966991465376,0,Normal,26.62
2021-01-02 16:00:00,3024,2808.4,7.67696909272183,0,Normal,22.51
2021-01-02 17:00:00,2878,2709.1,6.234542837104577,0,Normal,18.28
2021-01-02 18:00:00,2945,2690.05,9.477519005222943,0,Normal,27.79
2021-01-02 19:00:00,2602,2599.76,0.08616179955071936,0,Normal,0.25
2021-01-02 20:00:00,2304,2259.85,1.9536694913379247,0,Normal,5.73
2021-01-02 21:00:00,1984,1806.345,9.835053658077497,0,Normal,28.84
2021-01-02 22:00:00,1393,1784.23,0.0,0,Normal,0.0
2021-01-02 23:00:00,1994,1940.93,2.734256258597679,0,Normal,8.02
2021-01-03 00:00:00,2182,1224.12,78.25049831715847,1,High,85.0
2021-01-03 01:00:00,1252,1276.08,0.0,0,Normal,0.0
2021-01-03 02:00:00,1018,921.675,10.451080912469152,0,Normal,30.65
2021-01-03 03:00:00,1132,837.365,35.18597027580565,1,High,85.0
2021-01-03 04:00:00,1099,773.605,42.06216350721621,2,High,90.0
2021-01-03 05:00:00,542,934.355,0.0,3,Normal,15.0
2021-01-03 06:00:00,402,862.275,0.0,4,Normal,20.0
2021-01-03 07:00:00,1226,1195.35,2.564102564102572,0,Normal,7.52
2021-01-03 08:00:00,1870,1655.195,12.977624992825623,0,Warning,38.06
2021-01-03 09:00:00,2539,2933.385,0.0,0,Normal,0.0
2021-01-03 10:00:00,3467,3520.985,0.0,0,Normal,0.0
2021-01-03 11:00:00,3915,3625.725,7.9784043191361755,0,Normal,23.4
2021-01-03 12:00:00,3553,3731.135,0.0,0,Normal,0.0
2021-01-03 13:00:00,3739,3362.595,11.193884485048013,0,Warning,32.83
2021-01-03 14:00:00,3364,3372.29,0.0,0,Normal,0.0
2021-01-03 15:00:00,3002,2999.355,0.08818562657637999,0,Normal,0.26
2021-01-03 16:00:00,2767,2698.555,2.536357420916015,0,Normal,7.44
2021-01-03 17:00:00,2789,2886.24,0.0,0,Normal,0.0
2021-01-03 18:00:00,3102,2914.155,6.445950884561727,0,Normal,18.9
2021-01-03 19:00:00,3198,2869.735,11.438861079507337,0,Warning,33.54
2021-01-03 20:00:00,2637,2726.87,0.0,0,Normal,0.0
2021-01-03 21:00:00,1998,2085.89,0.0,0,Normal,0.0
2021-01-03 22:00:00,1802,1798.23,0.2096506008686309,0,Normal,0.61
2021-01-03 23:00:00,1802,1741.32,3.4847127466519687,0,Normal,10.22
2021-01-04 00:00:00,1846,1757.81,5.017038246454398,0,Normal,14.71
2021-01-04 01:00:00,1344,1315.235,2.18706162776995,0,Normal,6.41
2021-01-04 02:00:00,610,819.015,0.0,1,Normal,5.0
2021-01-04 03:00:00,639,908.225,0.0,2,Normal,10.0
2021-01-04 04:00:00,952,956.92,0.0,0,Normal,0.0
2021-01-04 05:00:00,1102,1390.335,0.0,0,Normal,0.0
2021-01-04 06:00:00,1444,1728.665,0.0,0,Normal,0.0
2021-01-04 07:00:00,2178,1820.735,19.622020777323453,0,Warning,57.54
2021-01-04 08:00:00,2803,2478.16,13.108112470542668,0,Warning,38.44
2021-01-04 09:00:00,3494,3311.075,5.52464078886767,0,Normal,16.2
2021-01-04 10:00:00,3589,3415.965,5.065479300871052,0,Normal,14.85
2021-01-04 11:00:00,3430,3562.335,0.0,0,Normal,0.0
2021-01-04 12:00:00,2922,3310.33,0.0,0,Normal,0.0
2021-01-04 13:00:00,3525,2840.825,24.08367287671716,1,High,75.62
2021-01-04 14:00:00,3879,3251.54,19.297317578747304,0,Warning,56.59
2021-01-04 15:00:00,2820,3427.89,0.0,0,Normal,0.0
2021-01-04 16:00:00,2212,2699.145,0.0,0,Normal,0.0
2021-01-04 17:00:00,2981,2525.27,18.046783116260837,0,Warning,52.92
2021-01-04 18:00:00,2922,3119.045,0.0,0,Normal,0.0
2021-01-04 19:00:00,3139,3203.095,0.0,0,Normal,0.0
2021-01-04 20:00:00,2813,2724.295,3.256071754343782,0,Normal,9.55
2021-01-04 21:00:00,2087,2273.75,0.0,0,Normal,0.0
2021-01-04 22:00:00,2325,1914.78,21.423871149688217,0,High,62.82
2021-01-04 23:00:00,2036,1977.225,2.9726004880577626,0,Normal,8.72
2021-01-05 00:00:00,1868,1843.5,1.3289937618660157,0,Normal,3.9
2021-01-05 01:00:00,1539,1440.875,6.810098030710505,0,Normal,19.97
2021-01-05 02:00:00,906,915.31,0.0,0,Normal,0.0
2021-01-05 03:00:00,905,844.245,7.196370721769155,0,Normal,21.1
2021-01-05 04:00:00,1196,1140.055,4.907219388538266,0,Normal,14.39
2021-01-05 05:00:00,1496,1374.125,8.869280451196214,0,Normal,26.01
2021-01-05 06:00:00,1693,1760.095,0.0,0,Normal,0.0
2021-01-05 07:00:00,1870,2300.505,0.0,0,Normal,0.0
2021-01-05 08:00:00,2797,2689.16,4.010174180785084,0,Normal,11.76
2021-01-05 09:00:00,3553,3388.285,4.861308892256706,0,Normal,14.26
2021-01-05 10:00:00,3750,3561.645,5.288427117244981,0,Normal,15.51
2021-01-05 11:00:00,3700,3628.025,1.983861742959321,0,Normal,5.82
2021-01-05 12:00:00,3566,3594.01,0.0,0,Normal,0.0
2021-01-05 13:00:00,3667,3455.325,6.126051818569894,0,Normal,17.96
2021-01-05 14:00:00,3532,3321.705,6.33093546838145,0,Normal,18.57
2021-01-05 15:00:00,2833,3178.825,0.0,0,Normal,0.0
2021-01-05 16:00:00,2222,2580.76,0.0,0,Normal,0.0
2021-01-05 17:00:00,2751,2613.25,5.271214005548646,0,Normal,15.46
2021-01-05 18:00:00,3218,2964.46,8.552653771681856,0,Normal,25.08
2021-01-05 19:00:00,2927,3076.185,0.0,0,Normal,0.0
2021-01-05 20:00:00,2764,2812.07,0.0,0,Normal,0.0
2021-01-05 21:00:00,2131,2224.665,0.0,0,Normal,0.0
2021-01-05 22:00:00,1924,2150.175,0.0,0,Normal,0.0
2021-01-05 23:00:00,1949,1875.23,3.9339174394607586,0,Normal,11.54
2021-01-06 00:00:00,1680,1898.835,0.0,0,Normal,0.0
2021-01-06 01:00:00,1504,1497.305,0.44713668891775127,0,Normal,1.31
2021-01-06 02:00:00,971,852.125,13.950418072465895,0,Warning,40.91
2021-01-06 03:00:00,666,886.35,0.0,1,Normal,5.0
2021-01-06 04:00:00,1330,1079.575,23.19662830280434,2,High,78.02
2021-01-06 05:00:00,1573,1389.545,13.202523128074292,0,Warning,38.72
2021-01-06 06:00:00,1755,1946.73,0.0,0,Normal,0.0
2021-01-06 07:00:00,1884,2076.795,0.0,0,Normal,0.0
2021-01-06 08:00:00,2733,2543.21,7.462616142591448,0,Normal,21.88
2021-01-06 09:00:00,3349,3182.485,5.232232045084261,0,Normal,15.34
2021-01-06 10:00:00,3665,3411.27,7.4379923019872365,0,Normal,21.81
2021-01-06 11:00:00,3500,3597.555,0.0,0,Normal,0.0
2021-01-06 12:00:00,3331,3338.475,0.0,0,Normal,0.0
2021-01-06 13:00:00,3241,3230.075,0.33822744053931203,0,Normal,0.99
2021-01-06 14:00:00,2956,3072.49,0.0,0,Normal,0.0
2021-01-06 15:00:00,2880,2847.345,1.146857862324383,0,Normal,3.36
2021-01-06 16:00:00,2727,2723.195,0.13972557969590263,0,Normal,0.41
2021-01-06 17:00:00,2835,2859.56,0.0,0,Normal,0.0
2021-01-06 18:00:00,3103,2991.665,3.7215062515355175,0,Normal,10.91
2021-01-06 19:00:00,2906,2983.12,0.0,0,Normal,0.0
2021-01-06 20:00:00,2824,2629.33,7.403787276606591,0,Normal,21.71
2021-01-06 21:00:00,2442,2261.225,7.994560470541415,0,Normal,23.44
2021-01-06 22:00:00,2389,1954.91,22.20511430193717,0,High,65.12
2021-01-06 23:00:00,1985,1943.055,2.158713983906783,0,Normal,6.33
2021-01-07 00:00:00,1627,1783.97,0.0,0,Normal,0.0
2021-01-07 01:00:00,1564,1469.36,6.440899439211637,0,Normal,18.89
2021-01-07 02:00:00,1172,985.105,18.97208926967176,0,Warning,55.63
2021-01-07 03:00:00,606,838.565,0.0,1,Normal,5.0
2021-01-07 04:00:00,1090,1114.195,0.0,0,Normal,0.0
2021-01-07 05:00:00,1943,1393.665,39.41657428435097,1,High,85.0
2021-01-07 06:00:00,1598,2650.86,0.0,2,Normal,10.0
2021-01-07 07:00:00,1917,1802.415,6.357303950533037,0,Normal,18.64
2021-01-07 08:00:00,2921,2558.675,14.160649554945422,0,Warning,41.53
2021-01-07 09:00:00,3350,3113.66,7.590424131086893,0,Normal,22.26
2021-01-07 10:00:00,3458,3406.8,1.5028765997416875,0,Normal,4.41
2021-01-07 11:00:00,3491,3343.405,4.414511553341572,0,Normal,12.95
2021-01-07 12:00:00,3306,3344.825,0.0,0,Normal,0.0
2021-01-07 13:00:00,3289,3122.86,5.320123220381313,0,Normal,15.6
2021-01-07 14:00:00,3611,3045.39,18.572662286275328,0,Warning,54.46
2021-01-07 15:00:00,2919,3253.235,0.0,0,Normal,0.0
2021-01-07 16:00:00,2294,2927.535,0.0,0,Normal,0.0
2021-01-07 17:00:00,2706,2639.09,2.535343622233416,0,Normal,7.43
2021-01-07 18:00:00,3354,2801.575,19.718372701069942,0,Warning,57.82
2021-01-07 19:00:00,3023,2862.82,5.595182372625587,0,Normal,16.41
2021-01-07 20:00:00,2678,2649.12,1.0901733405810272,0,Normal,3.2
2021-01-07 21:00:00,2359,2209.04,6.788469199290191,0,Normal,19.91
2021-01-07 22:00:00,2115,2002.675,5.608748299149889,0,Normal,16.45
2021-01-07 23:00:00,1827,1912.55,0.0,0,Normal,0.0
2021-01-08 00:00:00,1650,1551.72,6.333616889645037,0,Normal,18.57
2021-01-08 01:00:00,1539,1491.255,3.2016657110956803,0,Normal,9.39
2021-01-08 02:00:00,964,1367.5,0.0,1,Normal,5.0
2021-01-08 03:00:00,637,1002.56,0.0,2,Normal,10.0
2021-01-08 04:00:00,1310,808.75,61.97836166924265,3,Critical,95.0
2021-01-08 05:00:00,1854,1211.745,53.00248814725872,4,Critical,100.0
2021-01-08 06:00:00,1547,2372.93,0.0,5,Normal,20.0
2021-01-08 07:00:00,1958,1983.18,0.0,0,Normal,0.0
2021-01-08 08:00:00,3074,3127.145,0.0,0,Normal,0.0
2021-01-08 09:00:00,3369,2981.245,13.006478836861785,0,Warning,38.14
2021-01-08 10:00:00,3605,3111.05,15.877276160781722,0,Warning,46.56
2021-01-08 11:00:00,3526,3376.68,4.422095075636429,0,Normal,12.97
2021-01-08 12:00:00,3352,3390.635,0.0,0,Normal,0.0
2021-01-08 13:00:00,3391,3208.305,5.694439898949763,0,Normal,16.7
2021-01-08 14:00:00,3750,3210.9,16.789685135008874,0,Warning,49.23
2021-01-08 15:00:00,2854,3219.21,0.0,0,Normal,0.0
2021-01-08 16:00:00,2464,2613.415,0.0,0,Normal,0.0
2021-01-08 17:00:00,3043,2628.31,15.777819207018961,0,Warning,46.27
2021-01-08 18:00:00,3164,3001.87,5.400966730737844,0,Normal,15.84
2021-01-08 19:00:00,3030,2953.885,2.576776008544672,0,Normal,7.56
2021-01-08 20:00:00,2608,2605.975,0.07770604092518504,0,Normal,0.23
2021-01-08 21:00:00,2024,2088.26,0.0,0,Normal,0.0
2021-01-08 22:00:00,1798,1882.5,0.0,0,Normal,0.0
2021-01-08 23:00:00,1946,1785.665,8.979007820615852,0,Normal,26.33
2021-01-09 00:00:00,2008,1262.235,59.0828966080009,1,High,85.0
2021-01-09 01:00:00,1618,1201.77,34.63474708138829,2,High,90.0
2021-01-09 02:00:00,860,1030.195,0.0,0,Normal,0.0
2021-01-09 03:00:00,1053,763.44,37.92832442628104,1,High,85.0
2021-01-09 04:00:00,1166,857.52,35.97350499113723,2,High,90.0
2021-01-09 05:00:00,1195,970.02,23.193336219871757,3,High,83.01
2021-01-09 06:00:00,633,955.665,0.0,4,Normal,20.0
2021-01-09 07:00:00,1405,1339.325,4.903589494708151,0,Normal,14.38
2021-01-09 08:00:00,2481,1999.77,24.06426739074994,1,High,75.57
2021-01-09 09:00:00,3311,3452.585,0.0,0,Normal,0.0
2021-01-09 10:00:00,3765,3688.915,2.0625305814853427,0,Normal,6.05
2021-01-09 11:00:00,3837,3690.935,3.9573983286077934,0,Normal,11.6
2021-01-09 12:00:00,3903,3665.905,6.467570763563152,0,Normal,18.97
2021-01-09 13:00:00,3602,3632.88,0.0,0,Normal,0.0
2021-01-09 14:00:00,3366,3559.45,0.0,0,Normal,0.0
2021-01-09 15:00:00,3226,3147.445,2.495833922435494,0,Normal,7.32
2021-01-09 16:00:00,3110,2953.13,5.31199100615279,0,Normal,15.58
2021-01-09 17:00:00,3014,2945.345,2.3309663214326406,0,Normal,6.84
2021-01-09 18:00:00,3152,3008.72,4.762157994097165,0,Normal,13.96
2021-01-09 19:00:00,2758,2955.82,0.0,0,Normal,0.0
2021-01-09 20:00:00,2426,2421.985,0.16577311585331342,0,Normal,0.49
2021-01-09 21:00:00,1983,1916.695,3.4593401662758065,0,Normal,10.14
2021-01-09 22:00:00,1728,1639.54,5.395415787354993,0,Normal,15.82
2021-01-09 23:00:00,1756,1955.92,0.0,0,Normal,0.0
2021-01-10 00:00:00,2020,2023.175,0.0,0,Normal,0.0
2021-01-10 01:00:00,1522,1495.315,1.784573818894343,0,Normal,5.23
2021-01-10 02:00:00,857,951.5,0.0,0,Normal,0.0
2021-01-10 03:00:00,1120,1097.71,2.030590957538873,0,Normal,5.95
2021-01-10 04:00:00,1067,1141.68,0.0,0,Normal,0.0
2021-01-10 05:00:00,915,894.135,2.3335402372125023,0,Normal,6.84
2021-01-10 06:00:00,368,757.85,0.0,1,Normal,5.0
2021-01-10 07:00:00,1239,1234.155,0.3925762971425816,0,Normal,1.15
2021-01-10 08:00:00,1897,2038.26,0.0,0,Normal,0.0
2021-01-10 09:00:00,2904,2911.945,0.0,0,Normal,0.0
2021-01-10 10:00:00,3711,3546.025,4.652392467622194,0,Normal,13.64
2021-01-10 11:00:00,3949,3699.395,6.74718433689833,0,Normal,19.79
2021-01-10 12:00:00,3745,3693.505,1.3942041502583558,0,Normal,4.09
2021-01-10 13:00:00,3848,3643.225,5.620706928614074,0,Normal,16.48
2021-01-10 14:00:00,3395,3350.82,1.318483236939013,0,Normal,3.87
2021-01-10 15:00:00,2910,3032.43,0.0,0,Normal,0.0
2021-01-10 16:00:00,2817,2647.02,6.4215608495591265,0,Normal,18.83
2021-01-10 17:00:00,2989,2906.35,2.8437731174841328,0,Normal,8.34
2021-01-10 18:00:00,3136,3010.085,4.183104463827432,0,Normal,12.27
2021-01-10 19:00:00,3007,2970.49,1.2290901501099218,0,Normal,3.6
2021-01-10 20:00:00,2840,2775.03,2.341235950602328,0,Normal,6.87
2021-01-10 21:00:00,2081,2196.095,0.0,0,Normal,0.0
2021-01-10 22:00:00,1887,1769.02,6.669229290793774,0,Normal,19.56
2021-01-10 23:00:00,1684,1779.715,0.0,0,Normal,0.0
2021-01-11 00:00:00,1527,1762.195,0.0,0,Normal,0.0
2021-01-11 01:00:00,1537,1353.535,13.554507271699654,0,Warning,39.75
2021-01-11 02:00:00,874,986.79,0.0,0,Normal,0.0
2021-01-11 03:00:00,670,758.145,0.0,0,Normal,0.0
2021-01-11 04:00:00,1221,1059.05,15.29200698739437,0,Warning,44.84
2021-01-11 05:00:00,1668,1151.63,44.83818587567186,1,High,85.0
2021-01-11 06:00:00,1741,2286.29,0.0,2,Normal,10.0
2021-01-11 07:00:00,2431,2314.525,5.032350050226285,0,Normal,14.76
2021-01-11 08:00:00,3158,2940.305,7.403823752978013,0,Normal,21.71
2021-01-11 09:00:00,3619,3270.72,10.648419919773024,0,Normal,31.23
2021-01-11 10:00:00,3492,3536.22,0.0,0,Normal,0.0
2021-01-11 11:00:00,3382,3348.19,1.009799324411098,0,Normal,2.96
2021-01-11 12:00:00,3077,3139.74,0.0,0,Normal,0.0
2021-01-11 13:00:00,3161,3039.33,4.0031849124642624,0,Normal,11.74
2021-01-11 14:00:00,3547,3024.41,17.27907261250955,0,Warning,50.67
2021-01-11 15:00:00,2646,3257.02,0.0,0,Normal,0.0
2021-01-11 16:00:00,2209,2555.285,0.0,0,Normal,0.0
2021-01-11 17:00:00,2866,2530.975,13.236993648692701,0,Warning,38.82
2021-01-11 18:00:00,3227,3023.965,6.714198080996303,0,Normal,19.69
2021-01-11 19:00:00,2994,3140.87,0.0,0,Normal,0.0
2021-01-11 20:00:00,2745,2916.42,0.0,0,Normal,0.0
2021-01-11 21:00:00,2263,2215.575,2.1405278539431154,0,Normal,6.28
2021-01-11 22:00:00,2082,2082.905,0.0,0,Normal,0.0
2021-01-11 23:00:00,1852,1931.385,0.0,0,Normal,0.0
2021-01-12 00:00:00,1552,1583.99,0.0,0,Normal,0.0
2021-01-12 01:00:00,1435,1364.8,5.143610785463075,0,Normal,15.08
2021-01-12 02:00:00,783,918.855,0.0,0,Normal,0.0
2021-01-12 03:00:00,730,836.86,0.0,0,Normal,0.0
2021-01-12 04:00:00,1298,1097.53,18.265559939136065,0,Warning,53.56
2021-01-12 05:00:00,1486,1432.245,3.7531986496723757,0,Normal,11.01
2021-01-12 06:00:00,1807,1663.17,8.647943385222192,0,Normal,25.36
2021-01-12 07:00:00,2305,2341.455,0.0,0,Normal,0.0
2021-01-12 08:00:00,2998,3180.03,0.0,0,Normal,0.0
2021-01-12 09:00:00,3564,3356.775,6.1733360144781795,0,Normal,18.1
2021-01-12 10:00:00,3676,3515.19,4.574717156113892,0,Normal,13.42
2021-01-12 11:00:00,3577,3556.175,0.5856011023079521,0,Normal,1.72
2021-01-12 12:00:00,3454,3401.12,1.554781954179803,0,Normal,4.56
2021-01-12 13:00:00,3622,3301.195,9.717844598698344,0,Normal,28.5
2021-01-12 14:00:00,3485,3409.46,2.215600124359868,0,Normal,6.5
2021-01-12 15:00:00,2883,2902.885,0.0,0,Normal,0.0
2021-01-12 16:00:00,2363,2438.015,0.0,0,Normal,0.0
2021-01-12 17:00:00,2789,2571.825,8.444392600585195,0,Normal,24.76
2021-01-12 18:00:00,3760,3021.375,24.44665094534773,1,High,76.69
2021-01-12 19:00:00,3244,3334.495,0.0,0,Normal,0.0
2021-01-12 20:00:00,2871,2832.155,1.3715704119301309,0,Normal,4.02
2021-01-12 21:00:00,2365,2254.98,4.878978970988655,0,Normal,14.31
2021-01-12 22:00:00,2158,2022.18,6.716513861278418,0,Normal,19.7
2021-01-12 23:00:00,1804,1960.39,0.0,0,Normal,0.0
2021-01-13 00:00:00,1522,1512.315,0.6404089095195078,0,Normal,1.88
2021-01-13 01:00:00,1461,1360.805,7.36292121207667,0,Normal,21.59
2021-01-13 02:00:00,1168,928.71,25.765847250487226,1,High,80.56
2021-01-13 03:00:00,675,904.16,0.0,2,Normal,10.0
2021-01-13 04:00:00,593,1079.575,0.0,3,Normal,15.0
2021-01-13 05:00:00,1516,1392.63,8.858777995591067,0,Normal,25.98
2021-01-13 06:00:00,1954,1830.765,6.731339085027291,0,Normal,19.74
2021-01-13 07:00:00,2417,2337.09,3.4192093586468575,0,Normal,10.03
2021-01-13 08:00:00,3348,2969.725,12.737711404254606,0,Warning,37.35
2021-01-13 09:00:00,3568,3233.9,10.331179071709078,0,Normal,30.3
2021-01-13 10:00:00,3582,3504.62,2.207942658547863,0,Normal,6.47
2021-01-13 11:00:00,2452,3468.105,0.0,1,Normal,5.0
2021-01-13 12:00:00,4259,2795.78,52.33673608080749,2,High,90.0
2021-01-13 13:00:00,3255,3980.665,0.0,0,Normal,0.0
2021-01-13 14:00:00,3619,3030.54,19.417661538867662,0,Warning,56.94
2021-01-13 15:00:00,2850,3261.835,0.0,0,Normal,0.0
2021-01-13 16:00:00,2412,2606.08,0.0,0,Normal,0.0
2021-01-13 17:00:00,2986,2592.79,15.165516682801153,0,Warning,44.47
2021-01-13 18:00:00,3763,3202.045,17.518648238859853,0,Warning,51.37
2021-01-13 19:00:00,3195,3353.13,0.0,0,Normal,0.0
2021-01-13 20:00:00,2958,2870.9,3.033891810930367,0,Normal,8.9
2021-01-13 21:00:00,2446,2398.225,1.9920983227178475,0,Normal,5.84
2021-01-13 22:00:00,2216,2203.385,0.5725281782348424,0,Normal,1.68
2021-01-13 23:00:00,1890,1936.495,0.0,0,Normal,0.0
2021-01-14 00:00:00,1536,1541.05,0.0,0,Normal,0.0
2021-01-14 01:00:00,1534,1379.35,11.211802660673513,0,Warning,32.88
2021-01-14 02:00:00,1207,1194.67,1.0320841738722766,0,Normal,3.03
2021-01-14 03:00:00,548,914.66,0.0,1,Normal,5.0
2021-01-14 04:00:00,1200,791.385,51.63289675695142,2,High,90.0
2021-01-14 05:00:00,1308,1536.76,0.0,0,Normal,0.0
2021-01-14 06:00:00,2056,1946.675,5.615986232935649,0,Normal,16.47
2021-01-14 07:00:00,2599,2401.51,8.223576000099927,0,Normal,24.12
2021-01-14 08:00:00,3227,3309.445,0.0,0,Normal,0.0
2021-01-14 09:00:00,3204,3220.735,0.0,0,Normal,0.0
2021-01-14 10:00:00,3531,3203.235,10.232312022065189,0,Normal,30.01
2021-01-14 11:00:00,3189,3348.74,0.0,0,Normal,0.0
2021-01-14 12:00:00,3519,3132.11,12.352375874410537,0,Warning,36.22
2021-01-14 13:00:00,3302,3342.86,0.0,0,Normal,0.0
2021-01-14 14:00:00,3522,3172.78,11.00675117720106,0,Warning,32.28
2021-01-14 15:00:00,2965,3157.58,0.0,0,Normal,0.0
2021-01-14 16:00:00,2564,2629.55,0.0,0,Normal,0.0
2021-01-14 17:00:00,2962,2739.13,8.136525101035726,0,Normal,23.86
2021-01-14 18:00:00,3963,3227.77,22.778264870173526,1,High,71.8
2021-01-14 19:00:00,3108,3487.37,0.0,0,Normal,0.0
2021-01-14 20:00:00,2657,2900.535,0.0,0,Normal,0.0
2021-01-14 21:00:00,2330,2250.305,3.5415199272987516,0,Normal,10.39
2021-01-14 22:00:00,2366,2153.935,9.845468874408933,0,Normal,28.87
2021-01-14 23:00:00,1950,1902.875,2.4765157984628523,0,Normal,7.26
2021-01-15 00:00:00,1445,1563.915,0.0,0,Normal,0.0
2021-01-15 01:00:00,1385,1400.515,0.0,0,Normal,0.0
2021-01-15 02:00:00,1198,1137.99,5.273332806087926,0,Normal,15.46
2021-01-15 03:00:00,593,899.39,0.0,1,Normal,5.0
2021-01-15 04:00:00,1093,1006.715,8.570946096958917,0,Normal,25.13
2021-01-15 05:00:00,1188,1403.155,0.0,0,Normal,0.0
2021-01-15 06:00:00,2361,2086.78,13.140819827677081,0,Warning,38.53
2021-01-15 07:00:00,2379,2458.61,0.0,0,Normal,0.0
2021-01-15 08:00:00,3173,3240.2,0.0,0,Normal,0.0
2021-01-15 09:00:00,3481,3255.535,6.925589803212073,0,Normal,20.31
2021-01-15 10:00:00,3561,3390.75,5.02101305021013,0,Normal,14.72
2021-01-15 11:00:00,3424,3464.73,0.0,0,Normal,0.0
2021-01-15 12:00:00,3349,3342.915,0.18202676406669138,0,Normal,0.53
2021-01-15 13:00:00,3222,3175.425,1.4667327995465116,0,Normal,4.3
2021-01-15 14:00:00,3661,3099.72,18.107441962499845,0,Warning,53.1
2021-01-15 15:00:00,2860,3265.985,0.0,0,Normal,0.0
2021-01-15 16:00:00,2388,2717.84,0.0,0,Normal,0.0
2021-01-15 17:00:00,2816,2626.99,7.194926512853122,0,Normal,21.1
2021-01-15 18:00:00,3054,2940.63,3.8552963140551477,0,Normal,11.31
2021-01-15 19:00:00,3087,3015.07,2.385682587800609,0,Normal,7.0
2021-01-15 20:00:00,2684,2627.12,2.1651085599439734,0,Normal,6.35
2021-01-15 21:00:00,2573,2156.72,19.301531955933093,0,Warning,56.6
2021-01-15 22:00:00,2048,2054.735,0.0,0,Normal,0.0
2021-01-15 23:00:00,1813,1995.115,0.0,0,Normal,0.0
2021-01-16 00:00:00,1758,1724.68,1.9319525941044098,0,Normal,5.67
2021-01-16 01:00:00,1674,1557.165,7.5030584427469185,0,Normal,22.0
2021-01-16 02:00:00,939,1226.52,0.0,1,Normal,5.0
2021-01-16 03:00:00,741,915.33,0.0,0,Normal,0.0
2021-01-16 04:00:00,1012,1079.01,0.0,0,Normal,0.0
2021-01-16 05:00:00,1350,1134.645,18.97994526922518,0,Warning,55.66
2021-01-16 06:00:00,905,1296.335,0.0,1,Normal,5.0
2021-01-16 07:00:00,1244,1454.265,0.0,0,Normal,0.0
2021-01-16 08:00:00,2443,2509.34,0.0,0,Normal,0.0
2021-01-16 09:00:00,3341,3378.46,0.0,0,Normal,0.0
2021-01-16 10:00:00,3930,3710.31,5.921068589956096,0,Normal,17.36
2021-01-16 11:00:00,4186,3821.605,9.535129873443225,0,Normal,27.96
2021-01-16 12:00:00,4026,3853.575,4.474416613144942,0,Normal,13.12
2021-01-16 13:00:00,3686,3665.36,0.5631097627518136,0,Normal,1.65
2021-01-16 14:00:00,3540,3400.33,4.10754250322763,0,Normal,12.05
2021-01-16 15:00:00,3155,3250.03,0.0,0,Normal,0.0
2021-01-16 16:00:00,2979,2900.135,2.719356167902521,0,Normal,7.97
2021-01-16 17:00:00,2730,2921.695,0.0,0,Normal,0.0
2021-01-16 18:00:00,3004,2846.885,5.51883901176197,0,Normal,16.18
2021-01-16 19:00:00,3194,2890.41,10.503354195425569,0,Normal,30.8
2021-01-16 20:00:00,2667,2618.25,1.8619306788885706,0,Normal,5.46
2021-01-16 21:00:00,2078,2225.54,0.0,0,Normal,0.0
2021-01-16 22:00:00,1934,1776.35,8.874940186337158,0,Normal,26.03
2021-01-16 23:00:00,1952,1767.825,10.418169219238326,0,Normal,30.55
2021-01-17 00:00:00,1803,1938.345,0.0,0,Normal,0.0
2021-01-17 01:00:00,1790,1553.765,15.20403664646841,0,Warning,44.59
2021-01-17 02:00:00,983,1083.525,0.0,0,Normal,0.0
2021-01-17 03:00:00,769,889.805,0.0,0,Normal,0.0
2021-01-17 04:00:00,1217,1024.095,18.83663136720714,0,Warning,55.24
2021-01-17 05:00:00,1146,1095.515,4.608334892721679,0,Normal,13.51
2021-01-17 06:00:00,580,1034.935,0.0,1,Normal,5.0
2021-01-17 07:00:00,1149,1210.315,0.0,0,Normal,0.0
2021-01-17 08:00:00,2339,1987.265,17.699451255871757,0,Warning,51.9
2021-01-17 09:00:00,3091,3159.365,0.0,0,Normal,0.0
2021-01-17 10:00:00,3671,3677.19,0.0,0,Normal,0.0
2021-01-17 11:00:00,3730,3827.27,0.0,0,Normal,0.0
2021-01-17 12:00:00,3511,3752.395,0.0,0,Normal,0.0
2021-01-17 13:00:00,3408,3444.175,0.0,0,Normal,0.0
2021-01-17 14:00:00,3278,3265.86,0.3717244462408025,0,Normal,1.09
2021-01-17 15:00:00,2897,3023.715,0.0,0,Normal,0.0
2021-01-17 16:00:00,2785,2709.58,2.7834572147712957,0,Normal,8.16
2021-01-17 17:00:00,2955,2899.54,1.912717189623183,0,Normal,5.61
2021-01-17 18:00:00,3195,2949.465,8.324730078166713,0,Normal,24.41
2021-01-17 19:00:00,3112,3046.235,2.158894504199442,0,Normal,6.33
2021-01-17 20:00:00,2791,2780.19,0.3888223466741462,0,Normal,1.14
2021-01-17 21:00:00,2133,2206.05,0.0,0,Normal,0.0
2021-01-17 22:00:00,2065,1790.665,15.32028603898552,0,Warning,44.93
2021-01-17 23:00:00,1929,1741.89,10.741780479823634,0,Normal,31.5
2021-01-18 00:00:00,1396,1721.86,0.0,0,Normal,0.0
2021-01-18 01:00:00,1354,1397.66,0.0,0,Normal,0.0
2021-01-18 02:00:00,1138,939.72,21.099902098497424,0,High,61.87
2021-01-18 03:00:00,572,917.615,0.0,1,Normal,5.0
2021-01-18 04:00:00,1106,979.295,12.938389351523295,0,Warning,37.94
2021-01-18 05:00:00,1691,1448.355,16.75314408415064,0,Warning,49.13
2021-01-18 06:00:00,1923,2177.475,0.0,0,Normal,0.0
2021-01-18 07:00:00,2556,2516.415,1.5730712144062102,0,Normal,4.61
2021-01-18 08:00:00,3511,3346.21,4.924675976701999,0,Normal,14.44
2021-01-18 09:00:00,3789,3479.025,8.909823873067882,0,Normal,26.13
2021-01-18 10:00:00,3621,3558.68,1.7512111232254701,0,Normal,5.14
2021-01-18 11:00:00,3660,3386.955,8.06166600973441,0,Normal,23.64
2021-01-18 12:00:00,2952,3215.135,0.0,0,Normal,0.0
2021-01-18 13:00:00,3538,2832.29,24.916586931422984,1,High,78.07
2021-01-18 14:00:00,3379,3347.075,0.9538178857659354,0,Normal,2.8
2021-01-18 15:00:00,2881,2899.125,0.0,0,Normal,0.0
2021-01-18 16:00:00,2400,2740.395,0.0,0,Normal,0.0
2021-01-18 17:00:00,2598,2593.84,0.16037997717668995,0,Normal,0.47
2021-01-18 18:00:00,3310,2830.765,16.929522584884303,0,Warning,49.64
2021-01-18 19:00:00,3145,3178.11,0.0,0,Normal,0.0
2021-01-18 20:00:00,2892,2744.825,5.36190831838096,0,Normal,15.72
2021-01-18 21:00:00,2408,2346.925,2.6023413615688535,0,Normal,7.63
2021-01-18 22:00:00,2339,2070.775,12.952879960401296,0,Warning,37.98
2021-01-18 23:00:00,2162,1926.61,12.217833396483986,0,Warning,35.83
2021-01-19 00:00:00,1395,1502.83,0.0,0,Normal,0.0
2021-01-19 01:00:00,1436,1328.09,8.125202358273919,0,Normal,23.83
2021-01-19 02:00:00,1213,1117.635,8.532749958617975,0,Normal,25.02
2021-01-19 03:00:00,569,893.65,0.0,1,Normal,5.0
2021-01-19 04:00:00,1133,1035.205,9.446921141223244,0,Normal,27.7
2021-01-19 05:00:00,1628,1516.2,7.37369740139823,0,Normal,21.62
2021-01-19 06:00:00,1245,2173.805,0.0,1,Normal,5.0
2021-01-19 07:00:00,2839,2304.54,23.191613076796237,2,High,78.01
2021-01-19 08:00:00,3273,3366.465,0.0,0,Normal,0.0
2021-01-19 09:00:00,3622,3415.115,6.057921914781793,0,Normal,17.76
2021-01-19 10:00:00,3649,3544.145,2.958541481796033,0,Normal,8.68
2021-01-19 11:00:00,3509,3557.29,0.0,0,Normal,0.0
2021-01-19 12:00:00,3540,3346.13,5.79385738151237,0,Normal,16.99
2021-01-19 13:00:00,3781,3415.055,10.715640011654283,0,Normal,31.42
2021-01-19 14:00:00,3199,3437.05,0.0,0,Normal,0.0
2021-01-19 15:00:00,2892,2877.165,0.5156117219554678,0,Normal,1.51
2021-01-19 16:00:00,2538,2602.96,0.0,0,Normal,0.0
2021-01-19 17:00:00,2710,2685.34,0.9183194679258438,0,Normal,2.69
2021-01-19 18:00:00,3623,2974.105,21.81816042137046,0,High,63.98
2021-01-19 19:00:00,3101,3384.14,0.0,0,Normal,0.0
2021-01-19 20:00:00,2901,2867.77,1.158740066323311,0,Normal,3.4
2021-01-19 21:00:00,2283,2411.35,0.0,0,Normal,0.0
2021-01-19 22:00:00,2050,2238.4,0.0,0,Normal,0.0
2021-01-19 23:00:00,1894,1957.865,0.0,0,Normal,0.0
2021-01-20 00:00:00,1377,1495.92,0.0,0,Normal,0.0
2021-01-20 01:00:00,1438,1372.555,4.768114938927761,0,Normal,13.98
2021-01-20 02:00:00,1211,1191.76,1.6144190105390355,0,Normal,4.73
2021-01-20 03:00:00,602,889.585,0.0,1,Normal,5.0
2021-01-20 04:00:00,1042,924.4,12.721765469493729,0,Warning,37.31
2021-01-20 05:00:00,1739,1597.89,8.831020908823504,0,Normal,25.9
2021-01-20 06:00:00,1948,1754.85,11.006638744052204,0,Warning,32.28
2021-01-20 07:00:00,2378,2813.86,0.0,0,Normal,0.0
2021-01-20 08:00:00,3308,3292.715,0.4642065893950692,0,Normal,1.36
2021-01-20 09:00:00,3574,3350.75,6.662687458031784,0,Normal,19.54
2021-01-20 10:00:00,4166,3456.56,20.524452056379754,0,High,60.19
2021-01-20 11:00:00,3492,3193.17,9.358411860314355,0,Normal,27.44
2021-01-20 12:00:00,3263,3368.075,0.0,0,Normal,0.0
2021-01-20 13:00:00,3346,3180.35,5.208546229188615,0,Normal,15.27
2021-01-20 14:00:00,3483,3152.775,10.474106144586909,0,Normal,30.71
2021-01-20 15:00:00,2997,3064.92,0.0,0,Normal,0.0
2021-01-20 16:00:00,2660,2697.245,0.0,0,Normal,0.0
2021-01-20 17:00:00,2837,2773.87,2.275881710390181,0,Normal,6.67
2021-01-20 18:00:00,4018,3034.495,32.410829479040174,1,High,85.0
2021-01-20 19:00:00,3122,3581.57,0.0,0,Normal,0.0
2021-01-20 20:00:00,2545,2978.095,0.0,0,Normal,0.0
2021-01-20 21:00:00,2313,2275.265,1.6584881321516451,0,Normal,4.86
2021-01-20 22:00:00,2141,1993.77,7.384502725991464,0,Normal,21.65
2021-01-20 23:00:00,1777,1909.41,0.0,0,Normal,0.0
2021-01-21 00:00:00,1233,1460.055,0.0,0,Normal,0.0
2021-01-21 01:00:00,1312,1419.315,0.0,0,Normal,0.0
2021-01-21 02:00:00,1006,1166.39,0.0,0,Normal,0.0
2021-01-21 03:00:00,620,743.41,0.0,0,Normal,0.0
2021-01-21 04:00:00,1188,1081.14,9.884011321382975,0,Normal,28.98
2021-01-21 05:00:00,1931,1492.62,29.369832911256726,1,High,85.0
2021-01-21 06:00:00,1749,2044.31,0.0,0,Normal,0.0
2021-01-21 07:00:00,2515,2651.48,0.0,0,Normal,0.0
2021-01-21 08:00:00,3220,3289.525,0.0,0,Normal,0.0
2021-01-21 09:00:00,4098,3159.2,29.716383894656882,1,High,85.0
2021-01-21 10:00:00,2894,3853.275,0.0,2,Normal,10.0
2021-01-21 11:00:00,2851,2889.89,0.0,0,Normal,0.0
2021-01-21 12:00:00,3247,2846.905,14.05368285910488,0,Warning,41.21
2021-01-21 13:00:00,3125,3133.945,0.0,0,Normal,0.0
2021-01-21 14:00:00,3185,3018.24,5.525074215436819,0,Normal,16.2
2021-01-21 15:00:00,2727,2953.295,0.0,0,Normal,0.0
2021-01-21 16:00:00,2671,2624.54,1.7702149710044441,0,Normal,5.19
2021-01-21 17:00:00,2992,2777.255,7.732275214195307,0,Normal,22.67
2021-01-21 18:00:00,3521,3236.505,8.790191889090234,0,Normal,25.78
2021-01-21 19:00:00,3230,3257.3,0.0,0,Normal,0.0
2021-01-21 20:00:00,2946,2685.37,9.705552679891415,0,Normal,28.46
2021-01-21 21:00:00,2493,2257.49,10.432382867698205,0,Normal,30.59
2021-01-21 22:00:00,2252,2170.445,3.757524378641239,0,Normal,11.02
2021-01-21 23:00:00,1775,1900.33,0.0,0,Normal,0.0
2021-01-22 00:00:00,1493,1433.62,4.141962305213384,0,Normal,12.15
2021-01-22 01:00:00,1513,1282.6,17.96351161702792,0,Warning,52.68
2021-01-22 02:00:00,1201,1135.495,5.768849708717354,0,Normal,16.92
2021-01-22 03:00:00,788,864.88,0.0,0,Normal,0.0
2021-01-22 04:00:00,1174,997.21,17.728462410124244,0,Warning,51.99
2021-01-22 05:00:00,1622,1490.365,8.832400116749923,0,Normal,25.9
2021-01-22 06:00:00,1317,2086.06,0.0,1,Normal,5.0
2021-01-22 07:00:00,2613,2268.575,15.18243831480115,0,Warning,44.52
2021-01-22 08:00:00,3477,3202.535,8.570242011406593,0,Normal,25.13
2021-01-22 09:00:00,3446,3503.925,0.0,0,Normal,0.0
2021-01-22 10:00:00,3522,3350.135,5.130091772421105,0,Normal,15.04
2021-01-22 11:00:00,3456,3314.675,4.263615588255253,0,Normal,12.5
2021-01-22 12:00:00,3164,3362.515,0.0,0,Normal,0.0
2021-01-22 13:00:00,3107,3000.59,3.546302560496431,0,Normal,10.4
2021-01-22 14:00:00,3674,3008.325,22.127762126764903,0,High,64.89
2021-01-22 15:00:00,3024,3259.48,0.0,0,Normal,0.0
2021-01-22 16:00:00,2566,2722.27,0.0,0,Normal,0.0
2021-01-22 17:00:00,3150,2720.14,15.802863087929303,0,Warning,46.34
2021-01-22 18:00:00,3682,3123.105,17.895491826243433,0,Warning,52.48
2021-01-22 19:00:00,3111,3390.425,0.0,0,Normal,0.0
2021-01-22 20:00:00,2890,2845.05,1.5799370837067825,0,Normal,4.63
2021-01-22 21:00:00,2003,2518.68,0.0,0,Normal,0.0
2021-01-22 22:00:00,2114,1965.015,7.581875965323414,0,Normal,22.23
2021-01-22 23:00:00,1943,1806.81,7.537593880928268,0,Normal,22.1
2021-01-23 00:00:00,1508,1615.225,0.0,0,Normal,0.0
2021-01-23 01:00:00,1642,1444.93,13.638722983120285,0,Warning,39.99
2021-01-23 02:00:00,1245,1214.265,2.531160825684665,0,Normal,7.42
2021-01-23 03:00:00,681,952.8,0.0,1,Normal,5.0
2021-01-23 04:00:00,1063,836.795,27.032307793426114,2,High,89.27
2021-01-23 05:00:00,1369,1491.205,0.0,0,Normal,0.0
2021-01-23 06:00:00,889,1323.695,0.0,1,Normal,5.0
2021-01-23 07:00:00,1207,1461.64,0.0,0,Normal,0.0
2021-01-23 08:00:00,2401,2372.39,1.205956862067372,0,Normal,3.54
2021-01-23 09:00:00,3625,3354.32,8.069593837200978,0,Normal,23.66
2021-01-23 10:00:00,4036,3842.265,5.042208176687453,0,Normal,14.79
2021-01-23 11:00:00,4203,3847.81,9.230965146407959,0,Normal,27.07
2021-01-23 12:00:00,4096,3934.51,4.1044501094164145,0,Normal,12.04
2021-01-23 13:00:00,3784,3763.41,0.547110200589363,0,Normal,1.6
2021-01-23 14:00:00,3498,3536.95,0.0,0,Normal,0.0
2021-01-23 15:00:00,3279,3156.725,3.8734764669079533,0,Normal,11.36
2021-01-23 16:00:00,2997,2951.47,1.5426211345532972,0,Normal,4.52
2021-01-23 17:00:00,3248,2916.085,11.382212795580374,0,Warning,33.38
2021-01-23 18:00:00,3294,3236.81,1.766863053438418,0,Normal,5.18
2021-01-23 19:00:00,3031,3119.375,0.0,0,Normal,0.0
2021-01-23 20:00:00,2651,2826.475,0.0,0,Normal,0.0
2021-01-23 21:00:00,2244,2102.79,6.715363873710643,0,Normal,19.69
2021-01-23 22:00:00,1926,1909.995,0.8379603087966256,0,Normal,2.46
2021-01-23 23:00:00,1798,1978.25,0.0,0,Normal,0.0
2021-01-24 00:00:00,1827,1616.08,13.051334092371668,0,Warning,38.27
2021-01-24 01:00:00,1745,1684.75,3.5761982489983675,0,Normal,10.49
2021-01-24 02:00:00,990,1177.065,0.0,0,Normal,0.0
2021-01-24 03:00:00,832,852.955,0.0,0,Normal,0.0
2021-01-24 04:00:00,1141,1116.14,2.227319153511199,0,Normal,6.53
2021-01-24 05:00:00,1193,1144.8,4.210342417889592,0,Normal,12.35
2021-01-24 06:00:00,611,1098.005,0.0,1,Normal,5.0
2021-01-24 07:00:00,1038,1004.85,3.298999850723986,0,Normal,9.67
2021-01-24 08:00:00,2142,2164.825,0.0,0,Normal,0.0
2021-01-24 09:00:00,3126,3212.985,0.0,0,Normal,0.0
2021-01-24 10:00:00,3789,3712.955,2.0480991555243753,0,Normal,6.01
2021-01-24 11:00:00,4017,3845.575,4.4577208869934974,0,Normal,13.07
2021-01-24 12:00:00,3986,3775.42,5.577657585116356,0,Normal,16.36
2021-01-24 13:00:00,3587,3690.68,0.0,0,Normal,0.0
2021-01-24 14:00:00,3404,3262.79,4.327891160632466,0,Normal,12.69
2021-01-24 15:00:00,2909,3047.85,0.0,0,Normal,0.0
2021-01-24 16:00:00,2634,2734.91,0.0,0,Normal,0.0
2021-01-24 17:00:00,2718,2781.175,0.0,0,Normal,0.0
2021-01-24 18:00:00,3348,2847.535,17.575376597653765,0,Warning,51.54
2021-01-24 19:00:00,2952,3105.0,0.0,0,Normal,0.0
2021-01-24 20:00:00,2632,2805.635,0.0,0,Normal,0.0
2021-01-24 21:00:00,2268,2162.715,4.8681865155602955,0,Normal,14.28
2021-01-24 22:00:00,2163,2009.39,7.64460856279766,0,Normal,22.42
2021-01-24 23:00:00,1859,1810.03,2.7054800196681836,0,Normal,7.93
2021-01-25 00:00:00,1616,1667.165,0.0,0,Normal,0.0
2021-01-25 01:00:00,1573,1583.575,0.0,0,Normal,0.0
2021-01-25 02:00:00,1117,1175.41,0.0,0,Normal,0.0
2021-01-25 03:00:00,621,922.305,0.0,1,Normal,5.0
2021-01-25 04:00:00,1254,1067.29,17.493839537520266,0,Warning,51.3
2021-01-25 05:00:00,1977,1476.32,33.91405657310069,1,High,85.0
2021-01-25 06:00:00,1763,2522.23,0.0,2,Normal,10.0
2021-01-25 07:00:00,2364,2707.79,0.0,0,Normal,0.0
2021-01-25 08:00:00,3233,3182.97,1.5718024360895706,0,Normal,4.61
2021-01-25 09:00:00,3581,3404.64,5.179989661168292,0,Normal,15.19
2021-01-25 10:00:00,3491,3529.675,0.0,0,Normal,0.0
2021-01-25 11:00:00,3455,3410.145,1.3153399635499374,0,Normal,3.86
2021-01-25 12:00:00,3349,3320.13,0.8695442648330002,0,Normal,2.55
2021-01-25 13:00:00,3393,3150.64,7.692405352563293,0,Normal,22.56
2021-01-25 14:00:00,3427,3202.585,7.007308158877905,0,Normal,20.55
2021-01-25 15:00:00,2966,2881.22,2.9425035228132597,0,Normal,8.63
2021-01-25 16:00:00,2361,2694.085,0.0,0,Normal,0.0
2021-01-25 17:00:00,2713,2471.975,9.75030087278391,0,Normal,28.59
2021-01-25 18:00:00,3619,2873.405,25.94813470429681,1,High,81.09
2021-01-25 19:00:00,3059,3340.65,0.0,0,Normal,0.0
2021-01-25 20:00:00,2973,2792.195,6.475371526702105,0,Normal,18.99
2021-01-25 21:00:00,2244,2338.68,0.0,0,Normal,0.0
2021-01-25 22:00:00,2115,2192.415,0.0,0,Normal,0.0
2021-01-25 23:00:00,1817,2009.285,0.0,0,Normal,0.0
2021-01-26 00:00:00,1301,1530.55,0.0,0,Normal,0.0
2021-01-26 01:00:00,1412,1387.77,1.7459665506532076,0,Normal,5.12
2021-01-26 02:00:00,1176,1160.09,1.371445318897679,0,Normal,4.02
2021-01-26 03:00:00,563,908.82,0.0,1,Normal,5.0
2021-01-26 04:00:00,1207,1129.19,6.890780116720831,0,Normal,20.21
2021-01-26 05:00:00,1136,1616.81,0.0,1,Normal,5.0
2021-01-26 06:00:00,1806,1632.285,10.642442955733827,0,Normal,31.21
2021-01-26 07:00:00,2911,2734.31,6.461959324290226,0,Normal,18.95
2021-01-26 08:00:00,3291,3311.325,0.0,0,Normal,0.0
2021-01-26 09:00:00,3713,3354.96,10.67196032143453,0,Normal,31.29
2021-01-26 10:00:00,3746,3602.535,3.9823346615647077,0,Normal,11.68
2021-01-26 11:00:00,3502,3535.875,0.0,0,Normal,0.0
2021-01-26 12:00:00,3484,3353.88,3.8796856178515595,0,Normal,11.38
2021-01-26 13:00:00,3452,3335.56,3.490868100109129,0,Normal,10.24
2021-01-26 14:00:00,3628,3263.7,11.162177896252725,0,Warning,32.73
2021-01-26 15:00:00,2972,3288.715,0.0,0,Normal,0.0
2021-01-26 16:00:00,2479,2673.27,0.0,0,Normal,0.0
2021-01-26 17:00:00,2620,2644.585,0.0,0,Normal,0.0
2021-01-26 18:00:00,3702,2932.59,26.236534940104132,1,High,81.94
2021-01-26 19:00:00,3140,3390.955,0.0,0,Normal,0.0
2021-01-26 20:00:00,2926,2924.04,0.0670305467777471,0,Normal,0.2
2021-01-26 21:00:00,2400,2269.385,5.7555240737027775,0,Normal,16.88
2021-01-26 22:00:00,2077,2127.315,0.0,0,Normal,0.0
2021-01-26 23:00:00,1800,1874.69,0.0,0,Normal,0.0
2021-01-27 00:00:00,1314,1411.07,0.0,0,Normal,0.0
2021-01-27 01:00:00,1474,1335.565,10.36527611909566,0,Normal,30.4
2021-01-27 02:00:00,1145,1165.835,0.0,0,Normal,0.0
2021-01-27 03:00:00,624,881.48,0.0,1,Normal,5.0
2021-01-27 04:00:00,980,1063.005,0.0,0,Normal,0.0
2021-01-27 05:00:00,1764,1467.73,20.185592718006717,0,High,59.19
2021-01-27 06:00:00,1922,2057.995,0.0,0,Normal,0.0
2021-01-27 07:00:00,2414,2865.085,0.0,0,Normal,0.0
2021-01-27 08:00:00,3386,3310.9,2.268265426319125,0,Normal,6.65
2021-01-27 09:00:00,3494,3432.34,1.7964420774165686,0,Normal,5.27
2021-01-27 10:00:00,2907,3545.16,0.0,0,Normal,0.0
2021-01-27 11:00:00,3490,2850.18,22.4484067672919,1,High,70.83
2021-01-27 12:00:00,3307,3322.045,0.0,0,Normal,0.0
2021-01-27 13:00:00,3042,3165.545,0.0,0,Normal,0.0
2021-01-27 14:00:00,3521,3066.625,14.816777401866874,0,Warning,43.45
2021-01-27 15:00:00,2846,3197.71,0.0,0,Normal,0.0
2021-01-27 16:00:00,2486,2709.67,0.0,0,Normal,0.0
2021-01-27 17:00:00,3038,2649.0,14.68478671196678,0,Warning,43.06
2021-01-27 18:00:00,3703,3306.14,12.003726399970967,0,Warning,35.2
2021-01-27 19:00:00,3347,3367.89,0.0,0,Normal,0.0
2021-01-27 20:00:00,3052,2836.27,7.60611648397367,0,Normal,22.3
2021-01-27 21:00:00,2083,2392.72,0.0,0,Normal,0.0
2021-01-27 22:00:00,2347,2027.14,15.778880590388422,0,Warning,46.27
2021-01-27 23:00:00,1921,1890.25,1.6267689459066264,0,Normal,4.77
2021-01-28 00:00:00,1427,1325.215,7.680640499843429,0,Normal,22.52
2021-01-28 01:00:00,1377,1270.91,8.347561983145928,0,Normal,24.48
2021-01-28 02:00:00,1260,1143.15,10.221755675108245,0,Normal,29.97
2021-01-28 03:00:00,618,907.26,0.0,1,Normal,5.0
2021-01-28 04:00:00,917,1121.055,0.0,0,Normal,0.0
2021-01-28 05:00:00,1715,1649.005,4.002110363522238,0,Normal,11.74
2021-01-28 06:00:00,1828,2128.495,0.0,0,Normal,0.0
2021-01-28 07:00:00,2348,2577.465,0.0,0,Normal,0.0
2021-01-28 08:00:00,3201,3359.16,0.0,0,Normal,0.0
2021-01-28 09:00:00,3240,3378.77,0.0,0,Normal,0.0
2021-01-28 10:00:00,3476,2980.83,16.611816172005785,0,Warning,48.71
2021-01-28 11:00:00,3259,3126.38,4.241966747484308,0,Normal,12.44
2021-01-28 12:00:00,3313,3156.59,4.95503058680411,0,Normal,14.53
2021-01-28 13:00:00,3295,3056.95,7.787173489916427,0,Normal,22.84
2021-01-28 14:00:00,3591,3152.475,13.910498893726361,0,Warning,40.79
2021-01-28 15:00:00,2909,3207.415,0.0,0,Normal,0.0
2021-01-28 16:00:00,2430,2719.52,0.0,0,Normal,0.0
2021-01-28 17:00:00,2857,2721.92,4.9626734070068155,0,Normal,14.55
2021-01-28 18:00:00,3742,3098.83,20.755252788955836,0,High,60.86
2021-01-28 19:00:00,3196,3396.14,0.0,0,Normal,0.0
2021-01-28 20:00:00,2972,2994.79,0.0,0,Normal,0.0
2021-01-28 21:00:00,2342,2482.405,0.0,0,Normal,0.0
2021-01-28 22:00:00,1898,2282.395,0.0,0,Normal,0.0
2021-01-28 23:00:00,1856,1894.31,0.0,0,Normal,0.0
2021-01-29 00:00:00,1330,1445.63,0.0,0,Normal,0.0
2021-01-29 01:00:00,1582,1253.495,26.207124878838776,1,High,81.85
2021-01-29 02:00:00,1179,1167.945,0.9465342974198326,0,Normal,2.78
2021-01-29 03:00:00,778,872.315,0.0,0,Normal,0.0
2021-01-29 04:00:00,1206,1032.195,16.838388095272702,0,Warning,49.38
2021-01-29 05:00:00,1623,1549.53,4.741437726278293,0,Normal,13.9
2021-01-29 06:00:00,1846,1693.295,9.01821596355035,0,Normal,26.45
2021-01-29 07:00:00,2209,2643.97,0.0,0,Normal,0.0
2021-01-29 08:00:00,3113,3215.12,0.0,0,Normal,0.0
2021-01-29 09:00:00,3490,3301.725,5.702322270934135,0,Normal,16.72
2021-01-29 10:00:00,3468,3431.225,1.071774657738857,0,Normal,3.14
2021-01-29 11:00:00,3415,3343.085,2.1511567908084888,0,Normal,6.31
2021-01-29 12:00:00,3194,3211.35,0.0,0,Normal,0.0
2021-01-29 13:00:00,3169,2995.15,5.804383753735202,0,Normal,17.02
2021-01-29 14:00:00,3707,3083.205,20.23203127913973,0,High,59.33
2021-01-29 15:00:00,3037,3306.425,0.0,0,Normal,0.0
2021-01-29 16:00:00,2574,2627.145,0.0,0,Normal,0.0
2021-01-29 17:00:00,2981,2684.99,11.024622065631538,0,Warning,32.33
2021-01-29 18:00:00,3689,3119.495,18.256320333900202,0,Warning,53.54
2021-01-29 19:00:00,3036,3363.35,0.0,0,Normal,0.0
2021-01-29 20:00:00,2801,2915.865,0.0,0,Normal,0.0
2021-01-29 21:00:00,2099,2189.735,0.0,0,Normal,0.0
2021-01-29 22:00:00,2189,2017.41,8.50545997095285,0,Normal,24.94
2021-01-29 23:00:00,1972,1916.025,2.92141282081392,0,Normal,8.57
2021-01-30 00:00:00,1550,1402.305,10.532302173920788,0,Normal,30.89
2021-01-30 01:00:00,1634,1465.85,11.471160077770584,0,Warning,33.64
2021-01-30 02:00:00,1388,1256.3,10.483164849160238,0,Normal,30.74
2021-01-30 03:00:00,636,930.715,0.0,1,Normal,5.0
2021-01-30 04:00:00,1033,862.44,19.77644821668753,0,Warning,57.99
2021-01-30 05:00:00,1378,1480.81,0.0,0,Normal,0.0
2021-01-30 06:00:00,938,1478.805,0.0,1,Normal,5.0
2021-01-30 07:00:00,1165,1401.035,0.0,0,Normal,0.0
2021-01-30 08:00:00,2373,2343.07,1.2773839449952342,0,Normal,3.75
2021-01-30 09:00:00,3745,3457.745,8.30758196454626,0,Normal,24.36
2021-01-30 10:00:00,4057,3903.065,3.943951740491125,0,Normal,11.57
2021-01-30 11:00:00,4132,3826.375,7.987324817875926,0,Normal,23.42
2021-01-30 12:00:00,4082,3823.225,6.768500415225369,0,Normal,19.85
2021-01-30 13:00:00,3651,3782.355,0.0,0,Normal,0.0
2021-01-30 14:00:00,3473,3427.105,1.3391769438053396,0,Normal,3.93
2021-01-30 15:00:00,3367,3200.58,5.199682557536449,0,Normal,15.25
2021-01-30 16:00:00,3137,2958.27,6.041706808371109,0,Normal,17.72
2021-01-30 17:00:00,3223,3082.22,4.567487071007268,0,Normal,13.39
2021-01-30 18:00:00,3479,3240.53,7.3589814011905395,0,Normal,21.58
2021-01-30 19:00:00,3054,3254.445,0.0,0,Normal,0.0
2021-01-30 20:00:00,2695,2740.85,0.0,0,Normal,0.0
2021-01-30 21:00:00,1961,2226.35,0.0,0,Normal,0.0
2021-01-30 22:00:00,1981,1965.54,0.7865522960611352,0,Normal,2.31
2021-01-30 23:00:00,2013,1890.615,6.473290437238675,0,Normal,18.98
2021-01-31 00:00:00,1746,1619.945,7.781437024096502,0,Normal,22.82
2021-01-31 01:00:00,1722,1583.74,8.729968302877996,0,Normal,25.6
2021-01-31 02:00:00,1092,1265.475,0.0,0,Normal,0.0
2021-01-31 03:00:00,643,849.57,0.0,1,Normal,5.0
2021-01-31 04:00:00,1157,1103.34,4.86341472256966,0,Normal,14.26
2021-01-31 05:00:00,975,1166.265,0.0,0,Normal,0.0
2021-01-31 06:00:00,344,889.46,0.0,1,Normal,5.0
2021-01-31 07:00:00,940,962.035,0.0,0,Normal,0.0
2021-01-31 08:00:00,2060,2105.905,0.0,0,Normal,0.0
2021-01-31 09:00:00,3737,3195.24,16.95522089107548,0,Warning,49.72
2021-01-31 10:00:00,3951,3892.465,1.5038028601413207,0,Normal,4.41
2021-01-31 11:00:00,4026,3912.04,2.913058148689687,0,Normal,8.54
2021-01-31 12:00:00,3868,3902.98,0.0,0,Normal,0.0
2021-01-31 13:00:00,3584,3604.795,0.0,0,Normal,0.0
2021-01-31 14:00:00,3273,3327.39,0.0,0,Normal,0.0
2021-01-31 15:00:00,2971,2969.635,0.045965244886990546,0,Normal,0.13
2021-01-31 16:00:00,2887,2670.86,8.092524505215543,0,Normal,23.73
2021-01-31 17:00:00,2883,2923.18,0.0,0,Normal,0.0
2021-01-31 18:00:00,3188,2996.04,6.407124070439648,0,Normal,18.79
2021-01-31 19:00:00,3106,3021.57,2.794242728118158,0,Normal,8.19
2021-01-31 20:00:00,2832,2882.29,0.0,0,Normal,0.0
2021-01-31 21:00:00,2156,2250.37,0.0,0,Normal,0.0
2021-01-31 22:00:00,2011,2073.92,0.0,0,Normal,0.0
2021-01-31 23:00:00,1834,1934.06,0.0,0,Normal,0.0
2021-02-01 00:00:00,1436,1693.88,0.0,0,Normal,0.0
2021-02-01 01:00:00,1588,1383.76,14.75978493380355,0,Warning,43.28
2021-02-01 02:00:00,1206,1248.41,0.0,0,Normal,0.0
2021-02-01 03:00:00,602,944.925,0.0,1,Normal,5.0
2021-02-01 04:00:00,1181,987.38,19.609471530717656,0,Warning,57.5
2021-02-01 05:00:00,1707,1772.965,0.0,0,Normal,0.0
2021-02-01 06:00:00,1867,2369.825,0.0,0,Normal,0.0
2021-02-01 07:00:00,2626,2591.315,1.3385095984085278,0,Normal,3.93
2021-02-01 08:00:00,3370,3388.585,0.0,0,Normal,0.0
2021-02-01 09:00:00,3721,3352.05,11.006697394131944,0,Warning,32.28
2021-02-01 10:00:00,3681,3471.74,6.027525102686268,0,Normal,17.68
2021-02-01 11:00:00,3411,3410.055,0.027712163000308314,0,Normal,0.08
2021-02-01 12:00:00,2109,3211.715,0.0,1,Normal,5.0
2021-02-01 13:00:00,3274,2518.105,30.0184066986881,2,High,90.0
2021-02-01 14:00:00,3614,3097.745,16.66550991124189,0,Warning,48.87
2021-02-01 15:00:00,2844,3278.32,0.0,0,Normal,0.0
2021-02-01 16:00:00,2148,2740.735,0.0,0,Normal,0.0
2021-02-01 17:00:00,2937,2457.37,19.518021299193858,0,Warning,57.24
2021-02-01 18:00:00,3375,3233.93,4.362184710244197,0,Normal,12.79
2021-02-01 19:00:00,3539,3203.495,10.47309266910047,0,Normal,30.71
2021-02-01 20:00:00,2896,3256.55,0.0,0,Normal,0.0
2021-02-01 21:00:00,2246,2344.71,0.0,0,Normal,0.0
2021-02-01 22:00:00,2088,2080.185,0.3756877393116504,0,Normal,1.1
2021-02-01 23:00:00,1860,1806.22,2.9774888994696087,0,Normal,8.73
2021-02-02 00:00:00,1354,1431.595,0.0,0,Normal,0.0
2021-02-02 01:00:00,1319,1296.215,1.7578102398136175,0,Normal,5.15
2021-02-02 02:00:00,467,1144.1,0.0,1,Normal,5.0
2021-02-02 03:00:00,520,618.845,0.0,0,Normal,0.0
2021-02-02 04:00:00,1290,1070.32,20.524702892592877,0,High,60.19
2021-02-02 05:00:00,2361,1397.94,68.8913687282716,1,High,85.0
2021-02-02 06:00:00,1821,2266.95,0.0,0,Normal,0.0
2021-02-02 07:00:00,2344,2785.655,0.0,0,Normal,0.0
2021-02-02 08:00:00,3188,3275.955,0.0,0,Normal,0.0
2021-02-02 09:00:00,3549,3253.205,9.092418092312045,0,Normal,26.66
2021-02-02 10:00:00,3859,3492.35,10.498661359829343,0,Normal,30.79
2021-02-02 11:00:00,3668,3644.875,0.6344524846531088,0,Normal,1.86
2021-02-02 12:00:00,3415,3419.835,0.0,0,Normal,0.0
2021-02-02 13:00:00,3446,3242.885,6.263404345204957,0,Normal,18.37
2021-02-02 14:00:00,3687,3405.795,8.25666254134497,0,Normal,24.21
2021-02-02 15:00:00,2741,3281.715,0.0,0,Normal,0.0
2021-02-02 16:00:00,2383,2570.42,0.0,0,Normal,0.0
2021-02-02 17:00:00,2706,2495.545,8.433228012317947,0,Normal,24.73
2021-02-02 18:00:00,3696,2965.72,24.62403733326141,1,High,77.21
2021-02-02 19:00:00,3373,3435.995,0.0,0,Normal,0.0
2021-02-02 20:00:00,2923,3016.29,0.0,0,Normal,0.0
2021-02-02 21:00:00,2312,2325.915,0.0,0,Normal,0.0
2021-02-02 22:00:00,2075,2054.14,1.0155101404967593,0,Normal,2.98
2021-02-02 23:00:00,1767,1839.54,0.0,0,Normal,0.0
2021-02-03 00:00:00,1448,1383.705,4.646582906038503,0,Normal,13.63
2021-02-03 01:00:00,1473,1272.98,15.712737042215903,0,Warning,46.08
2021-02-03 02:00:00,617,869.39,0.0,1,Normal,5.0
2021-02-03 03:00:00,644,580.91,10.86054638412147,0,Normal,31.85
2021-02-03 04:00:00,1263,1105.965,14.19891226214212,0,Warning,41.64
2021-02-03 05:00:00,2375,1918.57,23.790114512371197,1,High,74.76
2021-02-03 06:00:00,1960,2162.275,0.0,0,Normal,0.0
2021-02-03 07:00:00,2366,2415.57,0.0,0,Normal,0.0
2021-02-03 08:00:00,3032,3269.475,0.0,0,Normal,0.0
2021-02-03 09:00:00,4700,3347.005,40.42405075582498,1,High,85.0
2021-02-03 10:00:00,3572,3770.845,0.0,0,Normal,0.0
2021-02-03 11:00:00,3387,3426.35,0.0,0,Normal,0.0
2021-02-03 12:00:00,3202,3218.42,0.0,0,Normal,0.0
2021-02-03 13:00:00,3060,3013.975,1.5270531441037198,0,Normal,4.48
2021-02-03 14:00:00,3510,3056.01,14.855645105873336,0,Warning,43.56
2021-02-03 15:00:00,2766,3172.33,0.0,0,Normal,0.0
2021-02-03 16:00:00,2499,2520.725,0.0,0,Normal,0.0
2021-02-03 17:00:00,2986,2614.53,14.207907348548297,0,Warning,41.66
2021-02-03 18:00:00,3739,3256.22,14.826393794031123,0,Warning,43.48
2021-02-03 19:00:00,3214,3420.315,0.0,0,Normal,0.0
2021-02-03 20:00:00,2880,3015.71,0.0,0,Normal,0.0
2021-02-03 21:00:00,2263,2249.525,0.5990153476845071,0,Normal,1.76
2021-02-03 22:00:00,2159,2084.67,3.5655523416176145,0,Normal,10.46
2021-02-03 23:00:00,1798,1865.15,0.0,0,Normal,0.0
2021-02-04 00:00:00,1443,1437.27,0.3986724832494951,0,Normal,1.17
2021-02-04 01:00:00,1445,1300.975,11.070543246411352,0,Warning,32.46
2021-02-04 02:00:00,1083,983.39,10.129246789168084,0,Normal,29.7
2021-02-04 03:00:00,1156,868.98,33.02952887293148,1,High,85.0
2021-02-04 04:00:00,598,963.53,0.0,2,Normal,10.0
2021-02-04 05:00:00,1186,1701.015,0.0,3,Normal,15.0
2021-02-04 06:00:00,2216,2104.1,5.318188299035222,0,Normal,15.6
2021-02-04 07:00:00,2907,2391.15,21.573301549463643,0,High,63.26
2021-02-04 08:00:00,3330,3225.2,3.249410889247184,0,Normal,9.53
2021-02-04 09:00:00,3633,3451.255,5.266055391444558,0,Normal,15.44
2021-02-04 10:00:00,3798,3423.845,10.92791875800453,0,Warning,32.05
2021-02-04 11:00:00,3329,3548.485,0.0,0,Normal,0.0
2021-02-04 12:00:00,3223,3193.465,0.9248574823898132,0,Normal,2.71
2021-02-04 13:00:00,3368,3076.33,9.481102482503506,0,Normal,27.8
2021-02-04 14:00:00,3308,3199.93,3.37726137759264,0,Normal,9.9
2021-02-04 15:00:00,2799,2957.805,0.0,0,Normal,0.0
2021-02-04 16:00:00,2357,2621.245,0.0,0,Normal,0.0
2021-02-04 17:00:00,2734,2559.34,6.8244156696648295,0,Normal,20.01
2021-02-04 18:00:00,3808,2980.165,27.778159934097612,1,High,85.0
2021-02-04 19:00:00,3222,3393.84,0.0,0,Normal,0.0
2021-02-04 20:00:00,2832,2916.825,0.0,0,Normal,0.0
2021-02-04 21:00:00,2255,2277.23,0.0,0,Normal,0.0
2021-02-04 22:00:00,2124,1967.22,7.9696221063226265,0,Normal,23.37
2021-02-04 23:00:00,1741,1811.8,0.0,0,Normal,0.0
2021-02-05 00:00:00,1663,1415.115,17.516950919183248,0,Warning,51.37
2021-02-05 01:00:00,1221,1463.985,0.0,0,Normal,0.0
2021-02-05 02:00:00,741,1055.725,0.0,1,Normal,5.0
2021-02-05 03:00:00,826,976.775,0.0,0,Normal,0.0
2021-02-05 04:00:00,1170,888.915,31.621133629199647,1,High,85.0
2021-02-05 05:00:00,1330,1500.66,0.0,0,Normal,0.0
2021-02-05 06:00:00,2203,2164.6,1.7739998152083567,0,Normal,5.2
2021-02-05 07:00:00,2408,2948.685,0.0,0,Normal,0.0
2021-02-05 08:00:00,3360,3324.695,1.061901918822624,0,Normal,3.11
2021-02-05 09:00:00,3601,3342.005,7.74968918358889,0,Normal,22.73
2021-02-05 10:00:00,3565,3486.79,2.2430372921799147,0,Normal,6.58
2021-02-05 11:00:00,3423,3409.775,0.38785550366226246,0,Normal,1.14
2021-02-05 12:00:00,3182,3305.78,0.0,0,Normal,0.0
2021-02-05 13:00:00,3215,2989.295,7.550442495638602,0,Normal,22.14
2021-02-05 14:00:00,3713,3048.36,21.803199097219483,0,High,63.94
2021-02-05 15:00:00,2921,3303.505,0.0,0,Normal,0.0
2021-02-05 16:00:00,2605,2636.545,0.0,0,Normal,0.0
2021-02-05 17:00:00,2766,2701.18,2.399691986465181,0,Normal,7.04
2021-02-05 18:00:00,3576,2975.845,20.167549049093626,0,High,59.14
2021-02-05 19:00:00,2975,3303.85,0.0,0,Normal,0.0
2021-02-05 20:00:00,2294,2830.855,0.0,0,Normal,0.0
2021-02-05 21:00:00,2040,2082.575,0.0,0,Normal,0.0
2021-02-05 22:00:00,1953,1993.705,0.0,0,Normal,0.0
2021-02-05 23:00:00,2080,1911.325,8.82502975684407,0,Normal,25.88
2021-02-06 00:00:00,1773,1687.015,5.0968722862570806,0,Normal,14.95
2021-02-06 01:00:00,747,1451.14,0.0,1,Normal,5.0
2021-02-06 02:00:00,1026,974.1,5.327995072374497,0,Normal,15.62
2021-02-06 03:00:00,1034,835.6,23.743417903303012,1,High,74.63
2021-02-06 04:00:00,956,950.31,0.5987519861939846,0,Normal,1.76
2021-02-06 05:00:00,807,1136.94,0.0,1,Normal,5.0
2021-02-06 06:00:00,640,900.77,0.0,2,Normal,10.0
2021-02-06 07:00:00,1326,1390.45,0.0,0,Normal,0.0
2021-02-06 08:00:00,3135,2337.855,34.097281482384496,1,High,85.0
2021-02-06 09:00:00,3517,4015.715,0.0,0,Normal,0.0
2021-02-06 10:00:00,3792,3702.26,2.4239248459049274,0,Normal,7.11
2021-02-06 11:00:00,3790,3674.02,3.156760170058955,0,Normal,9.26
2021-02-06 12:00:00,3766,3638.11,3.51528678352221,0,Normal,10.31
2021-02-06 13:00:00,3517,3554.245,0.0,0,Normal,0.0
2021-02-06 14:00:00,3204,3312.995,0.0,0,Normal,0.0
2021-02-06 15:00:00,3127,3007.605,3.9697699664683355,0,Normal,11.64
2021-02-06 16:00:00,2841,2868.195,0.0,0,Normal,0.0
2021-02-06 17:00:00,2807,2872.905,0.0,0,Normal,0.0
2021-02-06 18:00:00,2998,2936.195,2.1049351286273508,0,Normal,6.17
2021-02-06 19:00:00,2839,2943.05,0.0,0,Normal,0.0
2021-02-06 20:00:00,2426,2674.48,0.0,0,Normal,0.0
2021-02-06 21:00:00,1984,1918.88,3.3936462936713028,0,Normal,9.95
2021-02-06 22:00:00,1705,1943.855,0.0,0,Normal,0.0
2021-02-06 23:00:00,2191,1970.3,11.201339897477544,0,Warning,32.85
2021-02-07 00:00:00,1624,1744.575,0.0,0,Normal,0.0
2021-02-07 01:00:00,886,1368.455,0.0,1,Normal,5.0
2021-02-07 02:00:00,1043,935.89,11.44472106764684,0,Warning,33.56
2021-02-07 03:00:00,971,912.085,6.4593760449958015,0,Normal,18.94
2021-02-07 04:00:00,660,1034.88,0.0,1,Normal,5.0
2021-02-07 05:00:00,413,720.285,0.0,2,Normal,10.0
2021-02-07 06:00:00,772,555.6,38.94888408927285,3,Critical,95.0
2021-02-07 07:00:00,1362,1164.52,16.95805997320785,0,Warning,49.73
2021-02-07 08:00:00,1919,2263.395,0.0,0,Normal,0.0
2021-02-07 09:00:00,2861,3123.405,0.0,0,Normal,0.0
2021-02-07 10:00:00,3402,3577.935,0.0,0,Normal,0.0
2021-02-07 11:00:00,3373,3446.215,0.0,0,Normal,0.0
2021-02-07 12:00:00,3484,3357.025,3.7823668277716105,0,Normal,11.09
2021-02-07 13:00:00,3240,3401.51,0.0,0,Normal,0.0
2021-02-07 14:00:00,2971,3003.715,0.0,0,Normal,0.0
2021-02-07 15:00:00,2673,2682.505,0.0,0,Normal,0.0
2021-02-07 16:00:00,2419,2551.68,0.0,0,Normal,0.0
2021-02-07 17:00:00,2638,2584.5,2.070032888372993,0,Normal,6.07
2021-02-07 18:00:00,3346,2864.97,16.79005364803123,0,Warning,49.24
2021-02-07 19:00:00,3274,2978.825,9.9091084571937,0,Normal,29.06
2021-02-07 20:00:00,2745,2846.07,0.0,0,Normal,0.0
2021-02-07 21:00:00,1973,2164.805,0.0,0,Normal,0.0
2021-02-07 22:00:00,1726,1818.795,0.0,0,Normal,0.0
2021-02-07 23:00:00,1733,1756.85,0.0,0,Normal,0.0
2021-02-08 00:00:00,1590,1338.75,18.76750700280112,0,Warning,55.03
2021-02-08 01:00:00,899,1194.92,0.0,1,Normal,5.0
2021-02-08 02:00:00,558,1000.045,0.0,2,Normal,10.0
2021-02-08 03:00:00,822,648.725,26.710085167058455,3,High,93.33
2021-02-08 04:00:00,232,821.125,0.0,4,Normal,20.0
2021-02-08 05:00:00,959,1299.385,0.0,5,Normal,20.0
2021-02-08 06:00:00,2090,1845.53,13.246601247338162,0,Warning,38.84
2021-02-08 07:00:00,2081,3188.645,0.0,1,Normal,5.0
2021-02-08 08:00:00,2874,3139.135,0.0,0,Normal,0.0
2021-02-08 09:00:00,3390,3359.97,0.8937579799819702,0,Normal,2.62
2021-02-08 10:00:00,3262,3358.305,0.0,0,Normal,0.0
2021-02-08 11:00:00,3295,3211.97,2.585017917352908,0,Normal,7.58
2021-02-08 12:00:00,3259,2976.815,9.479426837072506,0,Normal,27.8
2021-02-08 13:00:00,3207,3124.335,2.6458430353979314,0,Normal,7.76
2021-02-08 14:00:00,3329,3052.14,9.071012469939129,0,Normal,26.6
2021-02-08 15:00:00,2623,2856.69,0.0,0,Normal,0.0
2021-02-08 16:00:00,1904,2467.91,0.0,1,Normal,5.0
2021-02-08 17:00:00,2773,2395.605,15.75364052087051,0,Warning,46.2
2021-02-08 18:00:00,3253,3008.955,8.110623123310255,0,Normal,23.78
2021-02-08 19:00:00,3038,3180.92,0.0,0,Normal,0.0
2021-02-08 20:00:00,2854,2861.855,0.0,0,Normal,0.0
2021-02-08 21:00:00,2197,2289.425,0.0,0,Normal,0.0
2021-02-08 22:00:00,2079,2026.945,2.568150591160592,0,Normal,7.53
2021-02-08 23:00:00,2190,1797.735,21.819956778946846,0,High,63.99
2021-02-09 00:00:00,1133,1615.885,0.0,1,Normal,5.0
2021-02-09 01:00:00,830,1103.29,0.0,2,Normal,10.0
2021-02-09 02:00:00,1087,654.01,66.20540970321555,3,Critical,95.0
2021-02-09 03:00:00,975,766.655,27.17584832812674,4,High,99.69
2021-02-09 04:00:00,1156,995.535,16.118468963923924,0,Warning,47.27
2021-02-09 05:00:00,1030,1945.17,0.0,1,Normal,5.0
2021-02-09 06:00:00,1345,2110.47,0.0,2,Normal,10.0
2021-02-09 07:00:00,2595,2295.51,13.04677391952114,0,Warning,38.26
2021-02-09 08:00:00,3062,3226.66,0.0,0,Normal,0.0
2021-02-09 09:00:00,3711,3254.06,14.04215042131983,0,Warning,41.18
2021-02-09 10:00:00,3815,3657.545,4.30493678136564,0,Normal,12.62
2021-02-09 11:00:00,3600,3568.335,0.8873886560538727,0,Normal,2.6
2021-02-09 12:00:00,3510,3220.3,8.996056268049553,0,Normal,26.38
2021-02-09 13:00:00,3583,3278.13,9.300119275318547,0,Normal,27.27
2021-02-09 14:00:00,3180,3442.525,0.0,0,Normal,0.0
2021-02-09 15:00:00,2642,2710.955,0.0,0,Normal,0.0
2021-02-09 16:00:00,2027,2348.695,0.0,0,Normal,0.0
2021-02-09 17:00:00,2550,2487.68,2.5051453563159316,0,Normal,7.35
2021-02-09 18:00:00,3339,2850.97,17.11803351140139,0,Warning,50.2
2021-02-09 19:00:00,3112,3187.2,0.0,0,Normal,0.0
2021-02-09 20:00:00,2779,2911.89,0.0,0,Normal,0.0
2021-02-09 21:00:00,2342,2279.55,2.7395757934680005,0,Normal,8.03
2021-02-09 22:00:00,2183,2090.53,4.42328022080524,0,Normal,12.97
2021-02-09 23:00:00,1877,1983.515,0.0,0,Normal,0.0
2021-02-10 00:00:00,1980,1289.095,53.596127515815354,1,High,85.0
2021-02-10 01:00:00,1391,1252.01,11.101349030758541,0,Warning,32.55
2021-02-10 02:00:00,652,988.985,0.0,1,Normal,5.0
2021-02-10 03:00:00,1026,836.425,22.6649131721314,2,High,76.46
2021-02-10 04:00:00,1180,1214.315,0.0,0,Normal,0.0
2021-02-10 05:00:00,1496,1969.955,0.0,1,Normal,5.0
2021-02-10 06:00:00,1498,1823.19,0.0,0,Normal,0.0
2021-02-10 07:00:00,2009,2418.57,0.0,0,Normal,0.0
2021-02-10 08:00:00,3221,3047.56,5.691110265261392,0,Normal,16.69
2021-02-10 09:00:00,3668,3364.24,9.029082348465039,0,Normal,26.48
2021-02-10 10:00:00,3371,3487.435,0.0,0,Normal,0.0
2021-02-10 11:00:00,3259,3270.36,0.0,0,Normal,0.0
2021-02-10 12:00:00,3282,3183.985,3.0783750551588613,0,Normal,9.03
2021-02-10 13:00:00,3191,3164.29,0.8441072088841426,0,Normal,2.48
2021-02-10 14:00:00,3317,3012.125,10.121591899406566,0,Normal,29.68
2021-02-10 15:00:00,2668,2848.705,0.0,0,Normal,0.0
2021-02-10 16:00:00,2167,2539.24,0.0,0,Normal,0.0
2021-02-10 17:00:00,2834,2512.8,12.782553326965926,0,Warning,37.48
2021-02-10 18:00:00,3759,3004.875,25.096717833520525,1,High,78.59
2021-02-10 19:00:00,3212,3155.1,1.8034293683243032,0,Normal,5.29
2021-02-10 20:00:00,2979,2881.62,3.379349116122185,0,Normal,9.91
2021-02-10 21:00:00,2311,2263.32,2.1066398034745344,0,Normal,6.18
2021-02-10 22:00:00,1999,2176.12,0.0,0,Normal,0.0
2021-02-10 23:00:00,1725,1781.24,0.0,0,Normal,0.0
2021-02-11 00:00:00,1606,1636.995,0.0,0,Normal,0.0
2021-02-11 01:00:00,1211,1374.55,0.0,0,Normal,0.0
2021-02-11 02:00:00,771,866.56,0.0,0,Normal,0.0
2021-02-11 03:00:00,812,1113.78,0.0,1,Normal,5.0
2021-02-11 04:00:00,1252,863.595,44.97536460956814,2,High,90.0
2021-02-11 05:00:00,1636,1335.085,22.539014369871577,3,High,81.09
2021-02-11 06:00:00,1847,2160.155,0.0,0,Normal,0.0
2021-02-11 07:00:00,2360,2748.505,0.0,0,Normal,0.0
2021-02-11 08:00:00,3297,3269.38,0.8448084958004236,0,Normal,2.48
2021-02-11 09:00:00,3573,3425.53,4.305027251257464,0,Normal,12.62
2021-02-11 10:00:00,3424,3486.95,0.0,0,Normal,0.0
2021-02-11 11:00:00,3441,3379.84,1.8095531149403477,0,Normal,5.31
2021-02-11 12:00:00,3349,3323.33,0.7724180264975212,0,Normal,2.27
2021-02-11 13:00:00,3164,3178.875,0.0,0,Normal,0.0
2021-02-11 14:00:00,3503,2958.11,18.420207497354724,0,Warning,54.02
2021-02-11 15:00:00,2799,2966.335,0.0,0,Normal,0.0
2021-02-11 16:00:00,2430,2429.535,0.019139464959350063,0,Normal,0.06
2021-02-11 17:00:00,2699,2662.91,1.355284256696627,0,Normal,3.97
2021-02-11 18:00:00,3935,2880.605,36.603248275969804,1,High,85.0
2021-02-11 19:00:00,3185,3495.84,0.0,0,Normal,0.0
2021-02-11 20:00:00,2657,2967.805,0.0,0,Normal,0.0
2021-02-11 21:00:00,2226,2225.375,0.02808515418749649,0,Normal,0.08
2021-02-11 22:00:00,2074,2045.91,1.3729831713027414,0,Normal,4.03
2021-02-11 23:00:00,1798,1731.345,3.849897045360686,0,Normal,11.29
2021-02-12 00:00:00,1528,1574.42,0.0,0,Normal,0.0
2021-02-12 01:00:00,1405,1198.84,17.196623402622542,0,Warning,50.43
2021-02-12 02:00:00,891,922.98,0.0,0,Normal,0.0
2021-02-12 03:00:00,416,846.515,0.0,1,Normal,5.0
2021-02-12 04:00:00,1311,1046.88,25.22925263640531,2,High,83.98
2021-02-12 05:00:00,1690,1470.99,14.888612431083828,0,Warning,43.66
2021-02-12 06:00:00,1943,2184.875,0.0,0,Normal,0.0
2021-02-12 07:00:00,2314,2414.97,0.0,0,Normal,0.0
2021-02-12 08:00:00,3332,3357.575,0.0,0,Normal,0.0
2021-02-12 09:00:00,3650,3464.815,5.344729805198833,0,Normal,15.67
2021-02-12 10:00:00,3810,3514.96,8.393836629719825,0,Normal,24.61
2021-02-12 11:00:00,3603,3384.125,6.467698444945149,0,Normal,18.97
2021-02-12 12:00:00,3472,3184.435,9.030330341175125,0,Normal,26.48
2021-02-12 13:00:00,3643,3324.66,9.575114447793162,0,Normal,28.08
2021-02-12 14:00:00,3595,3515.145,2.2717412795204757,0,Normal,6.66
2021-02-12 15:00:00,2758,3136.43,0.0,0,Normal,0.0
2021-02-12 16:00:00,2406,2742.78,0.0,0,Normal,0.0
2021-02-12 17:00:00,2886,2656.48,8.640004818406313,0,Normal,25.34
2021-02-12 18:00:00,3707,3081.91,20.282552053758877,0,High,59.48
2021-02-12 19:00:00,3078,3226.09,0.0,0,Normal,0.0
2021-02-12 20:00:00,2816,2565.445,9.766531732311542,0,Normal,28.64
2021-02-12 21:00:00,2156,2220.255,0.0,0,Normal,0.0
2021-02-12 22:00:00,2000,1952.805,2.4167799652295,0,Normal,7.09
2021-02-12 23:00:00,1631,1965.74,0.0,0,Normal,0.0
2021-02-13 00:00:00,1858,1574.4,18.013211382113813,0,Warning,52.82
2021-02-13 01:00:00,1517,1302.555,16.463412293530784,0,Warning,48.28
2021-02-13 02:00:00,708,990.685,0.0,1,Normal,5.0
2021-02-13 03:00:00,1055,752.6,40.18070688280627,2,High,90.0
2021-02-13 04:00:00,1188,978.23,21.443832227594736,0,High,62.88
2021-02-13 05:00:00,1150,1058.16,8.679216753610032,0,Normal,25.45
2021-02-13 06:00:00,779,951.97,0.0,0,Normal,0.0
2021-02-13 07:00:00,1688,1334.595,26.480317999093355,1,High,82.65
2021-02-13 08:00:00,2759,2934.515,0.0,0,Normal,0.0
2021-02-13 09:00:00,3785,3610.5,4.833125605871763,0,Normal,14.17
2021-02-13 10:00:00,4244,3946.525,7.537643876574959,0,Normal,22.1
2021-02-13 11:00:00,4041,3902.495,3.549139717027187,0,Normal,10.41
2021-02-13 12:00:00,3850,3752.965,2.585555687303235,0,Normal,7.58
2021-02-13 13:00:00,3736,3547.545,5.3122652425832495,0,Normal,15.58
2021-02-13 14:00:00,3331,3362.52,0.0,0,Normal,0.0
2021-02-13 15:00:00,3393,2986.025,13.629323264205755,0,Warning,39.97
2021-02-13 16:00:00,3028,2824.875,7.190583654143988,0,Normal,21.09
2021-02-13 17:00:00,2878,2901.7,0.0,0,Normal,0.0
2021-02-13 18:00:00,3186,2975.525,7.073541643911575,0,Normal,20.74
2021-02-13 19:00:00,3051,3014.76,1.202085738168205,0,Normal,3.53
2021-02-13 20:00:00,2491,2685.665,0.0,0,Normal,0.0
2021-02-13 21:00:00,1926,1965.685,0.0,0,Normal,0.0
2021-02-13 22:00:00,1838,1756.885,4.616978345196186,0,Normal,13.54
2021-02-13 23:00:00,1723,1861.29,0.0,0,Normal,0.0
2021-02-14 00:00:00,1686,1613.22,4.511473946516902,0,Normal,13.23
2021-02-14 01:00:00,1635,1240.445,31.807536811386246,1,High,85.0
2021-02-14 02:00:00,790,926.555,0.0,0,Normal,0.0
2021-02-14 03:00:00,816,1018.755,0.0,0,Normal,0.0
2021-02-14 04:00:00,1009,845.75,19.302394324563995,0,Warning,56.6
2021-02-14 05:00:00,956,835.45,14.429349452390921,0,Warning,42.31
2021-02-14 06:00:00,494,928.125,0.0,1,Normal,5.0
2021-02-14 07:00:00,1106,1358.78,0.0,0,Normal,0.0
2021-02-14 08:00:00,2270,2069.9,9.667133677955452,0,Normal,28.35
2021-02-14 09:00:00,3657,3202.97,14.175281067259457,0,Warning,41.57
2021-02-14 10:00:00,4139,3729.215,10.988505623837721,0,Warning,32.22
2021-02-14 11:00:00,4002,3797.45,5.386509368128618,0,Normal,15.8
2021-02-14 12:00:00,3903,3747.05,4.161940726705003,0,Normal,12.2
2021-02-14 13:00:00,3830,3520.1,8.803727166841854,0,Normal,25.82
2021-02-14 14:00:00,3233,3326.93,0.0,0,Normal,0.0
2021-02-14 15:00:00,2843,2799.51,1.5534861457897908,0,Normal,4.56
2021-02-14 16:00:00,2747,2629.515,4.467934200793688,0,Normal,13.1
2021-02-14 17:00:00,3001,2838.895,5.710144263877319,0,Normal,16.74
2021-02-14 18:00:00,3196,2999.15,6.56352633246086,0,Normal,19.25
2021-02-14 19:00:00,3230,3146.73,2.6462391117127932,0,Normal,7.76
2021-02-14 20:00:00,2838,2799.415,1.37832368548429,0,Normal,4.04
2021-02-14 21:00:00,2002,2117.1,0.0,0,Normal,0.0
2021-02-14 22:00:00,2030,1780.33,14.023804575556223,0,Warning,41.12
2021-02-14 23:00:00,1825,1755.425,3.963427659968386,0,Normal,11.62
2021-02-15 00:00:00,1558,1701.755,0.0,0,Normal,0.0
2021-02-15 01:00:00,1559,1224.075,27.36147703367849,1,High,85.0
2021-02-15 02:00:00,817,1069.645,0.0,2,Normal,10.0
2021-02-15 03:00:00,1094,772.43,41.63095685045895,3,Critical,95.0
2021-02-15 04:00:00,1397,864.025,61.68513642545066,4,Critical,100.0
2021-02-15 05:00:00,1683,1101.92,52.733410773921875,5,Critical,100.0
2021-02-15 06:00:00,1933,2323.57,0.0,0,Normal,0.0
2021-02-15 07:00:00,2462,2470.855,0.0,0,Normal,0.0
2021-02-15 08:00:00,3310,3023.41,9.479031953985736,0,Normal,27.8
2021-02-15 09:00:00,3841,3274.52,17.299634755628308,0,Warning,50.73
2021-02-15 10:00:00,3719,3562.565,4.391077776826526,0,Normal,12.88
2021-02-15 11:00:00,3561,3467.655,2.691876787050609,0,Normal,7.89
2021-02-15 12:00:00,3614,3384.435,6.782963773864768,0,Normal,19.89
2021-02-15 13:00:00,3631,3334.16,8.902992057969628,0,Normal,26.11
2021-02-15 14:00:00,3721,3359.97,10.745036414015608,0,Normal,31.51
2021-02-15 15:00:00,3080,3302.03,0.0,0,Normal,0.0
2021-02-15 16:00:00,2482,2723.975,0.0,0,Normal,0.0
2021-02-15 17:00:00,2861,2665.78,7.3231849589988585,0,Normal,21.47
2021-02-15 18:00:00,3847,3146.655,22.256809214864667,0,High,65.27
2021-02-15 19:00:00,3533,3428.805,3.03881381414225,0,Normal,8.91
2021-02-15 20:00:00,2921,3403.235,0.0,0,Normal,0.0
2021-02-15 21:00:00,2465,2280.875,8.07255987285581,0,Normal,23.67
2021-02-15 22:00:00,2286,2036.525,12.250033758485651,0,Warning,35.92
2021-02-15 23:00:00,1959,1937.99,1.0841129211193035,0,Normal,3.18
2021-02-16 00:00:00,1470,1361.73,7.950915379700821,0,Normal,23.32
2021-02-16 01:00:00,1592,1220.98,30.387066127209287,1,High,85.0
2021-02-16 02:00:00,1640,1070.455,53.20587974272624,2,High,90.0
2021-02-16 03:00:00,1079,1171.035,0.0,0,Normal,0.0
2021-02-16 04:00:00,1526,1192.37,27.980408765735483,1,High,85.0
2021-02-16 05:00:00,2060,1416.28,45.45146439969498,2,High,90.0
2021-02-16 06:00:00,2023,2053.905,0.0,0,Normal,0.0
2021-02-16 07:00:00,2803,2765.035,1.373038677629764,0,Normal,4.03
2021-02-16 08:00:00,4073,3338.265,22.00948696403671,0,High,64.54
2021-02-16 09:00:00,3936,3845.03,2.3659113192874908,0,Normal,6.94
2021-02-16 10:00:00,4183,3863.705,8.263959075550542,0,Normal,24.23
2021-02-16 11:00:00,3618,3899.165,0.0,0,Normal,0.0
2021-02-16 12:00:00,4517,3425.425,31.866848639219942,1,High,85.0
2021-02-16 13:00:00,3169,4071.05,0.0,0,Normal,0.0
2021-02-16 14:00:00,3994,3019.405,32.277716967415756,1,High,85.0
2021-02-16 15:00:00,3205,3019.765,6.134086592830903,0,Normal,17.99
2021-02-16 16:00:00,2359,2553.07,0.0,0,Normal,0.0
2021-02-16 17:00:00,2898,2577.395,12.439110031640475,0,Warning,36.48
2021-02-16 18:00:00,4345,3148.15,38.01756587202007,1,High,85.0
2021-02-16 19:00:00,3348,3883.05,0.0,0,Normal,0.0
2021-02-16 20:00:00,2937,3009.065,0.0,0,Normal,0.0
2021-02-16 21:00:00,2567,2430.63,5.610479587596626,0,Normal,16.45
2021-02-16 22:00:00,2272,2247.235,1.10202092794033,0,Normal,3.23
2021-02-16 23:00:00,2068,1914.1,8.040332271041226,0,Normal,23.58
2021-02-17 00:00:00,1404,1614.19,0.0,0,Normal,0.0
2021-02-17 01:00:00,1371,1468.53,0.0,0,Normal,0.0
2021-02-17 02:00:00,1258,1182.69,6.367687221503517,0,Normal,18.67
2021-02-17 03:00:00,883,1077.05,0.0,0,Normal,0.0
2021-02-17 04:00:00,934,1251.825,0.0,1,Normal,5.0
2021-02-17 05:00:00,1865,1663.91,12.085389233792688,0,Warning,35.44
2021-02-17 06:00:00,2712,2112.81,28.359861984750168,1,High,85.0
2021-02-17 07:00:00,2908,3068.385,0.0,0,Normal,0.0
2021-02-17 08:00:00,4181,3552.735,17.683981495946078,0,Warning,51.86
2021-02-17 09:00:00,3297,3966.18,0.0,0,Normal,0.0
2021-02-17 10:00:00,4053,3393.86,19.42154361110947,0,Warning,56.95
2021-02-17 11:00:00,3204,3707.735,0.0,0,Normal,0.0
2021-02-17 12:00:00,3713,3282.19,13.125687422117549,0,Warning,38.49
2021-02-17 13:00:00,3885,3451.9,12.54671340421217,0,Warning,36.79
2021-02-17 14:00:00,4111,3628.93,13.284080982548579,0,Warning,38.95
2021-02-17 15:00:00,3171,3117.265,1.7237867168816294,0,Normal,5.05
2021-02-17 16:00:00,2382,2570.78,0.0,0,Normal,0.0
2021-02-17 17:00:00,3122,2587.585,20.6530413493663,0,High,60.56
2021-02-17 18:00:00,4228,3289.215,28.541308488499528,1,High,85.0
2021-02-17 19:00:00,3298,3778.905,0.0,0,Normal,0.0
2021-02-17 20:00:00,3038,3085.615,0.0,0,Normal,0.0
2021-02-17 21:00:00,2527,2647.17,0.0,0,Normal,0.0
2021-02-17 22:00:00,2260,2237.48,1.0064894434810583,0,Normal,2.95
2021-02-17 23:00:00,1831,1980.47,0.0,0,Normal,0.0
2021-02-18 00:00:00,1196,1510.2,0.0,0,Normal,0.0
2021-02-18 01:00:00,1533,1207.84,26.920784209829122,1,High,83.94
2021-02-18 02:00:00,1441,1118.125,28.87646730016769,2,High,90.0
2021-02-18 03:00:00,967,934.59,3.467830813511804,0,Normal,10.17
2021-02-18 04:00:00,1218,1045.855,16.45973868270458,0,Warning,48.27
2021-02-18 05:00:00,1565,1506.5,3.8831729173581153,0,Normal,11.39
2021-02-18 06:00:00,2483,2419.34,2.6312961386163107,0,Normal,7.72
2021-02-18 07:00:00,2578,3026.235,0.0,0,Normal,0.0
2021-02-18 08:00:00,4149,3565.68,16.359291916268432,0,Warning,47.97
2021-02-18 09:00:00,3292,3871.215,0.0,0,Normal,0.0
2021-02-18 10:00:00,3737,3327.085,12.320544861342587,0,Warning,36.13
2021-02-18 11:00:00,3321,3548.975,0.0,0,Normal,0.0
2021-02-18 12:00:00,3450,3219.55,7.157832616359423,0,Normal,20.99
2021-02-18 13:00:00,3874,3333.69,16.207565790460418,0,Warning,47.53
2021-02-18 14:00:00,3846,3684.415,4.385635168676711,0,Normal,12.86
2021-02-18 15:00:00,3067,3442.055,0.0,0,Normal,0.0
2021-02-18 16:00:00,2306,2539.035,0.0,0,Normal,0.0
2021-02-18 17:00:00,2754,2602.92,5.804250610852424,0,Normal,17.02
2021-02-18 18:00:00,3859,2975.12,29.709053752453684,1,High,85.0
2021-02-18 19:00:00,3393,3489.16,0.0,0,Normal,0.0
2021-02-18 20:00:00,2766,3139.635,0.0,0,Normal,0.0
2021-02-18 21:00:00,2195,2396.535,0.0,0,Normal,0.0
2021-02-18 22:00:00,2237,2119.975,5.520112265474833,0,Normal,16.19
2021-02-18 23:00:00,1711,1870.765,0.0,0,Normal,0.0
2021-02-19 00:00:00,1327,1498.38,0.0,0,Normal,0.0
2021-02-19 01:00:00,1185,1464.86,0.0,0,Normal,0.0
2021-02-19 02:00:00,1244,1021.83,21.742364189738016,0,High,63.76
2021-02-19 03:00:00,714,958.795,0.0,1,Normal,5.0
2021-02-19 04:00:00,1182,1097.265,7.722382469139168,0,Normal,22.65
2021-02-19 05:00:00,1659,1565.825,5.950537256717701,0,Normal,17.45
2021-02-19 06:00:00,2016,2354.365,0.0,0,Normal,0.0
2021-02-19 07:00:00,2602,2584.985,0.6582243223848445,0,Normal,1.93
2021-02-19 08:00:00,4020,3579.23,12.314659857008351,0,Warning,36.11
2021-02-19 09:00:00,3343,3861.195,0.0,0,Normal,0.0
2021-02-19 10:00:00,4080,3442.55,18.51679714165371,0,Warning,54.3
2021-02-19 11:00:00,3302,3809.58,0.0,0,Normal,0.0
2021-02-19 12:00:00,3621,3182.585,13.775437262476883,0,Warning,40.4
2021-02-19 13:00:00,3701,3625.75,2.0754326691029443,0,Normal,6.09
2021-02-19 14:00:00,3956,3537.37,11.834498511606084,0,Warning,34.7
2021-02-19 15:00:00,3192,3167.58,0.7709355406966856,0,Normal,2.26
2021-02-19 16:00:00,2202,2594.585,0.0,0,Normal,0.0
2021-02-19 17:00:00,3195,2540.24,25.775517273958375,1,High,80.59
2021-02-19 18:00:00,3894,3263.63,19.314995878822046,0,Warning,56.64
2021-02-19 19:00:00,3158,3592.57,0.0,0,Normal,0.0
2021-02-19 20:00:00,2464,2829.335,0.0,0,Normal,0.0
2021-02-19 21:00:00,2306,2060.525,11.913225998228603,0,Warning,34.93
2021-02-19 22:00:00,1941,2218.51,0.0,0,Normal,0.0
2021-02-19 23:00:00,1842,1693.58,8.763684030279059,0,Normal,25.7
2021-02-20 00:00:00,1586,1503.165,5.5107057442130465,0,Normal,16.16
2021-02-20 01:00:00,1531,1359.62,12.604992571453796,0,Warning,36.96
2021-02-20 02:00:00,849,1084.145,0.0,0,Normal,0.0
2021-02-20 03:00:00,521,885.63,0.0,1,Normal,5.0
2021-02-20 04:00:00,1071,1049.825,2.0170028338056296,0,Normal,5.91
2021-02-20 05:00:00,1273,1207.135,5.456307703777955,0,Normal,16.0
2021-02-20 06:00:00,939,1189.04,0.0,0,Normal,0.0
2021-02-20 07:00:00,1506,1460.79,3.094900704413368,0,Normal,9.08
2021-02-20 08:00:00,3088,2710.635,13.92164566605241,0,Warning,40.82
2021-02-20 09:00:00,4205,3915.8,7.38546401756984,0,Normal,21.66
2021-02-20 10:00:00,4615,4175.67,10.52118582167652,0,Normal,30.85
2021-02-20 11:00:00,4231,4007.415,5.579282405241285,0,Normal,16.36
2021-02-20 12:00:00,4022,4044.135,0.0,0,Normal,0.0
2021-02-20 13:00:00,3945,3796.26,3.918066728833109,0,Normal,11.49
2021-02-20 14:00:00,3557,3758.715,0.0,0,Normal,0.0
2021-02-20 15:00:00,3386,3335.36,1.5182768876523036,0,Normal,4.45
2021-02-20 16:00:00,3252,3094.53,5.088656435710747,0,Normal,14.92
2021-02-20 17:00:00,3213,3201.59,0.3563854209939391,0,Normal,1.05
2021-02-20 18:00:00,3425,3228.055,6.101042268486757,0,Normal,17.89
2021-02-20 19:00:00,3015,3255.55,0.0,0,Normal,0.0
2021-02-20 20:00:00,2555,2645.045,0.0,0,Normal,0.0
2021-02-20 21:00:00,1826,2110.93,0.0,0,Normal,0.0
2021-02-20 22:00:00,1885,1916.29,0.0,0,Normal,0.0
2021-02-20 23:00:00,1766,1818.845,0.0,0,Normal,0.0
2021-02-21 00:00:00,1909,1606.835,18.804979976164322,0,Warning,55.14
2021-02-21 01:00:00,1345,1612.475,0.0,0,Normal,0.0
2021-02-21 02:00:00,679,865.8,0.0,0,Normal,0.0
2021-02-21 03:00:00,981,699.205,40.302200356118725,1,High,85.0
2021-02-21 04:00:00,1004,940.535,6.747755266949134,0,Normal,19.79
2021-02-21 05:00:00,841,1024.095,0.0,0,Normal,0.0
2021-02-21 06:00:00,418,869.01,0.0,1,Normal,5.0
2021-02-21 07:00:00,1542,1211.93,27.2350713325027,2,High,89.87
2021-02-21 08:00:00,3178,2553.08,24.47710216679462,3,High,86.78
2021-02-21 09:00:00,3825,3917.485,0.0,0,Normal,0.0
2021-02-21 10:00:00,4355,4083.91,6.638001327159515,0,Normal,19.47
2021-02-21 11:00:00,4186,4249.53,0.0,0,Normal,0.0
2021-02-21 12:00:00,3950,4035.54,0.0,0,Normal,0.0
2021-02-21 13:00:00,3698,3833.875,0.0,0,Normal,0.0
2021-02-21 14:00:00,3241,3468.235,0.0,0,Normal,0.0
2021-02-21 15:00:00,2717,2990.59,0.0,0,Normal,0.0
2021-02-21 16:00:00,2324,2687.25,0.0,0,Normal,0.0
2021-02-21 17:00:00,2888,2581.13,11.888978858097031,0,Warning,34.86
2021-02-21 18:00:00,3253,2910.94,11.750843370182826,0,Warning,34.46
2021-02-21 19:00:00,3312,3102.05,6.7681049628471435,0,Normal,19.85
2021-02-21 20:00:00,2800,2949.345,0.0,0,Normal,0.0
2021-02-21 21:00:00,2061,2035.395,1.2579867789790196,0,Normal,3.69
2021-02-21 22:00:00,1891,2060.355,0.0,0,Normal,0.0
2021-02-21 23:00:00,1452,1778.825,0.0,0,Normal,0.0
2021-02-22 00:00:00,1410,1491.78,0.0,0,Normal,0.0
2021-02-22 01:00:00,1235,1238.62,0.0,0,Normal,0.0
2021-02-22 02:00:00,712,910.98,0.0,0,Normal,0.0
2021-02-22 03:00:00,540,952.545,0.0,1,Normal,5.0
2021-02-22 04:00:00,881,1013.32,0.0,0,Normal,0.0
2021-02-22 05:00:00,1029,1276.51,0.0,0,Normal,0.0
2021-02-22 06:00:00,2638,2098.83,25.689074389064388,1,High,80.33
2021-02-22 07:00:00,2976,3091.93,0.0,0,Normal,0.0
2021-02-22 08:00:00,4199,3326.865,26.214920052361617,1,High,81.87
2021-02-22 09:00:00,3113,4074.57,0.0,2,Normal,10.0
2021-02-22 10:00:00,3932,3269.055,20.279407963463452,0,High,59.47
2021-02-22 11:00:00,3203,3903.135,0.0,0,Normal,0.0
2021-02-22 12:00:00,3633,3173.52,14.4785600847009,0,Warning,42.46
2021-02-22 13:00:00,3413,3466.94,0.0,0,Normal,0.0
2021-02-22 14:00:00,3596,3225.285,11.494023008819381,0,Warning,33.71
2021-02-22 15:00:00,2960,3321.63,0.0,0,Normal,0.0
2021-02-22 16:00:00,2298,2629.435,0.0,0,Normal,0.0
2021-02-22 17:00:00,2755,2496.725,10.344551362284598,0,Normal,30.33
2021-02-22 18:00:00,3570,2937.21,21.54391412258572,0,High,63.18
2021-02-22 19:00:00,3496,3428.28,1.9753345701051195,0,Normal,5.79
2021-02-22 20:00:00,2973,3121.165,0.0,0,Normal,0.0
2021-02-22 21:00:00,2196,2487.415,0.0,0,Normal,0.0
2021-02-22 22:00:00,2126,2034.59,4.492797074594885,0,Normal,13.17
2021-02-22 23:00:00,1626,1841.635,0.0,0,Normal,0.0
2021-02-23 00:00:00,1192,1512.595,0.0,0,Normal,0.0
2021-02-23 01:00:00,1314,1276.39,2.9465915590062517,0,Normal,8.64
2021-02-23 02:00:00,758,1118.9,0.0,1,Normal,5.0
2021-02-23 03:00:00,484,884.325,0.0,2,Normal,10.0
2021-02-23 04:00:00,962,1022.365,0.0,0,Normal,0.0
2021-02-23 05:00:00,1225,1389.73,0.0,0,Normal,0.0
2021-02-23 06:00:00,2150,2049.265,4.9156648847269695,0,Normal,14.41
2021-02-23 07:00:00,2826,3036.125,0.0,0,Normal,0.0
2021-02-23 08:00:00,3943,3523.685,11.899900246474928,0,Warning,34.9
2021-02-23 09:00:00,3663,3942.18,0.0,0,Normal,0.0
2021-02-23 10:00:00,3977,3625.445,9.696878590076524,0,Normal,28.44
2021-02-23 11:00:00,3553,3784.06,0.0,0,Normal,0.0
2021-02-23 12:00:00,3739,3516.47,6.3282211991002395,0,Normal,18.56
2021-02-23 13:00:00,3818,3492.74,9.3124595589709,0,Normal,27.31
2021-02-23 14:00:00,3727,3563.57,4.586131323363926,0,Normal,13.45
2021-02-23 15:00:00,3033,3411.135,0.0,0,Normal,0.0
2021-02-23 16:00:00,2294,2651.735,0.0,0,Normal,0.0
2021-02-23 17:00:00,2700,2551.735,5.81036040184423,0,Normal,17.04
2021-02-23 18:00:00,3996,2933.06,36.23996781518278,1,High,85.0
2021-02-23 19:00:00,3470,3751.555,0.0,0,Normal,0.0
2021-02-23 20:00:00,3082,3188.755,0.0,0,Normal,0.0
2021-02-23 21:00:00,2488,2662.23,0.0,0,Normal,0.0
2021-02-23 22:00:00,1924,2106.745,0.0,0,Normal,0.0
2021-02-23 23:00:00,1623,1739.795,0.0,0,Normal,0.0
2021-02-24 00:00:00,1262,1376.52,0.0,0,Normal,0.0
2021-02-24 01:00:00,1135,1318.1,0.0,0,Normal,0.0
2021-02-24 02:00:00,706,951.265,0.0,1,Normal,5.0
2021-02-24 03:00:00,248,726.415,0.0,2,Normal,10.0
2021-02-24 04:00:00,210,835.25,0.0,3,Normal,15.0
2021-02-24 05:00:00,1062,1348.395,0.0,0,Normal,0.0
2021-02-24 06:00:00,2697,2143.68,25.811688311688318,1,High,80.69
2021-02-24 07:00:00,2851,3278.29,0.0,0,Normal,0.0
2021-02-24 08:00:00,4029,3589.73,12.236853468088128,0,Warning,35.88
2021-02-24 09:00:00,3644,3748.865,0.0,0,Normal,0.0
2021-02-24 10:00:00,4162,3641.59,14.290735640201117,0,Warning,41.91
2021-02-24 11:00:00,3324,3817.315,0.0,0,Normal,0.0
2021-02-24 12:00:00,3644,3228.28,12.877445574733287,0,Warning,37.76
2021-02-24 13:00:00,3803,3518.41,8.088596837776159,0,Normal,23.72
2021-02-24 14:00:00,3846,3619.97,6.243974397577887,0,Normal,18.31
2021-02-24 15:00:00,3045,3460.9,0.0,0,Normal,0.0
2021-02-24 16:00:00,2476,2695.325,0.0,0,Normal,0.0
2021-02-24 17:00:00,2602,2617.61,0.0,0,Normal,0.0
2021-02-24 18:00:00,3944,2923.1,34.92525059012692,1,High,85.0
2021-02-24 19:00:00,3382,3634.785,0.0,0,Normal,0.0
2021-02-24 20:00:00,2946,3176.31,0.0,0,Normal,0.0
2021-02-24 21:00:00,2369,2582.75,0.0,0,Normal,0.0
2021-02-24 22:00:00,2029,1982.885,2.3256517649788067,0,Normal,6.82
2021-02-24 23:00:00,1569,1749.355,0.0,0,Normal,0.0
2021-02-25 00:00:00,1161,1205.83,0.0,0,Normal,0.0
2021-02-25 01:00:00,1221,1300.86,0.0,0,Normal,0.0
2021-02-25 02:00:00,917,1079.835,0.0,0,Normal,0.0
2021-02-25 03:00:00,651,670.285,0.0,0,Normal,0.0
2021-02-25 04:00:00,384,724.99,0.0,1,Normal,5.0
2021-02-25 05:00:00,1423,1178.605,20.73595479401496,0,High,60.81
2021-02-25 06:00:00,2655,2463.24,7.784868709504565,0,Normal,22.83
2021-02-25 07:00:00,3073,3131.265,0.0,0,Normal,0.0
2021-02-25 08:00:00,3642,3598.62,1.2054620938026273,0,Normal,3.53
2021-02-25 09:00:00,3865,3479.18,11.089394627469696,0,Warning,32.52
2021-02-25 10:00:00,3340,3836.75,0.0,0,Normal,0.0
2021-02-25 11:00:00,3362,3231.745,4.030485078494748,0,Normal,11.82
2021-02-25 12:00:00,3465,3245.245,6.771599678914847,0,Normal,19.86
2021-02-25 13:00:00,3575,3335.24,7.1886880704237255,0,Normal,21.08
2021-02-25 14:00:00,4089,3502.15,16.756849363962132,0,Warning,49.14
2021-02-25 15:00:00,2950,3602.6,0.0,0,Normal,0.0
2021-02-25 16:00:00,1980,2684.87,0.0,1,Normal,5.0
2021-02-25 17:00:00,2958,2468.815,19.814566907605467,0,Warning,58.11
2021-02-25 18:00:00,3535,3176.43,11.288459056236094,0,Warning,33.1
2021-02-25 19:00:00,3304,3406.085,0.0,0,Normal,0.0
2021-02-25 20:00:00,2857,3031.28,0.0,0,Normal,0.0
2021-02-25 21:00:00,2167,2323.52,0.0,0,Normal,0.0
2021-02-25 22:00:00,2130,2003.945,6.290342299813621,0,Normal,18.45
2021-02-25 23:00:00,1648,1712.565,0.0,0,Normal,0.0
2021-02-26 00:00:00,1390,1318.615,5.4136347607148405,0,Normal,15.88
2021-02-26 01:00:00,1287,1164.885,10.483009052395731,0,Normal,30.74
2021-02-26 02:00:00,917,979.82,0.0,0,Normal,0.0
2021-02-26 03:00:00,651,730.945,0.0,0,Normal,0.0
2021-02-26 04:00:00,1072,751.95,42.562670390318495,1,High,85.0
2021-02-26 05:00:00,1314,1541.835,0.0,0,Normal,0.0
2021-02-26 06:00:00,1906,2058.765,0.0,0,Normal,0.0
2021-02-26 07:00:00,2969,2957.44,0.3908785977061223,0,Normal,1.15
2021-02-26 08:00:00,3636,3638.81,0.0,0,Normal,0.0
2021-02-26 09:00:00,3306,3532.825,0.0,0,Normal,0.0
2021-02-26 10:00:00,3757,3397.765,10.572685279882515,0,Normal,31.0
2021-02-26 11:00:00,3021,3517.415,0.0,0,Normal,0.0
2021-02-26 12:00:00,3324,3036.475,9.469038934949245,0,Normal,27.77
2021-02-26 13:00:00,3407,3189.705,6.8123854713837195,0,Normal,19.98
2021-02-26 14:00:00,3287,3365.755,0.0,0,Normal,0.0
2021-02-26 15:00:00,2910,3064.795,0.0,0,Normal,0.0
2021-02-26 16:00:00,2581,2527.755,2.1064145852742806,0,Normal,6.18
2021-02-26 17:00:00,2965,2686.685,10.359048418404095,0,Normal,30.38
2021-02-26 18:00:00,3618,3104.225,16.550829917290148,0,Warning,48.53
2021-02-26 19:00:00,2994,3372.39,0.0,0,Normal,0.0
2021-02-26 20:00:00,2645,2671.425,0.0,0,Normal,0.0
2021-02-26 21:00:00,1802,2234.285,0.0,0,Normal,0.0
2021-02-26 22:00:00,1887,1953.355,0.0,0,Normal,0.0
2021-02-26 23:00:00,1535,1684.76,0.0,0,Normal,0.0
2021-02-27 00:00:00,1674,1322.615,26.567444040782846,1,High,82.91
2021-02-27 01:00:00,1292,1437.605,0.0,0,Normal,0.0
2021-02-27 02:00:00,480,897.825,0.0,1,Normal,5.0
2021-02-27 03:00:00,813,639.94,27.04316029627776,2,High,89.3
2021-02-27 04:00:00,966,1003.075,0.0,0,Normal,0.0
2021-02-27 05:00:00,1118,1166.7,0.0,0,Normal,0.0
2021-02-27 06:00:00,651,1037.42,0.0,1,Normal,5.0
2021-02-27 07:00:00,1386,1458.72,0.0,0,Normal,0.0
2021-02-27 08:00:00,3127,2769.355,12.914378979942983,0,Warning,37.87
2021-02-27 09:00:00,3912,3991.025,0.0,0,Normal,0.0
2021-02-27 10:00:00,4118,4021.8,2.391963797304685,0,Normal,7.01
2021-02-27 11:00:00,4060,3861.98,5.127421685249535,0,Normal,15.04
2021-02-27 12:00:00,3779,3835.405,0.0,0,Normal,0.0
2021-02-27 13:00:00,3581,3621.5,0.0,0,Normal,0.0
2021-02-27 14:00:00,3459,3437.33,0.630431177687335,0,Normal,1.85
2021-02-27 15:00:00,3272,3196.54,2.3606774825279846,0,Normal,6.92
2021-02-27 16:00:00,3107,3111.545,0.0,0,Normal,0.0
2021-02-27 17:00:00,2939,3060.65,0.0,0,Normal,0.0
2021-02-27 18:00:00,3151,3054.855,3.147285223030225,0,Normal,9.23
2021-02-27 19:00:00,2952,3055.625,0.0,0,Normal,0.0
2021-02-27 20:00:00,2350,2717.525,0.0,0,Normal,0.0
2021-02-27 21:00:00,1848,1825.235,1.247236657197572,0,Normal,3.66
2021-02-27 22:00:00,1674,1854.155,0.0,0,Normal,0.0
2021-02-27 23:00:00,1751,1650.99,6.05757757466732,0,Normal,17.76
2021-02-28 00:00:00,1791,1746.175,2.567039386086735,0,Normal,7.53
2021-02-28 01:00:00,914,1417.375,0.0,1,Normal,5.0
2021-02-28 02:00:00,668,641.17,4.184537642123001,0,Normal,12.27
2021-02-28 03:00:00,1008,891.575,13.058351793174994,0,Warning,38.29
2021-02-28 04:00:00,860,935.995,0.0,0,Normal,0.0
2021-02-28 05:00:00,784,799.495,0.0,0,Normal,0.0
2021-02-28 06:00:00,335,757.575,0.0,1,Normal,5.0
2021-02-28 07:00:00,1613,1271.415,26.866522732546027,2,High,88.78
2021-02-28 08:00:00,2361,2914.77,0.0,0,Normal,0.0
2021-02-28 09:00:00,3585,3429.805,4.524892814606083,0,Normal,13.27
2021-02-28 10:00:00,4102,3925.86,4.486660247690948,0,Normal,13.16
2021-02-28 11:00:00,4143,4002.885,3.5003503722939775,0,Normal,10.26
2021-02-28 12:00:00,3854,3916.56,0.0,0,Normal,0.0
2021-02-28 13:00:00,3610,3687.06,0.0,0,Normal,0.0
2021-02-28 14:00:00,3139,3285.36,0.0,0,Normal,0.0
2021-02-28 15:00:00,2768,2772.91,0.0,0,Normal,0.0
2021-02-28 16:00:00,2620,2593.44,1.0241224011351697,0,Normal,3.0
2021-02-28 17:00:00,2738,2738.005,0.0,0,Normal,0.0
2021-02-28 18:00:00,3090,2857.795,8.125320395619697,0,Normal,23.83
2021-02-28 19:00:00,3247,3049.365,6.481185427129918,0,Normal,19.01
2021-02-28 20:00:00,2843,2810.92,1.141263358615682,0,Normal,3.35
2021-02-28 21:00:00,1991,2114.75,0.0,0,Normal,0.0
2021-02-28 22:00:00,2044,1842.26,10.950680142868,0,Warning,32.11
2021-02-28 23:00:00,1587,1690.53,0.0,0,Normal,0.0
2021-03-01 00:00:00,1376,1399.145,0.0,0,Normal,0.0
2021-03-01 01:00:00,1144,905.67,26.315324566343158,1,High,82.17
2021-03-01 02:00:00,798,914.635,0.0,0,Normal,0.0
2021-03-01 03:00:00,450,899.65,0.0,1,Normal,5.0
2021-03-01 04:00:00,982,801.575,22.50881077877927,2,High,76.01
2021-03-01 05:00:00,1479,1271.54,16.31564874089687,0,Warning,47.84
2021-03-01 06:00:00,2123,2236.755,0.0,0,Normal,0.0
2021-03-01 07:00:00,3250,3222.36,0.8577564269665671,0,Normal,2.52
2021-03-01 08:00:00,3585,3531.135,1.5254302087005958,0,Normal,4.47
2021-03-01 09:00:00,3732,3326.545,12.188471822867267,0,Warning,35.74
2021-03-01 10:00:00,3281,3629.095,0.0,0,Normal,0.0
2021-03-01 11:00:00,3258,3190.145,2.1270193047651444,0,Normal,6.24
2021-03-01 12:00:00,3206,3198.495,0.23464160487979843,0,Normal,0.69
2021-03-01 13:00:00,3102,3099.75,0.07258649891120252,0,Normal,0.21
2021-03-01 14:00:00,2720,3004.175,0.0,0,Normal,0.0
2021-03-01 15:00:00,2802,2571.865,8.948175740172996,0,Normal,26.24
2021-03-01 16:00:00,2942,2578.935,14.078098129654299,0,Warning,41.28
2021-03-01 17:00:00,3028,2951.745,2.583387115079389,0,Normal,7.58
2021-03-01 18:00:00,3172,3155.125,0.53484410284854,0,Normal,1.57
2021-03-01 19:00:00,3311,3257.97,1.627700684782248,0,Normal,4.77
2021-03-01 20:00:00,2949,2955.935,0.0,0,Normal,0.0
2021-03-01 21:00:00,2322,2285.99,1.5752474857720382,0,Normal,4.62
2021-03-01 22:00:00,2023,2092.47,0.0,0,Normal,0.0
2021-03-01 23:00:00,1665,1655.83,0.5538008128853852,0,Normal,1.62
2021-03-02 00:00:00,1511,1354.995,11.513326617441402,0,Warning,33.76
2021-03-02 01:00:00,1293,1258.705,2.724625706579387,0,Normal,7.99
2021-03-02 02:00:00,909,941.905,0.0,0,Normal,0.0
2021-03-02 03:00:00,425,718.81,0.0,1,Normal,5.0
2021-03-02 04:00:00,1074,995.95,7.836738792108032,0,Normal,22.98
2021-03-02 05:00:00,1708,1282.68,33.15869897402313,1,High,85.0
2021-03-02 06:00:00,1918,2307.665,0.0,0,Normal,0.0
2021-03-02 07:00:00,2927,3145.11,0.0,0,Normal,0.0
2021-03-02 08:00:00,3662,3458.195,5.893392362200507,0,Normal,17.28
2021-03-02 09:00:00,3953,3550.455,11.33784261453814,0,Warning,33.25
2021-03-02 10:00:00,3734,3876.525,0.0,0,Normal,0.0
2021-03-02 11:00:00,3523,3537.75,0.0,0,Normal,0.0
2021-03-02 12:00:00,3468,3333.27,4.041976797559154,0,Normal,11.85
2021-03-02 13:00:00,3677,3303.575,11.303663455498974,0,Warning,33.15
2021-03-02 14:00:00,2898,3425.58,0.0,0,Normal,0.0
2021-03-02 15:00:00,2650,2782.58,0.0,0,Normal,0.0
2021-03-02 16:00:00,2478,2621.035,0.0,0,Normal,0.0
2021-03-02 17:00:00,2519,2663.945,0.0,0,Normal,0.0
2021-03-02 18:00:00,2997,2899.345,3.3681745359727873,0,Normal,9.88
2021-03-02 19:00:00,3297,3288.685,0.25283662010803876,0,Normal,0.74
2021-03-02 20:00:00,2844,3057.325,0.0,0,Normal,0.0
2021-03-02 21:00:00,2202,2399.815,0.0,0,Normal,0.0
2021-03-02 22:00:00,1734,1970.695,0.0,0,Normal,0.0
2021-03-02 23:00:00,1481,1604.285,0.0,0,Normal,0.0
2021-03-03 00:00:00,1101,1260.14,0.0,0,Normal,0.0
2021-03-03 01:00:00,929,1112.4,0.0,0,Normal,0.0
2021-03-03 02:00:00,822,821.84,0.019468509685579696,0,Normal,0.06
2021-03-03 03:00:00,540,699.895,0.0,1,Normal,5.0
2021-03-03 04:00:00,967,802.13,20.55402490868064,0,High,60.27
2021-03-03 05:00:00,1647,1429.605,15.206647990179103,0,Warning,44.59
2021-03-03 06:00:00,2020,2434.87,0.0,0,Normal,0.0
2021-03-03 07:00:00,3184,2957.395,7.662317681608307,0,Normal,22.47
2021-03-03 08:00:00,3505,3394.54,3.2540491495165775,0,Normal,9.54
2021-03-03 09:00:00,3135,3509.61,0.0,0,Normal,0.0
2021-03-03 10:00:00,3723,3230.52,15.244604583782179,0,Warning,44.7
2021-03-03 11:00:00,3273,3506.105,0.0,0,Normal,0.0
2021-03-03 12:00:00,3118,3185.385,0.0,0,Normal,0.0
2021-03-03 13:00:00,3018,3087.3,0.0,0,Normal,0.0
2021-03-03 14:00:00,2782,2906.185,0.0,0,Normal,0.0
2021-03-03 15:00:00,2673,2632.26,1.547719450206278,0,Normal,4.54
2021-03-03 16:00:00,2707,2577.62,5.0193589435215475,0,Normal,14.72
2021-03-03 17:00:00,3374,2774.215,21.619989798916084,0,High,63.4
2021-03-03 18:00:00,2986,3212.355,0.0,0,Normal,0.0
2021-03-03 19:00:00,3240,3282.515,0.0,0,Normal,0.0
2021-03-03 20:00:00,2735,2940.3,0.0,0,Normal,0.0
2021-03-03 21:00:00,2082,2301.305,0.0,0,Normal,0.0
2021-03-03 22:00:00,1834,1918.855,0.0,0,Normal,0.0
2021-03-03 23:00:00,1505,1532.65,0.0,0,Normal,0.0
2021-03-04 00:00:00,1140,1095.015,4.108162901878047,0,Normal,12.05
2021-03-04 01:00:00,892,935.675,0.0,0,Normal,0.0
2021-03-04 02:00:00,826,797.345,3.593801930155701,0,Normal,10.54
2021-03-04 03:00:00,402,692.235,0.0,1,Normal,5.0
2021-03-04 04:00:00,805,880.8,0.0,0,Normal,0.0
2021-03-04 05:00:00,1418,1385.275,2.3623468264423964,0,Normal,6.93
2021-03-04 06:00:00,2266,2249.795,0.720287848448411,0,Normal,2.11
2021-03-04 07:00:00,3036,3311.255,0.0,0,Normal,0.0
2021-03-04 08:00:00,3328,3396.015,0.0,0,Normal,0.0
2021-03-04 09:00:00,3612,3403.835,6.115601960729588,0,Normal,17.93
2021-03-04 10:00:00,3107,3415.05,0.0,0,Normal,0.0
2021-03-04 11:00:00,2940,3013.91,0.0,0,Normal,0.0
2021-03-04 12:00:00,2919,2865.155,1.879304959068525,0,Normal,5.51
2021-03-04 13:00:00,2532,2921.22,0.0,0,Normal,0.0
2021-03-04 14:00:00,2627,2598.865,1.0825879759048747,0,Normal,3.17
2021-03-04 15:00:00,2760,2548.815,8.285615079948915,0,Normal,24.3
2021-03-04 16:00:00,2723,2588.495,5.196262693186586,0,Normal,15.24
2021-03-04 17:00:00,3037,2837.65,7.025179285676525,0,Normal,20.6
2021-03-04 18:00:00,3450,3087.43,11.743424142409713,0,Warning,34.44
2021-03-04 19:00:00,2944,3194.52,0.0,0,Normal,0.0
2021-03-04 20:00:00,2640,2759.115,0.0,0,Normal,0.0
2021-03-04 21:00:00,1983,2223.845,0.0,0,Normal,0.0
2021-03-04 22:00:00,1793,1968.95,0.0,0,Normal,0.0
2021-03-04 23:00:00,1049,1578.31,0.0,1,Normal,5.0
2021-03-05 00:00:00,1549,1203.515,28.706331038665894,2,High,90.0
2021-03-05 01:00:00,1056,1235.2,0.0,0,Normal,0.0
2021-03-05 02:00:00,401,740.325,0.0,1,Normal,5.0
2021-03-05 03:00:00,769,581.14,32.32611763086348,2,High,90.0
2021-03-05 04:00:00,925,835.57,10.702873487559383,0,Normal,31.39
2021-03-05 05:00:00,1407,1267.795,10.980087474710022,0,Warning,32.2
2021-03-05 06:00:00,1818,2180.39,0.0,0,Normal,0.0
2021-03-05 07:00:00,3154,3052.05,3.3403777788699336,0,Normal,9.8
2021-03-05 08:00:00,3744,3417.135,9.565469318595834,0,Normal,28.05
2021-03-05 09:00:00,3861,3446.965,12.011581202594162,0,Warning,35.22
2021-03-05 10:00:00,3479,3697.345,0.0,0,Normal,0.0
2021-03-05 11:00:00,3193,3172.835,0.6355514862890748,0,Normal,1.86
2021-03-05 12:00:00,3205,3109.035,3.086649072783039,0,Normal,9.05
2021-03-05 13:00:00,3012,3084.68,0.0,0,Normal,0.0
2021-03-05 14:00:00,2917,2892.4,0.8505047711243225,0,Normal,2.49
2021-03-05 15:00:00,2848,2853.815,0.0,0,Normal,0.0
2021-03-05 16:00:00,2864,2716.2,5.441425520948391,0,Normal,15.96
2021-03-05 17:00:00,2955,2976.825,0.0,0,Normal,0.0
2021-03-05 18:00:00,3138,3111.495,0.8518413174374412,0,Normal,2.5
2021-03-05 19:00:00,3096,3030.88,2.148550915905608,0,Normal,6.3
2021-03-05 20:00:00,2727,2787.1,0.0,0,Normal,0.0
2021-03-05 21:00:00,2024,2109.79,0.0,0,Normal,0.0
2021-03-05 22:00:00,1781,1815.51,0.0,0,Normal,0.0
2021-03-05 23:00:00,1648,1591.295,3.563449894582709,0,Normal,10.45
2021-03-06 00:00:00,1750,1535.36,13.979783243017932,0,Warning,41.0
2021-03-06 01:00:00,1232,1254.685,0.0,0,Normal,0.0
2021-03-06 02:00:00,404,784.435,0.0,1,Normal,5.0
2021-03-06 03:00:00,791,756.165,4.606798780689405,0,Normal,13.51
2021-03-06 04:00:00,837,918.36,0.0,0,Normal,0.0
2021-03-06 05:00:00,1014,999.56,1.4446356396814655,0,Normal,4.24
2021-03-06 06:00:00,757,903.165,0.0,0,Normal,0.0
2021-03-06 07:00:00,1485,1476.25,0.5927180355630821,0,Normal,1.74
2021-03-06 08:00:00,2842,2791.57,1.8065103149840351,0,Normal,5.3
2021-03-06 09:00:00,3836,3813.655,0.5859208554523101,0,Normal,1.72
2021-03-06 10:00:00,4070,3929.25,3.5821085448877015,0,Normal,10.5
2021-03-06 11:00:00,4004,3827.94,4.599340637523053,0,Normal,13.49
2021-03-06 12:00:00,3666,3770.42,0.0,0,Normal,0.0
2021-03-06 13:00:00,3464,3469.67,0.0,0,Normal,0.0
2021-03-06 14:00:00,3213,3143.475,2.211724286021046,0,Normal,6.49
2021-03-06 15:00:00,2962,3072.64,0.0,0,Normal,0.0
2021-03-06 16:00:00,2675,2785.87,0.0,0,Normal,0.0
2021-03-06 17:00:00,3098,2776.095,11.595604617277154,0,Warning,34.0
2021-03-06 18:00:00,3252,3089.055,5.274914172781002,0,Normal,15.47
2021-03-06 19:00:00,2951,3087.07,0.0,0,Normal,0.0
2021-03-06 20:00:00,2469,2548.34,0.0,0,Normal,0.0
2021-03-06 21:00:00,1991,1887.99,5.456067034253359,0,Normal,16.0
2021-03-06 22:00:00,1392,1728.325,0.0,0,Normal,0.0
2021-03-06 23:00:00,1655,1663.63,0.0,0,Normal,0.0
2021-03-07 00:00:00,1654,1696.83,0.0,0,Normal,0.0
2021-03-07 01:00:00,781,1211.28,0.0,1,Normal,5.0
2021-03-07 02:00:00,739,586.09,26.089849681789477,2,High,86.51
2021-03-07 03:00:00,904,804.135,12.4189346316228,0,Warning,36.42
2021-03-07 04:00:00,799,814.285,0.0,0,Normal,0.0
2021-03-07 05:00:00,815,787.14,3.5393957872805366,0,Normal,10.38
2021-03-07 06:00:00,397,650.405,0.0,1,Normal,5.0
2021-03-07 07:00:00,1545,1367.83,12.952633002639221,0,Warning,37.98
2021-03-07 08:00:00,2448,2422.905,1.0357401548966962,0,Normal,3.04
2021-03-07 09:00:00,3510,3512.64,0.0,0,Normal,0.0
2021-03-07 10:00:00,4053,3924.325,3.2789078376536143,0,Normal,9.62
2021-03-07 11:00:00,4035,3961.105,1.8655147995319483,0,Normal,5.47
2021-03-07 12:00:00,3683,3845.805,0.0,0,Normal,0.0
2021-03-07 13:00:00,3419,3562.695,0.0,0,Normal,0.0
2021-03-07 14:00:00,3190,3082.38,3.491457899415383,0,Normal,10.24
2021-03-07 15:00:00,2751,2812.425,0.0,0,Normal,0.0
2021-03-07 16:00:00,2456,2575.27,0.0,0,Normal,0.0
2021-03-07 17:00:00,2728,2667.68,2.261140766508733,0,Normal,6.63
2021-03-07 18:00:00,2955,2812.86,5.053219854525283,0,Normal,14.82
2021-03-07 19:00:00,3011,2928.45,2.818897368915303,0,Normal,8.27
2021-03-07 20:00:00,2557,2813.835,0.0,0,Normal,0.0
2021-03-07 21:00:00,1921,2093.81,0.0,0,Normal,0.0
2021-03-07 22:00:00,1783,1771.045,0.6750251969882146,0,Normal,1.98
2021-03-07 23:00:00,1559,1627.58,0.0,0,Normal,0.0
2021-03-08 00:00:00,1447,1383.865,4.562222471122544,0,Normal,13.38
2021-03-08 01:00:00,929,905.505,2.5946847339329993,0,Normal,7.61
2021-03-08 02:00:00,616,709.58,0.0,0,Normal,0.0
2021-03-08 03:00:00,389,639.945,0.0,1,Normal,5.0
2021-03-08 04:00:00,616,726.595,0.0,0,Normal,0.0
2021-03-08 05:00:00,1555,1213.46,28.14596278410495,1,High,85.0
2021-03-08 06:00:00,2514,2394.815,4.976793614538073,0,Normal,14.59
2021-03-08 07:00:00,2875,3383.275,0.0,0,Normal,0.0
2021-03-08 08:00:00,3228,3556.525,0.0,0,Normal,0.0
2021-03-08 09:00:00,3438,3355.165,2.4688800699816564,0,Normal,7.24
2021-03-08 10:00:00,3365,3279.955,2.5928709387781255,0,Normal,7.6
2021-03-08 11:00:00,3146,3193.095,0.0,0,Normal,0.0
2021-03-08 12:00:00,3059,3013.745,1.5016200773456319,0,Normal,4.4
2021-03-08 13:00:00,2922,2906.61,0.5294827995499869,0,Normal,1.55
2021-03-08 14:00:00,2776,2736.74,1.4345535198813268,0,Normal,4.21
2021-03-08 15:00:00,2480,2639.475,0.0,0,Normal,0.0
2021-03-08 16:00:00,2439,2464.735,0.0,0,Normal,0.0
2021-03-08 17:00:00,2600,2562.88,1.448370583094015,0,Normal,4.25
2021-03-08 18:00:00,2989,2828.195,5.6857819209778615,0,Normal,16.67
2021-03-08 19:00:00,3115,3020.865,3.116160437490594,0,Normal,9.14
2021-03-08 20:00:00,2762,2886.765,0.0,0,Normal,0.0
2021-03-08 21:00:00,2096,2220.535,0.0,0,Normal,0.0
2021-03-08 22:00:00,1971,1977.705,0.0,0,Normal,0.0
2021-03-08 23:00:00,1633,1636.175,0.0,0,Normal,0.0
2021-03-09 00:00:00,1541,1467.93,4.97775779499022,0,Normal,14.6
2021-03-09 01:00:00,971,1217.45,0.0,0,Normal,0.0
2021-03-09 02:00:00,512,773.61,0.0,1,Normal,5.0
2021-03-09 03:00:00,849,579.595,46.48159490678835,2,High,90.0
2021-03-09 04:00:00,990,859.485,15.185256287195237,0,Warning,44.53
2021-03-09 05:00:00,1456,1403.71,3.7251284097142547,0,Normal,10.92
2021-03-09 06:00:00,1757,2352.76,0.0,1,Normal,5.0
2021-03-09 07:00:00,3175,2796.76,13.524220884165954,0,Warning,39.66
2021-03-09 08:00:00,3457,3383.62,2.1686832445723843,0,Normal,6.36
2021-03-09 09:00:00,3731,3434.66,8.627928237438354,0,Normal,25.3
2021-03-09 10:00:00,3236,3623.965,0.0,0,Normal,0.0
2021-03-09 11:00:00,3325,3125.175,6.394041933651709,0,Normal,18.75
2021-03-09 12:00:00,3307,3172.025,4.255168228497565,0,Normal,12.48
2021-03-09 13:00:00,3163,3119.825,1.3838917246961027,0,Normal,4.06
2021-03-09 14:00:00,2678,2910.81,0.0,0,Normal,0.0
2021-03-09 15:00:00,2620,2608.165,0.45376730383238933,0,Normal,1.33
2021-03-09 16:00:00,2743,2497.66,9.822794135310657,0,Normal,28.8
2021-03-09 17:00:00,2756,2704.275,1.912712279631321,0,Normal,5.61
2021-03-09 18:00:00,2704,2958.195,0.0,0,Normal,0.0
2021-03-09 19:00:00,2854,2878.915,0.0,0,Normal,0.0
2021-03-09 20:00:00,2610,2694.42,0.0,0,Normal,0.0
2021-03-09 21:00:00,2035,2215.225,0.0,0,Normal,0.0
2021-03-09 22:00:00,1812,1907.175,0.0,0,Normal,0.0
2021-03-09 23:00:00,1578,1547.075,1.9989334712279594,0,Normal,5.86
2021-03-10 00:00:00,1578,1433.45,10.084062925110743,0,Normal,29.57
2021-03-10 01:00:00,1031,1013.22,1.7548015238546388,0,Normal,5.15
2021-03-10 02:00:00,481,685.445,0.0,1,Normal,5.0
2021-03-10 03:00:00,829,697.705,18.818125138848075,0,Warning,55.18
2021-03-10 04:00:00,989,926.425,6.75445934641229,0,Normal,19.81
2021-03-10 05:00:00,1400,1364.445,2.6058214145678327,0,Normal,7.64
2021-03-10 06:00:00,1748,1987.83,0.0,0,Normal,0.0
2021-03-10 07:00:00,2969,3117.075,0.0,0,Normal,0.0
2021-03-10 08:00:00,3352,3433.595,0.0,0,Normal,0.0
2021-03-10 09:00:00,3370,3391.435,0.0,0,Normal,0.0
2021-03-10 10:00:00,3262,3280.455,0.0,0,Normal,0.0
2021-03-10 11:00:00,3115,3140.33,0.0,0,Normal,0.0
2021-03-10 12:00:00,3095,2960.11,4.556925249399511,0,Normal,13.36
2021-03-10 13:00:00,3078,2963.37,3.868231101752401,0,Normal,11.34
2021-03-10 14:00:00,2949,2885.905,2.186315904369679,0,Normal,6.41
2021-03-10 15:00:00,2751,2717.695,1.2254870395684518,0,Normal,3.59
2021-03-10 16:00:00,2644,2680.705,0.0,0,Normal,0.0
2021-03-10 17:00:00,2836,2781.945,1.943065013866192,0,Normal,5.7
2021-03-10 18:00:00,3143,2934.77,7.095274927847839,0,Normal,20.81
2021-03-10 19:00:00,3174,3043.875,4.27497844031046,0,Normal,12.54
2021-03-10 20:00:00,2797,2809.185,0.0,0,Normal,0.0
2021-03-10 21:00:00,2256,2228.015,1.256050789604205,0,Normal,3.68
2021-03-10 22:00:00,1933,1979.25,0.0,0,Normal,0.0
2021-03-10 23:00:00,1604,1516.015,5.803702469962362,0,Normal,17.02
2021-03-11 00:00:00,1455,1446.365,0.5970138934501312,0,Normal,1.75
2021-03-11 01:00:00,1139,938.555,21.356766518744248,0,High,62.63
2021-03-11 02:00:00,651,739.42,0.0,0,Normal,0.0
2021-03-11 03:00:00,520,724.54,0.0,1,Normal,5.0
2021-03-11 04:00:00,1055,920.74,14.581749462388945,0,Warning,42.76
2021-03-11 05:00:00,1375,1377.195,0.0,0,Normal,0.0
2021-03-11 06:00:00,1876,1990.1,0.0,0,Normal,0.0
2021-03-11 07:00:00,3083,3018.24,2.145621289228167,0,Normal,6.29
2021-03-11 08:00:00,3384,3339.29,1.3389073725252985,0,Normal,3.93
2021-03-11 09:00:00,3456,3429.895,0.7611020162424802,0,Normal,2.23
2021-03-11 10:00:00,3667,3244.825,13.01071706486483,0,Warning,38.15
2021-03-11 11:00:00,3532,3234.67,9.191973215196601,0,Normal,26.96
2021-03-11 12:00:00,3081,3218.36,0.0,0,Normal,0.0
2021-03-11 13:00:00,2959,2943.675,0.5206077437217022,0,Normal,1.53
2021-03-11 14:00:00,2747,2871.635,0.0,0,Normal,0.0
2021-03-11 15:00:00,2566,2688.395,0.0,0,Normal,0.0
2021-03-11 16:00:00,2644,2568.235,2.9500805027577255,0,Normal,8.65
2021-03-11 17:00:00,2745,2774.78,0.0,0,Normal,0.0
2021-03-11 18:00:00,3049,2932.24,3.981938722614801,0,Normal,11.68
2021-03-11 19:00:00,3122,3130.69,0.0,0,Normal,0.0
2021-03-11 20:00:00,2743,2894.01,0.0,0,Normal,0.0
2021-03-11 21:00:00,2111,2226.895,0.0,0,Normal,0.0
2021-03-11 22:00:00,2069,1919.005,7.8162902128967815,0,Normal,22.92
2021-03-11 23:00:00,1730,1621.645,6.681795337450552,0,Normal,19.59
2021-03-12 00:00:00,1532,1474.68,3.8869449643312404,0,Normal,11.4
2021-03-12 01:00:00,1102,1101.055,0.0858267752292062,0,Normal,0.25
2021-03-12 02:00:00,461,734.605,0.0,1,Normal,5.0
2021-03-12 03:00:00,786,590.89,33.019682174347174,2,High,90.0
2021-03-12 04:00:00,1098,910.36,20.611626169866863,0,High,60.44
2021-03-12 05:00:00,1359,1357.575,0.10496657643223797,0,Normal,0.31
2021-03-12 06:00:00,1799,1793.775,0.29128513888307667,0,Normal,0.85
2021-03-12 07:00:00,3252,3154.575,3.088371650697802,0,Normal,9.06
2021-03-12 08:00:00,3629,3480.685,4.261086539000227,0,Normal,12.5
2021-03-12 09:00:00,3712,3631.175,2.22586352902297,0,Normal,6.53
2021-03-12 10:00:00,3313,3570.53,0.0,0,Normal,0.0
2021-03-12 11:00:00,2771,3160.865,0.0,0,Normal,0.0
2021-03-12 12:00:00,3172,2899.375,9.402888553567578,0,Normal,27.57
2021-03-12 13:00:00,2945,2989.98,0.0,0,Normal,0.0
2021-03-12 14:00:00,2817,2856.615,0.0,0,Normal,0.0
2021-03-12 15:00:00,2627,2705.4,0.0,0,Normal,0.0
2021-03-12 16:00:00,2905,2585.54,12.355639440890492,0,Warning,36.23
2021-03-12 17:00:00,2987,2905.19,2.8159948230580425,0,Normal,8.26
2021-03-12 18:00:00,2735,3022.89,0.0,0,Normal,0.0
2021-03-12 19:00:00,2647,2843.415,0.0,0,Normal,0.0
2021-03-12 20:00:00,2319,2486.5,0.0,0,Normal,0.0
2021-03-12 21:00:00,1726,1961.37,0.0,0,Normal,0.0
2021-03-12 22:00:00,1253,1861.205,0.0,1,Normal,5.0
2021-03-12 23:00:00,1317,1595.6,0.0,0,Normal,0.0
2021-03-13 00:00:00,1558,1404.935,10.89481008018165,0,Warning,31.95
2021-03-13 01:00:00,916,1083.895,0.0,0,Normal,0.0
2021-03-13 02:00:00,503,537.315,0.0,0,Normal,0.0
2021-03-13 03:00:00,899,736.69,22.032333817480882,0,High,64.61
2021-03-13 04:00:00,718,820.2,0.0,0,Normal,0.0
2021-03-13 05:00:00,863,798.195,8.118943365969463,0,Normal,23.81
2021-03-13 06:00:00,824,775.755,6.21910268061437,0,Normal,18.24
2021-03-13 07:00:00,1635,1601.465,2.094020162788452,0,Normal,6.14
2021-03-13 08:00:00,2567,2878.855,0.0,0,Normal,0.0
2021-03-13 09:00:00,3425,3560.99,0.0,0,Normal,0.0
2021-03-13 10:00:00,3536,3661.685,0.0,0,Normal,0.0
2021-03-13 11:00:00,3575,3451.495,3.5783044738584326,0,Normal,10.49
2021-03-13 12:00:00,3479,3459.475,0.5643919958953336,0,Normal,1.66
2021-03-13 13:00:00,3122,3260.915,0.0,0,Normal,0.0
2021-03-13 14:00:00,2883,2911.2,0.0,0,Normal,0.0
2021-03-13 15:00:00,2661,2755.32,0.0,0,Normal,0.0
2021-03-13 16:00:00,2486,2495.355,0.0,0,Normal,0.0
2021-03-13 17:00:00,2475,2588.645,0.0,0,Normal,0.0
2021-03-13 18:00:00,3010,2669.795,12.74273867469225,0,Warning,37.37
2021-03-13 19:00:00,2671,2937.32,0.0,0,Normal,0.0
2021-03-13 20:00:00,2158,2362.175,0.0,0,Normal,0.0
2021-03-13 21:00:00,1205,1838.395,0.0,1,Normal,5.0
2021-03-13 22:00:00,1476,1480.115,0.0,0,Normal,0.0
2021-03-13 23:00:00,1896,1548.835,22.414589029819183,1,High,70.73
2021-03-14 00:00:00,1648,1497.525,10.048246273017138,0,Normal,29.47
2021-03-14 01:00:00,733,1037.27,0.0,1,Normal,5.0
2021-03-14 02:00:00,897,602.975,48.762386500269486,2,High,90.0
2021-03-14 03:00:00,779,805.92,0.0,0,Normal,0.0
2021-03-14 04:00:00,828,688.885,20.19422690289381,0,High,59.22
2021-03-14 05:00:00,484,701.915,0.0,1,Normal,5.0
2021-03-14 06:00:00,547,413.0,32.445520581113804,2,High,90.0
2021-03-14 07:00:00,1457,1407.26,3.5345280900473264,0,Normal,10.36
2021-03-14 08:00:00,2231,2282.5,0.0,0,Normal,0.0
2021-03-14 09:00:00,3113,3379.44,0.0,0,Normal,0.0
2021-03-14 10:00:00,3424,3613.145,0.0,0,Normal,0.0
2021-03-14 11:00:00,3481,3477.23,0.10841963286869094,0,Normal,0.32
2021-03-14 12:00:00,3367,3458.79,0.0,0,Normal,0.0
2021-03-14 13:00:00,3335,3189.96,4.546765476683092,0,Normal,13.33
2021-03-14 14:00:00,3112,3091.63,0.6588757386880024,0,Normal,1.93
2021-03-14 15:00:00,2808,2706.13,3.764416343634633,0,Normal,11.04
2021-03-14 16:00:00,2614,2589.095,0.9619191261811637,0,Normal,2.82
2021-03-14 17:00:00,2691,2714.235,0.0,0,Normal,0.0
2021-03-14 18:00:00,3530,2787.44,26.639497173033316,1,High,83.12
2021-03-14 19:00:00,2994,3109.16,0.0,0,Normal,0.0
2021-03-14 20:00:00,2628,2697.495,0.0,0,Normal,0.0
2021-03-14 21:00:00,1842,1796.58,2.5281367932404946,0,Normal,7.41
2021-03-14 22:00:00,1102,1676.39,0.0,1,Normal,5.0
2021-03-14 23:00:00,1268,1646.4,0.0,2,Normal,10.0
2021-03-15 00:00:00,1277,1260.635,1.2981552947522486,0,Normal,3.81
2021-03-15 01:00:00,981,799.885,22.64262987804497,1,High,71.4
2021-03-15 02:00:00,530,702.23,0.0,2,Normal,10.0
2021-03-15 03:00:00,381,524.765,0.0,3,Normal,15.0
2021-03-15 04:00:00,922,769.08,19.88349716544442,0,Warning,58.31
2021-03-15 05:00:00,1993,1166.52,70.8500497205363,1,High,85.0
2021-03-15 06:00:00,1857,2986.64,0.0,2,Normal,10.0
2021-03-15 07:00:00,3066,2820.0,8.72340425531915,0,Normal,25.58
2021-03-15 08:00:00,3453,3284.59,5.127276159277105,0,Normal,15.04
2021-03-15 09:00:00,3155,3468.675,0.0,0,Normal,0.0
2021-03-15 10:00:00,3423,3054.515,12.063617300946309,0,Warning,35.38
2021-03-15 11:00:00,3357,3275.315,2.4939585963487465,0,Normal,7.31
2021-03-15 12:00:00,3196,3135.065,1.9436598603218735,0,Normal,5.7
2021-03-15 13:00:00,3030,2966.01,2.157443838692377,0,Normal,6.33
2021-03-15 14:00:00,2785,2828.255,0.0,0,Normal,0.0
2021-03-15 15:00:00,2529,2645.68,0.0,0,Normal,0.0
2021-03-15 16:00:00,2454,2443.19,0.44245433224595493,0,Normal,1.3
2021-03-15 17:00:00,2911,2554.445,13.958217929922148,0,Warning,40.93
2021-03-15 18:00:00,2882,3183.34,0.0,0,Normal,0.0
2021-03-15 19:00:00,2861,3012.94,0.0,0,Normal,0.0
2021-03-15 20:00:00,2489,2676.83,0.0,0,Normal,0.0
2021-03-15 21:00:00,1381,2024.45,0.0,1,Normal,5.0
2021-03-15 22:00:00,1914,1828.295,4.687700836024817,0,Normal,13.75
2021-03-15 23:00:00,1734,1595.065,8.710303341870077,0,Normal,25.54
2021-03-16 00:00:00,1521,1481.82,2.6440458355265863,0,Normal,7.75
2021-03-16 01:00:00,1127,991.67,13.646676817893052,0,Warning,40.02
2021-03-16 02:00:00,417,700.555,0.0,1,Normal,5.0
2021-03-16 03:00:00,750,722.425,3.817005225455936,0,Normal,11.19
2021-03-16 04:00:00,971,880.51,10.276998557654087,0,Normal,30.14
2021-03-16 05:00:00,1477,1570.055,0.0,0,Normal,0.0
2021-03-16 06:00:00,2402,1808.75,32.79889426399447,1,High,85.0
2021-03-16 07:00:00,3020,3201.52,0.0,0,Normal,0.0
2021-03-16 08:00:00,3473,3417.755,1.6164119429274446,0,Normal,4.74
2021-03-16 09:00:00,3518,3493.24,0.708797563293682,0,Normal,2.08
2021-03-16 10:00:00,3384,3314.2,2.1060889505763134,0,Normal,6.18
2021-03-16 11:00:00,2851,3236.095,0.0,0,Normal,0.0
2021-03-16 12:00:00,3251,2803.99,15.941925613144136,0,Warning,46.75
2021-03-16 13:00:00,3208,3074.765,4.333176681795199,0,Normal,12.71
2021-03-16 14:00:00,2836,2865.21,0.0,0,Normal,0.0
2021-03-16 15:00:00,2636,2646.73,0.0,0,Normal,0.0
2021-03-16 16:00:00,2555,2568.385,0.0,0,Normal,0.0
2021-03-16 17:00:00,3090,2761.415,11.899153151554549,0,Warning,34.89
2021-03-16 18:00:00,3169,2931.455,8.103313883378735,0,Normal,23.76
2021-03-16 19:00:00,3018,2921.815,3.2919606477480587,0,Normal,9.65
2021-03-16 20:00:00,2570,2737.295,0.0,0,Normal,0.0
2021-03-16 21:00:00,1664,1955.445,0.0,0,Normal,0.0
2021-03-16 22:00:00,1672,1788.765,0.0,0,Normal,0.0
2021-03-16 23:00:00,1801,1534.855,17.3400744695753,0,Warning,50.85
2021-03-17 00:00:00,1585,1503.995,5.385988650228233,0,Normal,15.79
2021-03-17 01:00:00,1166,1236.145,0.0,0,Normal,0.0
2021-03-17 02:00:00,512,772.18,0.0,1,Normal,5.0
2021-03-17 03:00:00,805,834.59,0.0,0,Normal,0.0
2021-03-17 04:00:00,1142,899.34,26.98200902884337,1,High,84.12
2021-03-17 05:00:00,1749,1427.41,22.529616578278134,2,High,76.07
2021-03-17 06:00:00,2192,2330.225,0.0,0,Normal,0.0
2021-03-17 07:00:00,2991,3063.705,0.0,0,Normal,0.0
2021-03-17 08:00:00,3213,3368.34,0.0,0,Normal,0.0
2021-03-17 09:00:00,3268,3292.15,0.0,0,Normal,0.0
2021-03-17 10:00:00,3060,3167.07,0.0,0,Normal,0.0
2021-03-17 11:00:00,3057,2952.21,3.5495442397390415,0,Normal,10.41
2021-03-17 12:00:00,2253,2951.01,0.0,1,Normal,5.0
2021-03-17 13:00:00,2850,2705.98,5.3222861957590215,0,Normal,15.61
2021-03-17 14:00:00,2594,2744.79,0.0,0,Normal,0.0
2021-03-17 15:00:00,2510,2516.225,0.0,0,Normal,0.0
2021-03-17 16:00:00,2469,2509.035,0.0,0,Normal,0.0
2021-03-17 17:00:00,2520,2761.035,0.0,0,Normal,0.0
2021-03-17 18:00:00,2936,2754.54,6.587669810567283,0,Normal,19.32
2021-03-17 19:00:00,3089,3019.7,2.2949299599298008,0,Normal,6.73
2021-03-17 20:00:00,2824,2825.275,0.0,0,Normal,0.0
2021-03-17 21:00:00,2264,2152.785,5.1660987976040404,0,Normal,15.15
2021-03-17 22:00:00,2155,1918.0,12.356621480709071,0,Warning,36.24
2021-03-17 23:00:00,1640,1845.975,0.0,0,Normal,0.0
2021-03-18 00:00:00,1489,1522.05,0.0,0,Normal,0.0
2021-03-18 01:00:00,1209,1211.31,0.0,0,Normal,0.0
2021-03-18 02:00:00,638,803.605,0.0,0,Normal,0.0
2021-03-18 03:00:00,1130,743.755,51.931751719316175,1,High,85.0
2021-03-18 04:00:00,996,1102.045,0.0,0,Normal,0.0
2021-03-18 05:00:00,1392,1453.27,0.0,0,Normal,0.0
2021-03-18 06:00:00,1972,2205.055,0.0,0,Normal,0.0
2021-03-18 07:00:00,3125,3153.175,0.0,0,Normal,0.0
2021-03-18 08:00:00,3325,3315.265,0.29364168475220315,0,Normal,0.86
2021-03-18 09:00:00,3310,3331.005,0.0,0,Normal,0.0
2021-03-18 10:00:00,2803,3237.265,0.0,0,Normal,0.0
2021-03-18 11:00:00,2932,2783.07,5.351284732327962,0,Normal,15.69
2021-03-18 12:00:00,3129,2833.245,10.438737207689421,0,Normal,30.61
2021-03-18 13:00:00,3150,2967.46,6.151388729755412,0,Normal,18.04
2021-03-18 14:00:00,2973,2875.76,3.381367012546241,0,Normal,9.92
2021-03-18 15:00:00,2828,2673.295,5.787053056247063,0,Normal,16.97
2021-03-18 16:00:00,2637,2695.76,0.0,0,Normal,0.0
2021-03-18 17:00:00,2844,2714.725,4.761992467008632,0,Normal,13.96
2021-03-18 18:00:00,3568,2949.405,20.973552292750565,0,High,61.5
2021-03-18 19:00:00,3109,3160.905,0.0,0,Normal,0.0
2021-03-18 20:00:00,2342,2892.84,0.0,0,Normal,0.0
2021-03-18 21:00:00,1953,2099.695,0.0,0,Normal,0.0
2021-03-18 22:00:00,1932,1860.41,3.8480764992662864,0,Normal,11.28
2021-03-18 23:00:00,1692,1637.825,3.307740448460608,0,Normal,9.7
2021-03-19 00:00:00,1459,1514.245,0.0,0,Normal,0.0
2021-03-19 01:00:00,1128,1214.56,0.0,0,Normal,0.0
2021-03-19 02:00:00,997,716.98,39.05548271918324,1,High,85.0
2021-03-19 03:00:00,582,931.015,0.0,2,Normal,10.0
2021-03-19 04:00:00,951,978.22,0.0,0,Normal,0.0
2021-03-19 05:00:00,1148,1415.71,0.0,0,Normal,0.0
2021-03-19 06:00:00,1515,1982.32,0.0,1,Normal,5.0
2021-03-19 07:00:00,3453,2726.83,26.630556360315826,2,High,88.09
2021-03-19 08:00:00,3690,3576.165,3.183158495203662,0,Normal,9.33
2021-03-19 09:00:00,3494,3587.655,0.0,0,Normal,0.0
2021-03-19 10:00:00,3393,3312.695,2.4241591815727026,0,Normal,7.11
2021-03-19 11:00:00,3631,2990.53,21.41660508337986,0,High,62.8
2021-03-19 12:00:00,3107,3312.015,0.0,0,Normal,0.0
2021-03-19 13:00:00,2991,2935.98,1.8739909672409207,0,Normal,5.5
2021-03-19 14:00:00,2837,2868.155,0.0,0,Normal,0.0
2021-03-19 15:00:00,2738,2713.335,0.9090289256579067,0,Normal,2.67
2021-03-19 16:00:00,2400,2680.215,0.0,0,Normal,0.0
2021-03-19 17:00:00,2722,2594.46,4.915859176861464,0,Normal,14.42
2021-03-19 18:00:00,3050,2787.335,9.423517445875719,0,Normal,27.63
2021-03-19 19:00:00,3027,2905.915,4.166845898796077,0,Normal,12.22
2021-03-19 20:00:00,2550,2476.615,2.9631169963841866,0,Normal,8.69
2021-03-19 21:00:00,1989,1962.715,1.3392163406302027,0,Normal,3.93
2021-03-19 22:00:00,1761,1707.965,3.1051573070876795,0,Normal,9.11
2021-03-19 23:00:00,1676,1632.78,2.6470191942576484,0,Normal,7.76
2021-03-20 00:00:00,1677,1513.975,10.768011360821685,0,Normal,31.58
2021-03-20 01:00:00,1209,1230.73,0.0,0,Normal,0.0
2021-03-20 02:00:00,533,798.945,0.0,1,Normal,5.0
2021-03-20 03:00:00,863,812.1,6.267701022041618,0,Normal,18.38
2021-03-20 04:00:00,875,802.165,9.079802783716572,0,Normal,26.63
2021-03-20 05:00:00,1549,769.595,101.2746964312398,1,High,85.0
2021-03-20 06:00:00,725,1793.43,0.0,2,Normal,10.0
2021-03-20 07:00:00,1525,1528.69,0.0,0,Normal,0.0
2021-03-20 08:00:00,2944,2774.075,6.125465245171821,0,Normal,17.96
2021-03-20 09:00:00,3991,3653.61,9.23442841463648,0,Normal,27.08
2021-03-20 10:00:00,3990,3820.075,4.448211095331903,0,Normal,13.04
2021-03-20 11:00:00,3807,3772.295,0.9199969779669916,0,Normal,2.7
2021-03-20 12:00:00,3432,3550.98,0.0,0,Normal,0.0
2021-03-20 13:00:00,3068,3217.34,0.0,0,Normal,0.0
2021-03-20 14:00:00,3219,2870.88,12.125898679150641,0,Warning,35.56
2021-03-20 15:00:00,3123,2816.715,10.87383707616851,0,Normal,31.89
2021-03-20 16:00:00,2823,2651.565,6.465427021400568,0,Normal,18.96
2021-03-20 17:00:00,2860,2727.675,4.85120111450227,0,Normal,14.23
2021-03-20 18:00:00,3613,2965.18,21.847577550098148,0,High,64.07
2021-03-20 19:00:00,2361,3132.42,0.0,1,Normal,5.0
2021-03-20 20:00:00,2337,2051.31,13.927197741930769,0,Warning,40.84
2021-03-20 21:00:00,1864,1905.775,0.0,0,Normal,0.0
2021-03-20 22:00:00,1609,1623.69,0.0,0,Normal,0.0
2021-03-20 23:00:00,1814,1679.76,7.991617850169072,0,Normal,23.44
2021-03-21 00:00:00,1861,1645.8,13.075707862437724,0,Warning,38.34
2021-03-21 01:00:00,881,1128.27,0.0,0,Normal,0.0
2021-03-21 02:00:00,809,785.185,3.033043168170566,0,Normal,8.89
2021-03-21 03:00:00,888,884.245,0.4246560625166097,0,Normal,1.25
2021-03-21 04:00:00,795,900.015,0.0,0,Normal,0.0
2021-03-21 05:00:00,753,805.225,0.0,0,Normal,0.0
2021-03-21 06:00:00,382,624.34,0.0,1,Normal,5.0
2021-03-21 07:00:00,1478,1381.4,6.992905747792088,0,Normal,20.51
2021-03-21 08:00:00,2231,2354.36,0.0,0,Normal,0.0
2021-03-21 09:00:00,3260,3452.48,0.0,0,Normal,0.0
2021-03-21 10:00:00,4205,3693.195,13.858055152787758,0,Warning,40.64
2021-03-21 11:00:00,3582,3946.885,0.0,0,Normal,0.0
2021-03-21 12:00:00,3586,3428.435,4.595828709017382,0,Normal,13.48
2021-03-21 13:00:00,3393,3332.015,1.8302738733169006,0,Normal,5.37
2021-03-21 14:00:00,3086,3076.25,0.3169443315725315,0,Normal,0.93
2021-03-21 15:00:00,2672,2787.32,0.0,0,Normal,0.0
2021-03-21 16:00:00,2340,2480.98,0.0,0,Normal,0.0
2021-03-21 17:00:00,2764,2501.235,10.505410327298309,0,Normal,30.81
2021-03-21 18:00:00,3140,2977.865,5.444672609403053,0,Normal,15.97
2021-03-21 19:00:00,3203,2953.68,8.440995639338052,0,Normal,24.75
2021-03-21 20:00:00,3328,2717.975,22.444099007533186,1,High,70.82
2021-03-21 21:00:00,2142,2438.83,0.0,0,Normal,0.0
2021-03-21 22:00:00,1909,1691.605,12.85140443543262,0,Warning,37.69
2021-03-21 23:00:00,1578,1579.82,0.0,0,Normal,0.0
2021-03-22 00:00:00,953,1527.19,0.0,1,Normal,5.0
2021-03-22 01:00:00,974,817.845,19.09347125677848,0,Warning,55.99
2021-03-22 02:00:00,665,641.695,3.631787687296917,0,Normal,10.65
2021-03-22 03:00:00,503,652.33,0.0,1,Normal,5.0
2021-03-22 04:00:00,889,769.67,15.504047189055056,0,Warning,45.46
2021-03-22 05:00:00,1838,1559.78,17.837130877431434,0,Warning,52.31
2021-03-22 06:00:00,2265,2118.03,6.938995198368285,0,Normal,20.35
2021-03-22 07:00:00,3241,3304.42,0.0,0,Normal,0.0
2021-03-22 08:00:00,3618,3516.145,2.896780422877897,0,Normal,8.49
2021-03-22 09:00:00,3597,3376.415,6.53311278382545,0,Normal,19.16
2021-03-22 10:00:00,3242,3488.965,0.0,0,Normal,0.0
2021-03-22 11:00:00,3119,3164.175,0.0,0,Normal,0.0
2021-03-22 12:00:00,3127,3043.045,2.758914179711438,0,Normal,8.09
2021-03-22 13:00:00,2905,2991.49,0.0,0,Normal,0.0
2021-03-22 14:00:00,2812,2818.855,0.0,0,Normal,0.0
2021-03-22 15:00:00,2440,2700.615,0.0,0,Normal,0.0
2021-03-22 16:00:00,2554,2420.435,5.518222964053984,0,Normal,16.18
2021-03-22 17:00:00,2955,2696.235,9.597271751164119,0,Normal,28.14
2021-03-22 18:00:00,2975,3035.24,0.0,0,Normal,0.0
2021-03-22 19:00:00,3286,3155.205,4.145372487683053,0,Normal,12.16
2021-03-22 20:00:00,3013,3076.675,0.0,0,Normal,0.0
2021-03-22 21:00:00,2240,2180.705,2.719074794619175,0,Normal,7.97
2021-03-22 22:00:00,1978,2006.54,0.0,0,Normal,0.0
2021-03-22 23:00:00,1937,1709.525,13.30632778110878,0,Warning,39.02
2021-03-23 00:00:00,1596,1284.755,24.226019746955636,1,High,76.04
2021-03-23 01:00:00,903,1151.05,0.0,0,Normal,0.0
2021-03-23 02:00:00,552,679.35,0.0,0,Normal,0.0
2021-03-23 03:00:00,1380,692.535,99.26790703718946,1,High,85.0
2021-03-23 04:00:00,1167,925.765,26.057908864560662,2,High,86.41
2021-03-23 05:00:00,1412,1458.26,0.0,0,Normal,0.0
2021-03-23 06:00:00,1887,2318.075,0.0,0,Normal,0.0
2021-03-23 07:00:00,3213,3145.57,2.143649640605672,0,Normal,6.29
2021-03-23 08:00:00,3668,3304.995,10.983526450115662,0,Warning,32.21
2021-03-23 09:00:00,3817,3529.585,8.143025313174212,0,Normal,23.88
2021-03-23 10:00:00,3614,3589.215,0.6905409678718007,0,Normal,2.02
2021-03-23 11:00:00,3464,3267.795,6.0042016099541105,0,Normal,17.61
2021-03-23 12:00:00,3310,3334.995,0.0,0,Normal,0.0
2021-03-23 13:00:00,3223,3109.47,3.6511045290676614,0,Normal,10.71
2021-03-23 14:00:00,2855,2924.775,0.0,0,Normal,0.0
2021-03-23 15:00:00,2068,2669.305,0.0,1,Normal,5.0
2021-03-23 16:00:00,2608,2430.825,7.28867771229933,0,Normal,21.37
2021-03-23 17:00:00,2641,2775.475,0.0,0,Normal,0.0
2021-03-23 18:00:00,2930,2859.69,2.458658106298233,0,Normal,7.21
2021-03-23 19:00:00,3236,3162.91,2.3108466570341917,0,Normal,6.78
2021-03-23 20:00:00,2912,2932.275,0.0,0,Normal,0.0
2021-03-23 21:00:00,2309,2192.435,5.316691258805851,0,Normal,15.59
2021-03-23 22:00:00,2024,1879.975,7.661006130400676,0,Normal,22.47
2021-03-23 23:00:00,1619,1906.495,0.0,0,Normal,0.0
2021-03-24 00:00:00,1559,1579.505,0.0,0,Normal,0.0
2021-03-24 01:00:00,1111,1028.595,8.011413627326593,0,Normal,23.49
2021-03-24 02:00:00,832,785.805,5.878684915468857,0,Normal,17.24
2021-03-24 03:00:00,754,1024.39,0.0,1,Normal,5.0
2021-03-24 04:00:00,952,1123.96,0.0,0,Normal,0.0
2021-03-24 05:00:00,1508,1516.275,0.0,0,Normal,0.0
2021-03-24 06:00:00,2006,2215.62,0.0,0,Normal,0.0
2021-03-24 07:00:00,3344,3149.095,6.189238495504271,0,Normal,18.15
2021-03-24 08:00:00,3647,3309.335,10.203409446308697,0,Normal,29.92
2021-03-24 09:00:00,3642,3512.815,3.6775349683942924,0,Normal,10.78
2021-03-24 10:00:00,3425,3295.185,3.9395360199806704,0,Normal,11.55
2021-03-24 11:00:00,3207,3254.575,0.0,0,Normal,0.0
2021-03-24 12:00:00,3103,3064.1,1.2695408113312259,0,Normal,3.72
2021-03-24 13:00:00,3119,2974.245,4.8669494275017735,0,Normal,14.27
2021-03-24 14:00:00,3059,2843.265,7.587579771846807,0,Normal,22.25
2021-03-24 15:00:00,2413,2586.14,0.0,0,Normal,0.0
2021-03-24 16:00:00,2856,2460.14,16.090954173339735,0,Warning,47.19
2021-03-24 17:00:00,2948,2797.325,5.386395931827735,0,Normal,15.8
2021-03-24 18:00:00,3145,3041.3,3.409726103968692,0,Normal,10.0
2021-03-24 19:00:00,3301,3088.5,6.880362635583618,0,Normal,20.18
2021-03-24 20:00:00,2835,2933.56,0.0,0,Normal,0.0
2021-03-24 21:00:00,2184,2237.675,0.0,0,Normal,0.0
2021-03-24 22:00:00,2049,2048.685,0.015375716618223621,0,Normal,0.05
2021-03-24 23:00:00,1774,1712.56,3.587611528939135,0,Normal,10.52
2021-03-25 00:00:00,1267,1525.45,0.0,0,Normal,0.0
2021-03-25 01:00:00,943,1090.675,0.0,0,Normal,0.0
2021-03-25 02:00:00,715,819.065,0.0,0,Normal,0.0
2021-03-25 03:00:00,452,877.225,0.0,1,Normal,5.0
2021-03-25 04:00:00,830,909.955,0.0,0,Normal,0.0
2021-03-25 05:00:00,1551,1468.53,5.61581990153419,0,Normal,16.47
2021-03-25 06:00:00,2765,2221.22,24.48114099458857,1,High,76.79
2021-03-25 07:00:00,3199,3345.465,0.0,0,Normal,0.0
2021-03-25 08:00:00,3420,3333.71,2.5884075099513746,0,Normal,7.59
2021-03-25 09:00:00,3477,3357.68,3.5536441828881897,0,Normal,10.42
2021-03-25 10:00:00,3369,3125.47,7.791788115067501,0,Normal,22.85
2021-03-25 11:00:00,3223,3054.665,5.510751588144691,0,Normal,16.16
2021-03-25 12:00:00,3254,3040.29,7.0292636557696815,0,Normal,20.61
2021-03-25 13:00:00,3082,3096.775,0.0,0,Normal,0.0
2021-03-25 14:00:00,3053,2944.425,3.6874771814530782,0,Normal,10.81
2021-03-25 15:00:00,2870,2723.89,5.364019839273984,0,Normal,15.73
2021-03-25 16:00:00,2867,2750.4,4.239383362420008,0,Normal,12.43
2021-03-25 17:00:00,2401,2966.575,0.0,0,Normal,0.0
2021-03-25 18:00:00,3048,2868.155,6.2704072827305275,0,Normal,18.39
2021-03-25 19:00:00,3185,3146.075,1.2372559459008505,0,Normal,3.63
2021-03-25 20:00:00,2795,2828.7,0.0,0,Normal,0.0
2021-03-25 21:00:00,2114,2212.455,0.0,0,Normal,0.0
2021-03-25 22:00:00,2422,1925.46,25.78812335753534,1,High,80.62
2021-03-25 23:00:00,1625,1859.885,0.0,0,Normal,0.0
2021-03-26 00:00:00,1442,1426.805,1.0649668314871292,0,Normal,3.12
2021-03-26 01:00:00,1065,1097.38,0.0,0,Normal,0.0
2021-03-26 02:00:00,233,797.775,0.0,1,Normal,5.0
2021-03-26 03:00:00,417,575.3,0.0,2,Normal,10.0
2021-03-26 04:00:00,864,857.32,0.7791723043904201,0,Normal,2.28
2021-03-26 05:00:00,1558,1334.695,16.730788682058453,0,Warning,49.06
2021-03-26 06:00:00,2306,2490.255,0.0,0,Normal,0.0
2021-03-26 07:00:00,3815,3361.57,13.488637749622939,0,Warning,39.55
2021-03-26 08:00:00,3697,3833.945,0.0,0,Normal,0.0
2021-03-26 09:00:00,3776,3541.515,6.621036477326797,0,Normal,19.42
2021-03-26 10:00:00,3481,3598.425,0.0,0,Normal,0.0
2021-03-26 11:00:00,3298,3323.395,0.0,0,Normal,0.0
2021-03-26 12:00:00,3481,3085.31,12.824967345258663,0,Warning,37.61
2021-03-26 13:00:00,3327,3263.96,1.931396218090907,0,Normal,5.66
2021-03-26 14:00:00,3282,3064.84,7.085524856109939,0,Normal,20.78
2021-03-26 15:00:00,3232,2982.355,8.370733866357291,0,Normal,24.55
2021-03-26 16:00:00,3081,2837.995,8.562559130653865,0,Normal,25.11
2021-03-26 17:00:00,3197,2644.05,20.91299332463455,0,High,61.33
2021-03-26 18:00:00,2954,3169.12,0.0,0,Normal,0.0
2021-03-26 19:00:00,2742,3014.075,0.0,0,Normal,0.0
2021-03-26 20:00:00,2820,2535.24,11.23207270317604,0,Warning,32.94
2021-03-26 21:00:00,2302,2185.9,5.311313417814168,0,Normal,15.58
2021-03-26 22:00:00,2011,1981.09,1.5097749218864405,0,Normal,4.43
2021-03-26 23:00:00,1633,1722.605,0.0,0,Normal,0.0
2021-03-27 00:00:00,1711,1615.61,5.904271451649848,0,Normal,17.31
2021-03-27 01:00:00,1394,1150.57,21.157339405685885,0,High,62.04
2021-03-27 02:00:00,717,808.45,0.0,0,Normal,0.0
2021-03-27 03:00:00,738,624.525,18.169809054881714,0,Warning,53.28
2021-03-27 04:00:00,1068,901.535,18.464618678143392,0,Warning,54.15
2021-03-27 05:00:00,1582,1511.03,4.696796225091496,0,Normal,13.77
2021-03-27 06:00:00,880,2222.855,0.0,1,Normal,5.0
2021-03-27 07:00:00,1569,1754.965,0.0,0,Normal,0.0
2021-03-27 08:00:00,2815,2943.75,0.0,0,Normal,0.0
2021-03-27 09:00:00,3814,3745.845,1.8194826534466908,0,Normal,5.34
2021-03-27 10:00:00,3819,3951.395,0.0,0,Normal,0.0
2021-03-27 11:00:00,3739,3648.985,2.4668503707195253,0,Normal,7.23
2021-03-27 12:00:00,3697,3522.075,4.96653251279431,0,Normal,14.56
2021-03-27 13:00:00,3402,3356.515,1.3551257777784436,0,Normal,3.97
2021-03-27 14:00:00,2964,3183.475,0.0,0,Normal,0.0
2021-03-27 15:00:00,3047,2790.66,9.185640672815754,0,Normal,26.94
2021-03-27 16:00:00,2899,2857.61,1.4484131844443389,0,Normal,4.25
2021-03-27 17:00:00,3408,2961.92,15.06050129645635,0,Warning,44.16
2021-03-27 18:00:00,2534,3261.41,0.0,0,Normal,0.0
2021-03-27 19:00:00,3115,2506.755,24.26423802884605,1,High,76.15
2021-03-27 20:00:00,3070,2803.31,9.513396663230255,0,Normal,27.9
2021-03-27 21:00:00,1400,2235.49,0.0,1,Normal,5.0
2021-03-27 22:00:00,1798,1811.68,0.0,0,Normal,0.0
2021-03-27 23:00:00,1998,1697.38,17.71082491840365,0,Warning,51.94
2021-03-28 00:00:00,1953,1795.175,8.79162198671439,0,Normal,25.78
2021-03-28 01:00:00,994,1299.13,0.0,1,Normal,5.0
2021-03-28 03:00:00,833,888.37,0.0,0,Normal,0.0
2021-03-28 04:00:00,991,831.13,19.235258022210726,0,Warning,56.41
2021-03-28 05:00:00,1008,806.67,24.958161329911867,1,High,78.19
2021-03-28 06:00:00,1145,950.465,20.467350191748245,0,High,60.02
2021-03-28 07:00:00,593,1097.405,0.0,1,Normal,5.0
2021-03-28 08:00:00,1445,1411.98,2.338560036261135,0,Normal,6.86
2021-03-28 09:00:00,2981,2324.29,28.25421956812618,1,High,85.0
2021-03-28 10:00:00,3654,3522.425,3.7353527754316933,0,Normal,10.95
2021-03-28 11:00:00,3703,3668.035,0.953235179053639,0,Normal,2.8
2021-03-28 12:00:00,3714,3569.115,4.059409685594335,0,Normal,11.9
2021-03-28 13:00:00,3743,3564.665,5.002854405673466,0,Normal,14.67
2021-03-28 14:00:00,3568,3390.21,5.244217909804997,0,Normal,15.38
2021-03-28 15:00:00,2977,3227.15,0.0,0,Normal,0.0
2021-03-28 16:00:00,2654,2590.27,2.460361275079433,0,Normal,7.21
2021-03-28 17:00:00,2733,2691.17,1.554342535031229,0,Normal,4.56
2021-03-28 18:00:00,2466,2817.405,0.0,0,Normal,0.0
2021-03-28 19:00:00,3030,2590.385,16.971029402965186,0,Warning,49.77
2021-03-28 20:00:00,2880,2971.04,0.0,0,Normal,0.0
2021-03-28 21:00:00,2125,2729.305,0.0,0,Normal,0.0
2021-03-28 22:00:00,1944,1798.615,8.083163990070137,0,Normal,23.7
2021-03-28 23:00:00,1648,1867.56,0.0,0,Normal,0.0
2021-03-29 00:00:00,1554,1619.18,0.0,0,Normal,0.0
2021-03-29 01:00:00,1213,1252.02,0.0,0,Normal,0.0
2021-03-29 02:00:00,660,928.535,0.0,1,Normal,5.0
2021-03-29 03:00:00,809,670.765,20.608558884259022,0,High,60.43
2021-03-29 04:00:00,988,836.02,18.178990933231265,0,Warning,53.31
2021-03-29 05:00:00,1427,1134.11,25.825537205385736,1,High,80.73
2021-03-29 06:00:00,1669,1777.675,0.0,0,Normal,0.0
2021-03-29 07:00:00,2382,2340.69,1.7648642067082758,0,Normal,5.18
2021-03-29 08:00:00,3246,3458.325,0.0,0,Normal,0.0
2021-03-29 09:00:00,3769,3421.1,10.16924381047032,0,Normal,29.82
2021-03-29 10:00:00,4012,3610.14,11.131424266094946,0,Warning,32.64
2021-03-29 11:00:00,3771,3780.34,0.0,0,Normal,0.0
2021-03-29 12:00:00,3596,3499.745,2.750343239293152,0,Normal,8.07
2021-03-29 13:00:00,3411,3351.49,1.7756281534481746,0,Normal,5.21
2021-03-29 14:00:00,3279,3202.605,2.3854018837789854,0,Normal,7.0
2021-03-29 15:00:00,3178,3033.47,4.764510609961537,0,Normal,13.97
2021-03-29 16:00:00,2961,2823.7,4.862414562453525,0,Normal,14.26
2021-03-29 17:00:00,2915,2961.06,0.0,0,Normal,0.0
2021-03-29 18:00:00,2975,3027.97,0.0,0,Normal,0.0
2021-03-29 19:00:00,2907,3064.205,0.0,0,Normal,0.0
2021-03-29 20:00:00,3024,2829.515,6.873439441034952,0,Normal,20.16
2021-03-29 21:00:00,2625,2667.07,0.0,0,Normal,0.0
2021-03-29 22:00:00,2203,2255.71,0.0,0,Normal,0.0
2021-03-29 23:00:00,1755,1851.2,0.0,0,Normal,0.0
2021-03-30 00:00:00,1589,1564.145,1.58904705126443,0,Normal,4.66
2021-03-30 01:00:00,1282,1400.94,0.0,0,Normal,0.0
2021-03-30 02:00:00,1543,841.06,83.45896844458184,1,High,85.0
2021-03-30 03:00:00,415,1041.795,0.0,2,Normal,10.0
2021-03-30 04:00:00,954,1073.095,0.0,0,Normal,0.0
2021-03-30 05:00:00,1412,1277.87,10.496372870479792,0,Normal,30.78
2021-03-30 06:00:00,1711,1658.265,3.180131040575535,0,Normal,9.33
2021-03-30 07:00:00,2577,2384.71,8.0634542564924,0,Normal,23.65
2021-03-30 08:00:00,3445,3286.75,4.814786643340686,0,Normal,14.12
2021-03-30 09:00:00,4057,3325.395,22.0005442962415,0,High,64.52
2021-03-30 10:00:00,4212,3946.58,6.725316603236221,0,Normal,19.72
2021-03-30 11:00:00,4054,4041.47,0.31003570483017817,0,Normal,0.91
2021-03-30 12:00:00,3798,3727.28,1.8973621514884793,0,Normal,5.56
2021-03-30 13:00:00,3690,3556.19,3.762734837002521,0,Normal,11.03
2021-03-30 14:00:00,3299,3458.75,0.0,0,Normal,0.0
2021-03-30 15:00:00,2918,3104.24,0.0,0,Normal,0.0
2021-03-30 16:00:00,3043,2785.95,9.226655180459096,0,Normal,27.06
2021-03-30 17:00:00,3137,3015.31,4.035737619017615,0,Normal,11.83
2021-03-30 18:00:00,3168,3154.83,0.41745514021357966,0,Normal,1.22
2021-03-30 19:00:00,3450,3083.35,11.891287074123927,0,Warning,34.87
2021-03-30 20:00:00,3372,3210.645,5.025625692033844,0,Normal,14.74
2021-03-30 21:00:00,2697,2784.955,0.0,0,Normal,0.0
2021-03-30 22:00:00,1836,2318.495,0.0,0,Normal,0.0
2021-03-30 23:00:00,1905,1850.395,2.950991545048491,0,Normal,8.65
2021-03-31 00:00:00,1408,1552.875,0.0,0,Normal,0.0
2021-03-31 01:00:00,1290,1317.41,0.0,0,Normal,0.0
2021-03-31 02:00:00,1105,1215.245,0.0,0,Normal,0.0
2021-03-31 03:00:00,1023,722.19,41.65247372575083,1,High,85.0
2021-03-31 04:00:00,799,949.27,0.0,0,Normal,0.0
2021-03-31 05:00:00,1413,1273.815,10.926625922916589,0,Warning,32.04
2021-03-31 06:00:00,1762,1662.455,5.987831249567662,0,Normal,17.56
2021-03-31 07:00:00,2654,2623.305,1.17008887643641,0,Normal,3.43
2021-03-31 08:00:00,3443,3518.685,0.0,0,Normal,0.0
2021-03-31 09:00:00,3877,3420.55,13.34434520764204,0,Warning,39.13
2021-03-31 10:00:00,3826,3851.965,0.0,0,Normal,0.0
2021-03-31 11:00:00,3769,3635.95,3.659291244379053,0,Normal,10.73
2021-03-31 12:00:00,3460,3609.21,0.0,0,Normal,0.0
2021-03-31 13:00:00,3523,3359.7,4.860553025567764,0,Normal,14.25
2021-03-31 14:00:00,3538,3303.485,7.099018158096674,0,Normal,20.82
2021-03-31 15:00:00,3241,3309.785,0.0,0,Normal,0.0
2021-03-31 16:00:00,3347,3146.965,6.356441841583871,0,Normal,18.64
2021-03-31 17:00:00,3270,3445.015,0.0,0,Normal,0.0
2021-03-31 18:00:00,3394,3431.71,0.0,0,Normal,0.0
2021-03-31 19:00:00,3541,3339.47,6.0347899516989285,0,Normal,17.7
2021-03-31 20:00:00,3409,3496.5,0.0,0,Normal,0.0
2021-03-31 21:00:00,2860,2841.07,0.6662982608664987,0,Normal,1.95
2021-03-31 22:00:00,2213,2144.985,3.1708846448809607,0,Normal,9.3
2021-03-31 23:00:00,1887,1933.89,0.0,0,Normal,0.0
2021-04-01 00:00:00,1199,1463.765,0.0,0,Normal,0.0
2021-04-01 01:00:00,1262,1168.95,7.960135164036096,0,Normal,23.34
2021-04-01 02:00:00,584,1041.685,0.0,1,Normal,5.0
2021-04-01 03:00:00,647,882.92,0.0,2,Normal,10.0
2021-04-01 04:00:00,718,661.425,8.553501908757614,0,Normal,25.08
2021-04-01 05:00:00,1727,1230.47,40.35287329231919,1,High,85.0
2021-04-01 06:00:00,1963,1641.32,19.598859454585337,0,Warning,57.47
2021-04-01 07:00:00,2529,2775.24,0.0,0,Normal,0.0
2021-04-01 08:00:00,3428,3413.955,0.4113996816009605,0,Normal,1.21
2021-04-01 09:00:00,3687,3364.245,9.593682980876842,0,Normal,28.13
2021-04-01 10:00:00,3799,3508.205,8.288996794657098,0,Normal,24.31
2021-04-01 11:00:00,3663,3620.135,1.1840718647232709,0,Normal,3.47
2021-04-01 12:00:00,3477,3420.45,1.6532912336096182,0,Normal,4.85
2021-04-01 13:00:00,3407,3286.705,3.6600485896969785,0,Normal,10.73
2021-04-01 14:00:00,3321,3236.94,2.5968970694544833,0,Normal,7.62
2021-04-01 15:00:00,3244,3145.04,3.1465418563833856,0,Normal,9.23
2021-04-01 16:00:00,3056,3040.59,0.5068095336760251,0,Normal,1.49
2021-04-01 17:00:00,3090,3169.28,0.0,0,Normal,0.0
2021-04-01 18:00:00,3066,2995.69,2.347038578758147,0,Normal,6.88
2021-04-01 19:00:00,3181,3208.6,0.0,0,Normal,0.0
2021-04-01 20:00:00,3367,3101.185,8.571400932224297,0,Normal,25.14
2021-04-01 21:00:00,2676,2810.255,0.0,0,Normal,0.0
2021-04-01 22:00:00,2096,2267.21,0.0,0,Normal,0.0
2021-04-01 23:00:00,1748,2061.025,0.0,0,Normal,0.0
